1784395584909 2.799739360809326 0
1784395584919 0.10296392440795898 1
1784395584930 1.6581321954727173 2
1784395584939 4.714795112609863 3
1784395584962 11.320185661315918 4
1784395584972 8.908227920532227 5
1784395584982 9.832737922668457 6
1784395584994 22.119237899780273 7
1784395585004 34.22072219848633 8
1784395585013 54.19582748413086 9
1784395585025 65.0537109375 10
1784395585036 67.54590606689453 11
1784395585048 74.97757720947266 12
1784395585059 82.7631607055664 13
1784395585069 87.3841323852539 14
1784395585099 93.01219940185547 15
1784395585116 83.14435577392578 16
1784395585129 89.48685455322266 17
1784395585220 78.35096740722656 18
1784395585229 68.75830078125 19
1784395585240 58.26408386230469 20
1784395585254 58.567569732666016 21
1784395585264 44.23019027709961 22
1784395585277 36.76824951171875 23
1784395585292 34.44727325439453 24
1784395585305 22.368289947509766 25
1784395585316 17.366687774658203 26
1784395585331 14.271190643310547 27
1784395585342 8.192703247070312 28
1784395585358 4.358347415924072 29
1784395585375 5.448841571807861 30
1784395585392 7.743194103240967 31
1784395585402 7.281556129455566 32
1784395585411 4.061805725097656 33
1784395585420 1.4398810863494873 34
1784395585431 3.260100841522217 35
1784395585440 3.492743730545044 36
1784395585448 4.613829612731934 37
1784395585458 3.9828619956970215 38
1784395585467 4.2851691246032715 39
1784395585475 3.661245346069336 40
1784395585483 2.2078020572662354 41
1784395585491 2.338754892349243 42
1784395585498 3.199298143386841 43
1784395585505 3.8610830307006836 44
1784395585514 2.8112854957580566 45
1784395585524 1.7832688093185425 46
1784395585533 1.9428645372390747 47
1784395585541 1.7146601676940918 48
1784395585550 3.407205820083618 49
1784395585558 1.2720249891281128 50
1784395585566 1.5376381874084473 51
1784395585574 1.5688402652740479 52
1784395585582 1.2941116094589233 53
1784395585589 1.3082963228225708 54
1784395585598 1.8355554342269897 55
1784395585607 2.196810722351074 56
1784395585615 1.052082896232605 57
1784395585623 1.0245981216430664 58
1784395585632 0.980897068977356 59
1784395585641 0.8289735913276672 60
1784395585653 1.3654285669326782 61
1784395585663 0.6763052940368652 62
1784395585674 0.48910313844680786 63
1784395585684 0.40166881680488586 64
1784395585695 0.4646458625793457 65
1784395585706 0.3864998519420624 66
1784395585716 0.4695393443107605 67
1784395585728 0.27961158752441406 68
1784395585738 0.3424486517906189 69
1784395585750 0.46994924545288086 70
1784395585762 0.36487430334091187 71
1784395585772 0.8812737464904785 72
1784395585781 0.4625450074672699 73
1784395585791 0.253847599029541 74
1784395585800 0.23679624497890472 75
1784395585810 0.2658698260784149 76
1784395585819 0.2823571562767029 77
1784395585828 0.20699194073677063 78
1784395585837 0.22337478399276733 79
1784395585845 0.3556259572505951 80
1784395585854 0.27680230140686035 81
1784395585865 0.2612573504447937 82
1784395585875 0.34252485632896423 83
1784395585884 0.32393360137939453 84
1784395585892 0.28037622570991516 85
1784395585899 0.23405134677886963 86
1784395585908 0.2086702436208725 87
1784395585916 0.18835732340812683 88
1784395585927 0.3287363052368164 89
1784395585936 0.2667345106601715 90
1784395585945 0.24468985199928284 91
1784395585955 0.22083860635757446 92
1784395585964 0.16211223602294922 93
1784395585975 0.3058539927005768 94
1784395585984 0.36775505542755127 95
1784395585994 0.19317936897277832 96
1784395586004 0.19884265959262848 97
1784395586013 0.3552256226539612 98
1784395586026 0.2142167091369629 99
1784395586035 0.16390971839427948 100
1784395586044 0.14261095225811005 101
1784395586053 0.16063261032104492 102
1784395586063 0.13437694311141968 103
1784395586074 0.144764244556427 104
1784395586086 0.1662084311246872 105
1784395586098 0.10919159650802612 106
1784395586108 0.10613847523927689 107
1784395586121 0.21026425063610077 108
1784395586130 0.19572505354881287 109
1784395586139 0.19002576172351837 110
1784395586146 0.15016087889671326 111
1784395586154 0.14165177941322327 112
1784395586163 0.17268982529640198 113
1784395586175 0.19456636905670166 114
1784395586183 0.139673113822937 115
1784395586190 0.16803249716758728 116
1784395586198 0.15532809495925903 117
1784395586206 0.23229944705963135 118
1784395586214 0.2042553424835205 119
1784395586225 0.21372713148593903 120
1784395586232 0.15864145755767822 121
1784395586241 0.17375047504901886 122
1784395586249 0.1907062977552414 123
1784395586257 0.20759057998657227 124
1784395586266 0.2529577612876892 125
1784395586276 0.13298338651657104 126
1784395586287 0.14860646426677704 127
1784395586295 0.16873306035995483 128
1784395586303 0.07966740429401398 129
1784395586311 0.1190410852432251 130
1784395586319 0.11267045140266418 131
1784395586328 0.12878167629241943 132
1784395586338 0.19040276110172272 133
1784395586348 0.2058579921722412 134
1784395586356 0.2145782709121704 135
1784395586366 0.10118428617715836 136
1784395586374 0.13826732337474823 137
1784395586383 0.14736749231815338 138
1784395586390 0.17215272784233093 139
1784395586399 0.11787119507789612 140
1784395586407 0.12138859927654266 141
1784395586417 0.20969568192958832 142
1784395586426 0.16645696759223938 143
1784395586435 0.09053394198417664 144
1784395586443 0.14353320002555847 145
1784395586450 0.12906816601753235 146
1784395586459 0.17152991890907288 147
1784395586470 0.11041174829006195 148
1784395586479 0.08499258756637573 149
1784395586490 0.12437169998884201 150
1784395586500 0.09531087428331375 151
1784395586509 0.11661335825920105 152
1784395586517 0.15337607264518738 153
1784395586526 0.1283348947763443 154
1784395586535 0.1986842155456543 155
1784395586543 0.1771119087934494 156
1784395586551 0.0999443307518959 157
1784395586559 0.12349996715784073 158
1784395586568 0.06605253368616104 159
1784395586576 0.15364781022071838 160
1784395586585 0.09898533672094345 161
1784395586594 0.1437389999628067 162
1784395586602 0.2029576450586319 163
1784395586610 0.12028522789478302 164
1784395586617 0.14149171113967896 165
1784395586625 0.16194957494735718 166
1784395586633 0.13871337473392487 167
1784395586641 0.22957393527030945 168
1784395586650 0.11489725112915039 169
1784395586659 0.12387292832136154 170
1784395586668 0.20849484205245972 171
1784395586676 0.09963267296552658 172
1784395586685 0.17875993251800537 173
1784395586692 0.22601476311683655 174
1784395586700 0.12319562584161758 175
1784395586707 0.14287090301513672 176
1784395586715 0.2630622982978821 177
1784395586725 0.15567529201507568 178
1784395586734 0.14522160589694977 179
1784395586742 0.1373196542263031 180
1784395586751 0.06935330480337143 181
1784395586759 0.04381421208381653 182
1784395586767 0.11311644315719604 183
1784395586777 0.2049909234046936 184
1784395586791 0.24214689433574677 185
1784395586800 0.15379196405410767 186
1784395586810 0.13119667768478394 187
1784395586819 0.08923732489347458 188
1784395586830 0.10436499118804932 189
1784395586839 0.12099950015544891 190
1784395586848 0.14200736582279205 191
1784395586858 0.11177506297826767 192
1784395586871 0.10058657079935074 193
1784395586882 0.07447461783885956 194
1784395586893 0.19369655847549438 195
1784395586903 0.05485464259982109 196
1784395586911 0.16361704468727112 197
1784395586920 0.09600591659545898 198
1784395586928 0.09647174924612045 199
1784395586938 0.12196110934019089 200
1784395586948 0.15308009088039398 201
1784395586957 0.049937788397073746 202
1784395586965 0.13282015919685364 203
1784395586972 0.09702342748641968 204
1784395586979 0.24243997037410736 205
1784395586988 0.12489736080169678 206
1784395586999 0.12134439498186111 207
1784395587007 0.1633077710866928 208
1784395587014 0.1200861856341362 209
1784395587022 0.21393537521362305 210
1784395587031 0.14718645811080933 211
1784395587039 0.1610444188117981 212
1784395587049 0.22174912691116333 213
1784395587057 0.11051398515701294 214
1784395587066 0.061775244772434235 215
1784395587074 0.1404266357421875 216
1784395587081 0.106324702501297 217
1784395587089 0.14990074932575226 218
1784395587099 0.0775713250041008 219
1784395587109 0.1716756969690323 220
1784395587117 0.1508106142282486 221
1784395587126 0.12316873669624329 222
1784395587135 0.13770166039466858 223
1784395587143 0.15397506952285767 224
1784395587152 0.12487863004207611 225
1784395587161 0.12364796549081802 226
1784395587170 0.13454486429691315 227
1784395587178 0.153487890958786 228
1784395587188 0.1497851014137268 229
1784395587196 0.10391592979431152 230
1784395587204 0.09380839765071869 231
1784395587212 0.16597044467926025 232
1784395587220 0.0851372554898262 233
1784395587228 0.13254113495349884 234
1784395587238 0.154707133769989 235
1784395587247 0.12437673658132553 236
1784395587256 0.09745137393474579 237
1784395587264 0.07282330095767975 238
1784395587273 0.12702758610248566 239
1784395587283 0.08541542291641235 240
1784395587292 0.1342366635799408 241
1784395587301 0.1903846114873886 242
1784395587310 0.1319568157196045 243
1784395587319 0.12056290358304977 244
1784395587327 0.13813516497612 245
1784395587335 0.08403153717517853 246
1784395587342 0.10980857908725739 247
1784395587351 0.13236595690250397 248
1784395587358 0.16712936758995056 249
1784395587368 0.1223926693201065 250
1784395587377 0.04665982723236084 251
1784395587385 0.05895885080099106 252
1784395587395 0.14055480062961578 253
1784395587404 0.18548427522182465 254
1784395587412 0.08208030462265015 255
1784395587420 0.09925471991300583 256
1784395587429 0.1534944772720337 257
1784395587436 0.1137494370341301 258
1784395587444 0.08414285629987717 259
1784395587454 0.11512193828821182 260
1784395587462 0.1184764951467514 261
1784395587470 0.11671522259712219 262
1784395587477 0.11315939575433731 263
1784395587485 0.09512556344270706 264
1784395587492 0.09751763939857483 265
1784395587500 0.12237796187400818 266
1784395587511 0.07467217743396759 267
1784395587518 0.09839706867933273 268
1784395587527 0.2620985507965088 269
1784395587535 0.11108162999153137 270
1784395587542 0.11603742092847824 271
1784395587550 0.10229798406362534 272
1784395587560 0.13492120802402496 273
1784395587569 0.07786907255649567 274
1784395587578 0.12527517974376678 275
1784395587587 0.10128061473369598 276
1784395587595 0.10889482498168945 277
1784395587604 0.09135865420103073 278
1784395587614 0.09013985097408295 279
1784395587623 0.10107235610485077 280
1784395587631 0.12073750793933868 281
1784395587640 0.12039811909198761 282
1784395587648 0.08925578743219376 283
1784395587656 0.1531653255224228 284
1784395587664 0.11394922435283661 285
1784395587673 0.09158672392368317 286
1784395587681 0.11030785739421844 287
1784395587692 0.092807836830616 288
1784395587700 0.0892949104309082 289
1784395587708 0.08110842108726501 290
1784395587716 0.07655685395002365 291
1784395587723 0.10290799289941788 292
1784395587731 0.11541847884654999 293
1784395587741 0.1589440107345581 294
1784395587749 0.14340972900390625 295
1784395587758 0.10221569240093231 296
1784395587765 0.03984638676047325 297
1784395587773 0.15725691616535187 298
1784395587781 0.12206108868122101 299
1784395587790 0.06732913851737976 300
1784395587799 0.07575836032629013 301
1784395587808 0.10832718014717102 302
1784395587815 0.0803721472620964 303
1784395587822 0.030640944838523865 304
1784395587830 0.17501579225063324 305
1784395587838 0.11180874705314636 306
1784395587845 0.11791365593671799 307
1784395587855 0.10860283672809601 308
1784395587864 0.10039742290973663 309
1784395587873 0.11535671353340149 310
1784395587880 0.1097894012928009 311
1784395587887 0.10438158363103867 312
1784395587895 0.12619538605213165 313
1784395587903 0.1397465318441391 314
1784395587911 0.12094930559396744 315
1784395587920 0.08504104614257812 316
1784395587929 0.1267952024936676 317
1784395587936 0.11693800985813141 318
1784395587945 0.09107622504234314 319
1784395587955 0.09768625348806381 320
1784395587963 0.08318836241960526 321
1784395587973 0.10654981434345245 322
1784395587982 0.09837079048156738 323
1784395587991 0.11932174861431122 324
1784395588000 0.13350513577461243 325
1784395588009 0.13538561761379242 326
1784395588018 0.1424037218093872 327
1784395588026 0.10193245112895966 328
1784395588034 0.05010699853301048 329
1784395588042 0.1263505071401596 330
1784395588051 0.1509893536567688 331
1784395588060 0.10721386969089508 332
1784395588071 0.09294094890356064 333
1784395588081 0.10902135819196701 334
1784395588090 0.07756540179252625 335
1784395588100 0.10825474560260773 336
1784395588109 0.09552241116762161 337
1784395588119 0.06445769220590591 338
1784395588129 0.19113394618034363 339
1784395588143 0.1892431378364563 340
1784395588155 0.13777728378772736 341
1784395588167 0.09327932447195053 342
1784395588180 0.159340500831604 343
1784395588191 0.12683594226837158 344
1784395588200 0.13455241918563843 345
1784395588209 0.15824751555919647 346
1784395588219 0.12093071639537811 347
1784395588230 0.21111184358596802 348
1784395588239 0.09758160263299942 349
1784395588249 0.05176045373082161 350
1784395588259 0.10708919167518616 351
1784395588268 0.15381565690040588 352
1784395588277 0.07984855771064758 353
1784395588286 0.05609886348247528 354
1784395588294 0.09022260457277298 355
1784395588303 0.06305805593729019 356
1784395588311 0.12904155254364014 357
1784395588318 0.16705743968486786 358
1784395588327 0.11510130017995834 359
1784395588336 0.15026269853115082 360
1784395588344 0.06817702203989029 361
1784395588353 0.08255964517593384 362
1784395588361 0.057471536099910736 363
1784395588370 0.07097022980451584 364
1784395588379 0.08639231324195862 365
1784395588387 0.03651563078165054 366
1784395588397 0.09142187982797623 367
1784395588405 0.07970265299081802 368
1784395588415 0.04498988389968872 369
1784395588425 0.1291496753692627 370
1784395588434 0.11151820421218872 371
1784395588444 0.11905134469270706 372
1784395588453 0.10457239300012589 373
1784395588463 0.11174149811267853 374
1784395588471 0.20587757229804993 375
1784395588481 0.12480952590703964 376
1784395588490 0.08096031844615936 377
1784395588499 0.11242660880088806 378
1784395588509 0.09635337442159653 379
1784395588518 0.17579706013202667 380
1784395588528 0.1725146323442459 381
1784395588538 0.18507835268974304 382
1784395588547 0.12311422824859619 383
1784395588555 0.16020676493644714 384
1784395588565 0.16247093677520752 385
1784395588573 0.12678375840187073 386
1784395588582 0.12124618887901306 387
1784395588592 0.054528385400772095 388
1784395588600 0.10832135379314423 389
1784395588608 0.125356987118721 390
1784395588615 0.15363776683807373 391
1784395588622 0.09769634157419205 392
1784395588631 0.11974067986011505 393
1784395588642 0.23140273988246918 394
1784395588651 0.11049600690603256 395
1784395588660 0.12120458483695984 396
1784395588670 0.09870404750108719 397
1784395588678 0.11871933937072754 398
1784395588687 0.10414396971464157 399
1784395588696 0.09608885645866394 400
1784395588704 0.07996513694524765 401
1784395588712 0.09608163684606552 402
1784395588721 0.07775241136550903 403
1784395588730 0.1502399742603302 404
1784395588739 0.09934157133102417 405
1784395588748 0.07459384202957153 406
1784395588758 0.10879825800657272 407
1784395588767 0.056514889001846313 408
1784395588776 0.12056051194667816 409
1784395588784 0.10305808484554291 410
1784395588792 0.14439527690410614 411
1784395588800 0.1343439221382141 412
1784395588807 0.086140938103199 413
1784395588815 0.18419413268566132 414
1784395588822 0.08707902580499649 415
1784395588832 0.10266782343387604 416
1784395588841 0.13085000216960907 417
1784395588850 0.09129901230335236 418
1784395588858 0.16076041758060455 419
1784395588867 0.10121000558137894 420
1784395588875 0.09152363240718842 421
1784395588886 0.13760855793952942 422
1784395588894 0.10511630773544312 423
1784395588903 0.0902307778596878 424
1784395588912 0.13299371302127838 425
1784395588919 0.10284455865621567 426
1784395588929 0.09818004816770554 427
1784395588939 0.10571887344121933 428
1784395588948 0.18069246411323547 429
1784395588955 0.15867403149604797 430
1784395588963 0.14646904170513153 431
1784395588971 0.12823165953159332 432
1784395588980 0.11775858700275421 433
1784395588991 0.16026189923286438 434
1784395588998 0.24760587513446808 435
1784395589006 0.0842108428478241 436
1784395589014 0.08175984770059586 437
1784395589022 0.031057195737957954 438
1784395589029 0.11565069854259491 439
1784395589039 0.19394811987876892 440
1784395589048 0.11332330107688904 441
1784395589059 0.165724515914917 442
1784395589069 0.11215074360370636 443
1784395589080 0.09534192830324173 444
1784395589089 0.09100081771612167 445
1784395589099 0.09792597591876984 446
1784395589107 0.20448839664459229 447
1784395589116 0.10442505031824112 448
1784395589124 0.1190655305981636 449
1784395589133 0.07246708869934082 450
1784395589142 0.13237294554710388 451
1784395589150 0.11547747254371643 452
1784395589159 0.13542389869689941 453
1784395589169 0.06960967928171158 454
1784395589178 0.1424090564250946 455
1784395589186 0.09895003587007523 456
1784395589196 0.0657239481806755 457
1784395589204 0.096736378967762 458
1784395589213 0.1151219978928566 459
1784395589222 0.12370955944061279 460
1784395589231 0.08142200112342834 461
1784395589241 0.10950259864330292 462
1784395589251 0.13717244565486908 463
1784395589258 0.11027321219444275 464
1784395589267 0.06466905027627945 465
1784395589275 0.10663095861673355 466
1784395589283 0.11219792068004608 467
1784395589290 0.06184842064976692 468
1784395589300 0.07192873954772949 469
1784395589309 0.07702388614416122 470
1784395589317 0.05097038298845291 471
1784395589324 0.08075090497732162 472
1784395589332 0.07587741315364838 473
1784395589339 0.07860228419303894 474
1784395589349 0.09458160400390625 475
1784395589359 0.055327776819467545 476
1784395589367 0.08195449411869049 477
1784395589375 0.068180151283741 478
1784395589383 0.08649405837059021 479
1784395589391 0.12550166249275208 480
1784395589398 0.09860344976186752 481
1784395589408 0.08524924516677856 482
1784395589417 0.0581020712852478 483
1784395589425 0.08130897581577301 484
1784395589434 0.07520672678947449 485
1784395589442 0.09827186912298203 486
1784395589451 0.04893012344837189 487
1784395589462 0.05273835361003876 488
1784395589472 0.08643689751625061 489
1784395589480 0.11185917258262634 490
1784395589490 0.055405229330062866 491
1784395589500 0.06263202428817749 492
1784395589509 0.047835223376750946 493
1784395589518 0.08750751614570618 494
1784395589527 0.08441974222660065 495
1784395589536 0.04997224360704422 496
1784395589545 0.06249166652560234 497
1784395589555 0.05240553990006447 498
1784395589563 0.04296790808439255 499
1784395589571 0.1231548935174942 500
1784395589579 0.0830199122428894 501
1784395589587 0.08486711978912354 502
1784395589596 0.06385782361030579 503
1784395589607 0.05187023803591728 504
1784395589616 0.06302645802497864 505
1784395589624 0.07856366038322449 506
1784395589632 0.07623347640037537 507
1784395589640 0.07159531116485596 508
1784395589648 0.07793968915939331 509
1784395589657 0.09084870666265488 510
1784395589667 0.1109585389494896 511
1784395589676 0.0530058927834034 512
1784395589683 0.07994429022073746 513
1784395589691 0.05820678547024727 514
1784395589699 0.11052554100751877 515
1784395589707 0.11657676100730896 516
1784395589718 0.10711649060249329 517
1784395589726 0.09832757711410522 518
1784395589736 0.08468882739543915 519
1784395589744 0.09734401106834412 520
1784395589753 0.10039173066616058 521
1784395589762 0.1106167882680893 522
1784395589771 0.09686274081468582 523
1784395589782 0.12084353715181351 524
1784395589791 0.10795939713716507 525
1784395589798 0.08213087916374207 526
1784395589806 0.07689336687326431 527
1784395589813 0.07606080919504166 528
1784395589822 0.0768585056066513 529
1784395589830 0.07239722460508347 530
1784395589840 0.11920279264450073 531
1784395589847 0.05288100987672806 532
1784395589855 0.06834886968135834 533
1784395589864 0.0909523218870163 534
1784395589873 0.06437169760465622 535
1784395589881 0.13306650519371033 536
1784395589891 0.13962797820568085 537
1784395589899 0.1224440187215805 538
1784395589907 0.09570983052253723 539
1784395589914 0.05233744531869888 540
1784395589923 0.09162227809429169 541
1784395589931 0.1919635385274887 542
1784395589940 0.07829972356557846 543
1784395589949 0.11070173978805542 544
1784395589958 0.07162049412727356 545
1784395589967 0.049391668289899826 546
1784395589976 0.09029556810855865 547
1784395589985 0.08516521751880646 548
1784395589993 0.06263991445302963 549
1784395590001 0.036675408482551575 550
1784395590010 0.0753866657614708 551
1784395590017 0.05686481297016144 552
1784395590027 0.0801820456981659 553
1784395590037 0.047460831701755524 554
1784395590051 0.08671684563159943 555
1784395590060 0.07539060711860657 556
1784395590070 0.07970169931650162 557
1784395590078 0.1020415797829628 558
1784395590089 0.07985736429691315 559
1784395590099 0.06218262016773224 560
1784395590109 0.07718396186828613 561
1784395590118 0.033106233924627304 562
1784395590128 0.09056349843740463 563
1784395590137 0.07286953926086426 564
1784395590145 0.06043596938252449 565
1784395590153 0.058769892901182175 566
1784395590161 0.04303378984332085 567
1784395590168 0.058564454317092896 568
1784395590177 0.039122000336647034 569
1784395590189 0.05058175325393677 570
1784395590200 0.055019211024045944 571
1784395590210 0.028319919481873512 572
1784395590221 0.05589728802442551 573
1784395590230 0.022433407604694366 574
1784395590240 0.053634271025657654 575
1784395590248 0.043443284928798676 576
1784395590258 0.033102698624134064 577
1784395590267 0.10675168037414551 578
1784395590277 0.046603910624980927 579
1784395590287 0.035410359501838684 580
1784395590295 0.06926479935646057 581
1784395590304 0.027023151516914368 582
1784395590313 0.058534905314445496 583
1784395590322 0.087065190076828 584
1784395590330 0.06638763844966888 585
1784395590338 0.08176048845052719 586
1784395590346 0.05184992402791977 587
1784395590355 0.040682777762413025 588
1784395590363 0.035394441336393356 589
1784395590373 0.08420606702566147 590
1784395590380 0.0224323570728302 591
1784395590390 0.045245569199323654 592
1784395590399 0.038231261074543 593
1784395590408 0.038394734263420105 594
1784395590417 0.07017374038696289 595
1784395590426 0.047030702233314514 596
1784395590434 0.1123594343662262 597
1784395590441 0.061984822154045105 598
1784395590449 0.05653815716505051 599
1784395590457 0.10710054636001587 600
1784395590465 0.04693739488720894 601
1784395590475 0.020854387432336807 602
1784395590485 0.030424658209085464 603
1784395590495 0.04264429211616516 604
1784395590503 0.06600306183099747 605
1784395590512 0.063847616314888 606
1784395590521 0.05087932199239731 607
1784395590530 0.0502450205385685 608
1784395590539 0.023857001215219498 609
1784395590549 0.0714896097779274 610
1784395590559 0.07989910989999771 611
1784395590569 0.04871922358870506 612
1784395590578 0.10747889429330826 613
1784395590586 0.04725164175033569 614
1784395590594 0.08452415466308594 615
1784395590603 0.04974475875496864 616
1784395590611 0.04951546713709831 617
1784395590621 0.0954771414399147 618
1784395590632 0.05899323150515556 619
1784395590641 0.012928850017488003 620
1784395590652 0.035621121525764465 621
1784395590660 0.04649106040596962 622
1784395590669 0.1168772354722023 623
1784395590678 0.10971828550100327 624
1784395590688 0.07054232060909271 625
1784395590697 0.06576509028673172 626
1784395590706 0.05803098529577255 627
1784395590714 0.05179309844970703 628
1784395590724 0.053767383098602295 629
1784395590731 0.0839138776063919 630
1784395590739 0.17788268625736237 631
1784395590746 0.04782985895872116 632
1784395590754 0.049388594925403595 633
1784395590763 0.10613958537578583 634
1784395590774 0.12152643501758575 635
1784395590781 0.08245924860239029 636
1784395590789 0.04314054548740387 637
1784395590796 0.02747080661356449 638
1784395590804 0.09963756054639816 639
1784395590811 0.07171189785003662 640
1784395590821 0.07572512328624725 641
1784395590831 0.03984149917960167 642
1784395590840 0.08066850900650024 643
1784395590847 0.08800158649682999 644
1784395590855 0.04720171168446541 645
1784395590863 0.05603804439306259 646
1784395590871 0.07675720751285553 647
1784395590880 0.042718179523944855 648
1784395590889 0.11497154831886292 649
1784395590897 0.053701598197221756 650
1784395590904 0.10743382573127747 651
1784395590913 0.07980674505233765 652
1784395590920 0.10940007865428925 653
1784395590929 0.08778548985719681 654
1784395590939 0.030948344618082047 655
1784395590948 0.07937149703502655 656
1784395590956 0.07383037358522415 657
1784395590964 0.1578105241060257 658
1784395590971 0.09064486622810364 659
1784395590979 0.1311783641576767 660
1784395590989 0.07850136607885361 661
1784395590999 0.17379158735275269 662
1784395591008 0.11032715439796448 663
1784395591018 0.1375020444393158 664
1784395591028 0.21295088529586792 665
1784395591036 0.08031313121318817 666
1784395591044 0.11015608161687851 667
1784395591052 0.208351731300354 668
1784395591060 0.32081079483032227 669
1784395591067 0.13645869493484497 670
1784395591077 0.1569647490978241 671
1784395591087 0.35637274384498596 672
1784395591095 0.09148586541414261 673
1784395591103 0.3374786972999573 674
1784395591111 0.27436983585357666 675
1784395591119 0.4306682050228119 676
1784395591126 0.2763073444366455 677
1784395591137 0.21240773797035217 678
1784395591145 0.3918701112270355 679
1784395591153 0.5475113987922668 680
1784395591160 0.5832829475402832 681
1784395591168 0.6316940188407898 682
1784395591175 0.2604594826698303 683
1784395591184 0.7697053551673889 684
1784395591196 0.33166295289993286 685
1784395591205 0.4699106216430664 686
1784395591212 1.0466865301132202 687
1784395591220 0.7513105273246765 688
1784395591228 0.43405279517173767 689
1784395591235 0.8276923298835754 690
1784395591246 0.593417227268219 691
1784395591256 0.3507594168186188 692
1784395591267 0.9646655321121216 693
1784395591275 0.8108065128326416 694
1784395591283 0.7694627046585083 695
1784395591291 0.8680039048194885 696
1784395591299 0.8503870964050293 697
1784395591307 0.8095192909240723 698
1784395591318 0.8945897817611694 699
1784395591326 0.7288169860839844 700
1784395591334 0.7423396706581116 701
1784395591343 1.0097293853759766 702
1784395591351 1.1992051601409912 703
1784395591360 0.8823406100273132 704
1784395591369 1.3336577415466309 705
1784395591377 1.315744161605835 706
1784395591385 0.7333996891975403 707
1784395591393 2.109999656677246 708
1784395591400 1.0981206893920898 709
1784395591409 1.425536036491394 710
1784395591419 0.8049405217170715 711
1784395591427 1.1529507637023926 712
1784395591435 0.6629018783569336 713
1784395591442 0.6875616312026978 714
1784395591451 0.7536087036132812 715
1784395591460 0.7331169843673706 716
1784395591469 0.9135919809341431 717
1784395591478 0.5664575695991516 718
1784395591486 0.7392498254776001 719
1784395591495 0.895289957523346 720
1784395591503 0.47855472564697266 721
1784395591512 0.9319016337394714 722
1784395591522 0.6994439363479614 723
1784395591531 0.4935099184513092 724
1784395591539 0.9619536399841309 725
1784395591549 0.35330405831336975 726
1784395591556 0.3721211552619934 727
1784395591565 0.4373484253883362 728
1784395591575 0.2105574905872345 729
1784395591584 0.21243450045585632 730
1784395591594 0.32549840211868286 731
1784395591603 0.2521841824054718 732
1784395591612 0.3495247960090637 733
1784395591621 0.19814863801002502 734
1784395591629 0.28283482789993286 735
1784395591636 0.2440921664237976 736
1784395591644 0.3112577199935913 737
1784395591652 0.15799856185913086 738
1784395591663 0.35494837164878845 739
1784395591671 0.1106855645775795 740
1784395591679 0.24099504947662354 741
1784395591687 0.1885451227426529 742
1784395591695 0.12341044843196869 743
1784395591705 0.13899004459381104 744
1784395591714 0.14003068208694458 745
1784395591723 0.18708449602127075 746
1784395591732 0.134512796998024 747
1784395591740 0.17034289240837097 748
1784395591749 0.19259706139564514 749
1784395591756 0.14083214104175568 750
1784395591764 0.14460882544517517 751
1784395591773 0.16917189955711365 752
1784395591785 0.10053008794784546 753
1784395591793 0.18650607764720917 754
1784395591801 0.2279282510280609 755
1784395591810 0.11300881206989288 756
1784395591819 0.17117762565612793 757
1784395591828 0.13576990365982056 758
1784395591837 0.10580907016992569 759
1784395591846 0.11148305237293243 760
1784395591854 0.10336440801620483 761
1784395591863 0.07088714838027954 762
1784395591872 0.10921799391508102 763
1784395591880 0.0805339515209198 764
1784395591888 0.08955446630716324 765
1784395591896 0.07542785257101059 766
1784395591904 0.13341185450553894 767
1784395591912 0.09820061922073364 768
1784395591921 0.06094447150826454 769
1784395591931 0.14271317422389984 770
1784395591939 0.09316199272871017 771
1784395591949 0.15846678614616394 772
1784395591958 0.12256234884262085 773
1784395591968 0.09101270139217377 774
1784395591976 0.22366972267627716 775
1784395591986 0.11363328993320465 776
1784395591995 0.06500893086194992 777
1784395592004 0.05641411617398262 778
1784395592013 0.06015053763985634 779
1784395592023 0.1244572326540947 780
1784395592031 0.06954482942819595 781
1784395592038 0.07744607329368591 782
1784395592046 0.054008617997169495 783
1784395592054 0.07063232362270355 784
1784395592062 0.10953462868928909 785
1784395592071 0.089756079018116 786
1784395592080 0.07860973477363586 787
1784395592089 0.04755594581365585 788
1784395592098 0.08169229328632355 789
1784395592106 0.06896332651376724 790
1784395592115 0.05016205459833145 791
1784395592124 0.036431632936000824 792
1784395592134 0.15527302026748657 793
1784395592142 0.15692907571792603 794
1784395592151 0.030107080936431885 795
1784395592160 0.05611332878470421 796
1784395592168 0.04807233437895775 797
1784395592176 0.08522256463766098 798
1784395592184 0.074144646525383 799
1784395592193 0.13184979557991028 800
1784395592201 0.08409561216831207 801
1784395592211 0.11844107508659363 802
1784395592219 0.11012908816337585 803
1784395592228 0.13867956399917603 804
1784395592236 0.08469419926404953 805
1784395592245 0.0661887601017952 806
1784395592252 0.06671901047229767 807
1784395592262 0.12312602996826172 808
1784395592272 0.06989046931266785 809
1784395592280 0.07878708839416504 810
1784395592290 0.061454545706510544 811
1784395592299 0.1270221471786499 812
1784395592308 0.046796925365924835 813
1784395592316 0.07967439293861389 814
1784395592326 0.14103761315345764 815
1784395592336 0.09766903519630432 816
1784395592345 0.06137470901012421 817
1784395592354 0.10101309418678284 818
1784395592363 0.0714762806892395 819
1784395592372 0.19140028953552246 820
1784395592382 0.07274661958217621 821
1784395592391 0.0729338675737381 822
1784395592400 0.05813603848218918 823
1784395592409 0.0753011703491211 824
1784395592418 0.16084985435009003 825
1784395592427 0.04920407384634018 826
1784395592435 0.10089647769927979 827
1784395592445 0.10478916764259338 828
1784395592453 0.05912243574857712 829
1784395592461 0.07428445667028427 830
1784395592469 0.12862229347229004 831
1784395592477 0.1495111882686615 832
1784395592485 0.06540881097316742 833
1784395592495 0.07506804913282394 834
1784395592505 0.085093654692173 835
1784395592514 0.09503333270549774 836
1784395592524 0.1565670669078827 837
1784395592533 0.11022157222032547 838
1784395592541 0.243036687374115 839
1784395592549 0.18935000896453857 840
1784395592558 0.11223858594894409 841
1784395592568 0.16938017308712006 842
1784395592578 0.19627663493156433 843
1784395592588 0.11735210567712784 844
1784395592596 0.13198868930339813 845
1784395592605 0.25482624769210815 846
1784395592614 0.3297223150730133 847
1784395592624 0.2264878749847412 848
1784395592634 0.2906544506549835 849
1784395592643 0.19575056433677673 850
1784395592652 0.26575741171836853 851
1784395592661 0.25668609142303467 852
1784395592670 0.3416711688041687 853
1784395592679 0.443526029586792 854
1784395592687 0.3847605586051941 855
1784395592696 0.5793681144714355 856
1784395592705 0.5176434516906738 857
1784395592714 0.6447473764419556 858
1784395592721 0.6575042605400085 859
1784395592729 1.1959755420684814 860
1784395592737 0.7504642009735107 861
1784395592745 1.1896979808807373 862
1784395592752 1.2181673049926758 863
1784395592762 0.973621129989624 864
1784395592772 0.9333188533782959 865
1784395592781 0.9986804127693176 866
1784395592789 1.106238842010498 867
1784395592800 0.8549013137817383 868
1784395592807 0.8995323777198792 869
1784395592815 0.8038418292999268 870
1784395592823 0.6359899640083313 871
1784395592830 0.6643408536911011 872
1784395592846 0.4743264317512512 873
1784395592856 0.4111839532852173 874
1784395592864 0.5734646320343018 875
1784395592872 0.4128754436969757 876
1784395592880 0.3072036802768707 877
1784395592888 0.29635149240493774 878
1784395592896 0.23602721095085144 879
1784395592907 0.2515454888343811 880
1784395592915 0.22376364469528198 881
1784395592922 0.1399887502193451 882
1784395592929 0.17235033214092255 883
1784395592938 0.20343774557113647 884
1784395592947 0.15193384885787964 885
1784395592958 0.150781512260437 886
1784395592965 0.09100142121315002 887
1784395592974 0.03824983537197113 888
1784395592983 0.07883039116859436 889
1784395592992 0.09326796978712082 890
1784395593001 0.10195555537939072 891
1784395593011 0.03451130911707878 892
1784395593021 0.02883351407945156 893
1784395593033 0.04458483308553696 894
1784395593042 0.09670920670032501 895
1784395593049 0.05900008603930473 896
1784395593057 0.029730917885899544 897
1784395593065 0.03728886693716049 898
1784395593073 0.016907885670661926 899
1784395593080 0.020876722410321236 900
1784395593089 0.020304687321186066 901
1784395593100 0.010953426361083984 902
1784395593110 0.006447167135775089 903
1784395593120 0.019124144688248634 904
1784395593129 0.013673276640474796 905
1784395593138 0.009696248918771744 906
1784395593147 0.0071482351049780846 907
1784395593157 0.006740145850926638 908
1784395593165 0.015554199926555157 909
1784395593174 0.028351474553346634 910
1784395593182 0.013324925675988197 911
1784395593192 0.004695272538810968 912
1784395593200 0.006314566358923912 913
1784395593208 0.011032228358089924 914
1784395593217 0.006963264662772417 915
1784395593225 0.00996773224323988 916
1784395593234 0.009136136621236801 917
1784395593245 0.041170403361320496 918
1784395593253 0.013374699279665947 919
1784395593262 0.013531552627682686 920
1784395593270 0.005056560505181551 921
1784395593278 0.004638412036001682 922
1784395593285 0.00845812913030386 923
1784395593296 0.0032711573876440525 924
1784395593303 0.006411482580006123 925
1784395593311 0.007120032794773579 926
1784395593319 0.006942374166101217 927
1784395593326 0.005715963896363974 928
1784395593334 0.005122287664562464 929
1784395593343 0.00455471221357584 930
1784395593352 0.0027525376062840223 931
1784395593360 0.003479746636003256 932
1784395593367 0.0026780576445162296 933
1784395593375 0.0077591547742486 934
1784395593383 0.0033789831213653088 935
1784395593392 0.003939485177397728 936
1784395593766 0.007289850618690252 937
1784395593776 0.005031254142522812 938
1784395593787 0.005194626282900572 939
1784395593797 0.0019857268780469894 940
1784395593806 0.0036553761456161737 941
1784395593817 0.004856341518461704 942
1784395593826 0.01975438930094242 943
1784395593835 0.004120838828384876 944
1784395593845 0.004833542741835117 945
1784395593854 0.004292032681405544 946
1784395593862 0.0036808447912335396 947
1784395593872 0.0018359293462708592 948
1784395593880 0.005270692519843578 949
1784395593888 0.004277532454580069 950
1784395593898 0.003716738661751151 951
1784395593906 0.005058896262198687 952
1784395593913 0.008366142399609089 953
1784395593923 0.0016256339149549603 954
1784395593930 0.002429194515570998 955
1784395593939 0.002989379921928048 956
1784395593948 0.002023321343585849 957
1784395593956 0.0032026038970798254 958
1784395593965 0.0013993511674925685 959
1784395593975 0.004050245974212885 960
1784395593983 0.003320157527923584 961
1784395593994 0.005402002017945051 962
1784395594001 0.006308553274720907 963
1784395594008 0.0052643450908362865 964
1784395594017 0.005071653518825769 965
1784395594027 0.007944909855723381 966
1784395594036 0.002197619993239641 967
1784395594044 0.0021515574771910906 968
1784395594053 0.0022001382894814014 969
1784395594062 0.003089888021349907 970
1784395594071 0.003181052627041936 971
1784395594080 0.0014992469223216176 972
1784395594087 0.002519261557608843 973
1784395594096 0.0030211498960852623 974
1784395594104 0.004592183977365494 975
1784395594111 0.004409641493111849 976
1784395594120 0.0028483388014137745 977
1784395594131 0.0038722874596714973 978
1784395594140 0.004123249091207981 979
1784395594149 0.0012029714416712523 980
1784395594157 0.0021157485898584127 981
1784395594165 0.0068379552103579044 982
1784395594175 0.0021436100360006094 983
1784395594184 0.0035340837202966213 984
1784395594193 0.0009852738585323095 985
1784395594201 0.014714566059410572 986
1784395594211 0.000999861629679799 987
1784395594219 0.004810553975403309 988
1784395594229 0.0010329034412279725 989
1784395594240 0.009677606634795666 990
1784395594250 0.008086598478257656 991
1784395594260 0.0012726926943287253 992
1784395594269 0.007553523406386375 993
1784395594278 0.0011520478874444962 994
1784395594286 0.0034048794768750668 995
1784395594294 0.003259978024289012 996
1784395594302 0.0029022388625890017 997
1784395594310 0.004066905472427607 998
1784395594320 0.00367445289157331 999
1784395594328 0.0019149422878399491 1000
1784395594337 0.003206047462299466 1001
1784395594346 0.0008190434891730547 1002
1784395594353 0.0020008909050375223 1003
1784395594361 0.0017448080470785499 1004
1784395594371 0.004046367481350899 1005
1784395594379 0.0009214761084876955 1006
1784395594387 0.003456953912973404 1007
1784395594396 0.0017210380174219608 1008
1784395594404 0.0010495050810277462 1009
1784395594412 0.0010162382386624813 1010
1784395594422 0.007944717071950436 1011
1784395594432 0.0043710642494261265 1012
1784395594441 0.0007937555783428252 1013
1784395594450 0.0017550979973748326 1014
1784395594459 0.0017141310963779688 1015
1784395594468 0.001806770102120936 1016
1784395594476 0.010158282704651356 1017
1784395594485 0.0037265997380018234 1018
1784395594494 0.03244234621524811 1019
1784395594504 0.001287977327592671 1020
1784395594513 0.0032559630926698446 1021
1784395594521 0.006245140917599201 1022
1784395594529 0.0020056969951838255 1023
1784395594538 0.0018980351742357016 1024
1784395594547 0.0025406507775187492 1025
1784395594555 0.004506500903517008 1026
1784395594563 0.0015844115987420082 1027
1784395594573 0.0037282321136444807 1028
1784395594581 0.004861888941377401 1029
1784395594589 0.0029108270537108183 1030
1784395594596 0.0014713136479258537 1031
1784395594604 0.003162840846925974 1032
1784395594612 0.0011414381442591548 1033
1784395594622 0.0030386645812541246 1034
1784395594631 0.0015790191246196628 1035
1784395594640 0.0009596911258995533 1036
1784395594649 0.004077815916389227 1037
1784395594657 0.0015697205672040582 1038
1784395594666 0.0018218556651845574 1039
1784395594676 0.003422968089580536 1040
1784395594685 0.0012594518484547734 1041
1784395594694 0.0036912548821419477 1042
1784395594703 0.004376578144729137 1043
1784395594712 0.0022584758698940277 1044
1784395594721 0.0007149410084821284 1045
1784395594730 0.014419576153159142 1046
1784395594738 0.0012906388146802783 1047
1784395594746 0.007425636984407902 1048
1784395594753 0.0016763079911470413 1049
1784395594762 0.00224218238145113 1050
1784395594770 0.002070821588858962 1051
1784395594779 0.0013112209271639585 1052
1784395594789 0.0020774214062839746 1053
1784395594798 0.0016938499175012112 1054
1784395594807 0.0013990059960633516 1055
1784395594816 0.0018634605221450329 1056
1784395594825 0.0021068949718028307 1057
1784395594834 0.003331713378429413 1058
1784395594843 0.005608869716525078 1059
1784395594852 0.0019397139549255371 1060
1784395594860 0.0007297064876183867 1061
1784395594869 0.0014107517199590802 1062
1784395594879 0.002511876868084073 1063
1784395594892 0.008274585008621216 1064
1784395594905 0.0018602719064801931 1065
1784395594916 0.0009320271201431751 1066
1784395594926 0.00162219547200948 1067
1784395594935 0.0027053668163716793 1068
1784395594945 0.0011149533092975616 1069
1784395594955 0.0011911558685824275 1070
1784395594963 0.0015538622392341495 1071
1784395594972 0.00176162866409868 1072
1784395594981 0.002818707376718521 1073
1784395594989 0.0033376587089151144 1074
1784395594999 0.0011032538022845984 1075
1784395595009 0.0009957505390048027 1076
1784395595019 0.0033852241467684507 1077
1784395595026 0.0007880995981395245 1078
1784395595034 0.0016584784025326371 1079
1784395595042 0.004175713285803795 1080
1784395595050 0.0008585283067077398 1081
1784395595058 0.0019977507181465626 1082
1784395595068 0.0009772863704711199 1083
1784395595076 0.001739300787448883 1084
1784395595084 0.0058258045464754105 1085
1784395595092 0.0011726731900125742 1086
1784395595100 0.00351311475969851 1087
1784395595110 0.0006798933609388769 1088
1784395595121 0.0023909807205200195 1089
1784395595128 0.0034911176189780235 1090
1784395595136 0.0036683757789433002 1091
1784395595144 0.0047605885192751884 1092
1784395595151 0.002771266270428896 1093
1784395595160 0.004877307917922735 1094
1784395595169 0.0022004926577210426 1095
1784395595177 0.003941783215850592 1096
1784395595186 0.0005010271561332047 1097
1784395595194 0.004564231261610985 1098
1784395595204 0.002971615642309189 1099
1784395595213 0.007168103940784931 1100
1784395595222 0.0032668111380189657 1101
1784395595230 0.0013435290893539786 1102
1784395595240 0.0008552752551622689 1103
1784395595248 0.0013315200340002775 1104
1784395595256 0.003859349060803652 1105
1784395595263 0.0012883880408480763 1106
1784395595271 0.0023963041603565216 1107
1784395595279 0.0009623714722692966 1108
1784395595288 0.0008914652280509472 1109
1784395595297 0.0025670158211141825 1110
1784395595306 0.0013027737149968743 1111
1784395595315 0.005027624778449535 1112
1784395595323 0.0013831492979079485 1113
1784395595330 0.0031442365143448114 1114
1784395595338 0.003458719700574875 1115
1784395595347 0.0004647277237381786 1116
1784395595363 0.0012423141160979867 1117
1784395595373 0.0005680312751792371 1118
1784395595383 0.02574380487203598 1119
1784395595392 0.0005880283424630761 1120
1784395595402 0.013909808360040188 1121
1784395595411 0.0008956821984611452 1122
1784395595420 0.002320910105481744 1123
1784395595428 0.0006047533825039864 1124
1784395595438 0.0006722626276314259 1125
1784395595447 0.0011342032812535763 1126
1784395595455 0.0021129378583282232 1127
1784395595464 0.003233633004128933 1128
1784395595473 0.0016734976088628173 1129
1784395595481 0.0011995197273790836 1130
1784395595490 0.0015289461007341743 1131
1784395595500 0.006445739418268204 1132
1784395595510 0.007002600934356451 1133
1784395595520 0.004748495761305094 1134
1784395595528 0.002101209945976734 1135
1784395595536 0.0008417385397478938 1136
1784395595545 0.004582213703542948 1137
1784395595553 0.0021960297599434853 1138
1784395595562 0.0025193679612129927 1139
1784395595570 0.0018737795762717724 1140
1784395595577 0.0006603653309866786 1141
1784395595584 0.000890847877599299 1142
1784395595592 0.0007777247810736299 1143
1784395595601 0.0006059834267944098 1144
1784395595611 0.0008873153128661215 1145
1784395595619 0.0018292504828423262 1146
1784395595626 0.0027542663738131523 1147
1784395595633 0.002780595561489463 1148
1784395595642 0.0026685036718845367 1149
1784395595650 0.0017618176061660051 1150
1784395595659 0.004709464963525534 1151
1784395595669 0.0021733029279857874 1152
1784395595678 0.0008303025388158858 1153
1784395595687 0.0011834930628538132 1154
1784395595694 0.00219910079613328 1155
1784395595702 0.0003435762773733586 1156
1784395595711 0.0008558473782613873 1157
1784395595721 0.0008782318327575922 1158
1784395595730 0.0022904910147190094 1159
1784395595739 0.0015828165924176574 1160
1784395595747 0.004330411087721586 1161
1784395595756 0.0018274212488904595 1162
1784395595765 0.0009311765898019075 1163
1784395595774 0.0003725256538018584 1164
1784395595782 0.0013717843685299158 1165
1784395595790 0.002353435615077615 1166
1784395595797 0.0005045500583946705 1167
1784395595805 0.002824455266818404 1168
1784395595815 0.0005345609388314188 1169
1784395595823 0.0030469284392893314 1170
1784395595831 0.002005200134590268 1171
1784395595841 0.0005818653153255582 1172
1784395595850 0.0004902418004348874 1173
1784395595857 0.000957597279921174 1174
1784395595865 0.0005814569885842502 1175
1784395595873 0.0009524337947368622 1176
1784395595882 0.001218576217070222 1177
1784395595892 0.0011596669210121036 1178
1784395595901 0.000642354425508529 1179
1784395595912 0.0026249131187796593 1180
1784395595921 0.0009327427251264453 1181
1784395595930 0.0012260633520781994 1182
1784395595938 0.0006475042318925261 1183
1784395595948 0.0011828485876321793 1184
1784395595957 0.0004949314752593637 1185
1784395595966 0.0010894200531765819 1186
1784395595976 0.004411511123180389 1187
1784395595987 0.0023088986054062843 1188
1784395595996 0.0010025374358519912 1189
1784395596009 0.002765449695289135 1190
1784395596019 0.00206340616568923 1191
1784395596033 0.0018517354037612677 1192
1784395596043 0.0005569864297285676 1193
1784395596064 0.002222256502136588 1194
1784395596079 0.0016027939273044467 1195
1784395596089 0.008547568693757057 1196
1784395596102 0.00032425858080387115 1197
1784395596111 0.006538065616041422 1198
1784395596119 0.0015228820266202092 1199
1784395596127 0.001009935513138771 1200
1784395596134 0.0006098844460211694 1201
1784395596142 0.0047269477508962154 1202
1784395596149 0.001061948831193149 1203
1784395596158 0.001039858558215201 1204
1784395596167 0.0007058835471980274 1205
1784395596175 0.0025577538181096315 1206
1784395596183 0.000574021483771503 1207
1784395596191 0.0005677221924997866 1208
1784395596199 0.0021433408837765455 1209
1784395596208 0.00024888975895009935 1210
1784395596217 0.006068582646548748 1211
1784395596226 0.001819402794353664 1212
1784395596235 0.0006044360343366861 1213
1784395596244 0.0009995137806981802 1214
1784395596251 0.004845589864999056 1215
1784395596258 0.0005638399161398411 1216
1784395596267 0.003597355680540204 1217
1784395596275 0.0024123270995914936 1218
1784395596285 0.0012911147205159068 1219
1784395596293 0.002081656362861395 1220
1784395596301 0.0004934058524668217 1221
1784395596309 0.0009791243355721235 1222
1784395596317 0.0020856221672147512 1223
1784395596325 0.005503451451659203 1224
1784395596334 0.0005094307125546038 1225
1784395596344 0.0010363231413066387 1226
1784395596354 0.0019320596475154161 1227
1784395596363 0.0006668621790595353 1228
1784395596373 0.00382914487272501 1229
1784395596382 0.0006374476943165064 1230
1784395596391 0.00029014566098339856 1231
1784395596399 0.0033306546974927187 1232
1784395596407 0.0059949783608317375 1233
1784395596415 0.0029957187362015247 1234
1784395596423 0.0007412669365294278 1235
1784395596431 0.001968341413885355 1236
1784395596442 0.002732354449108243 1237
1784395596451 0.00043938664020970464 1238
1784395596459 0.0006929427036084235 1239
1784395596468 0.0054665375500917435 1240
1784395596477 0.0003644005919340998 1241
1784395596486 0.0025440615136176348 1242
1784395596495 0.0007720834109932184 1243
1784395596504 0.00198948266915977 1244
1784395596511 0.001429967349395156 1245
1784395596519 0.0010759164579212666 1246
1784395596527 0.0006513325497508049 1247
1784395596536 0.002102670492604375 1248
1784395596545 0.0012626679381355643 1249
1784395596554 0.0018483588937669992 1250
1784395596562 0.0023921397514641285 1251
1784395596570 0.0005255454452708364 1252
1784395596578 0.0006139643955975771 1253
1784395596587 0.005718644242733717 1254
1784395596597 0.00040439184522256255 1255
1784395596605 0.002091512316837907 1256
1784395596613 0.004165891092270613 1257
1784395596620 0.0031735601369291544 1258
1784395596627 0.0008841707604005933 1259
1784395596635 0.0008886618306860328 1260
1784395596644 0.0012567492667585611 1261
1784395596652 0.0008915771613828838 1262
1784395596661 0.0002753034350462258 1263
1784395596670 0.00019049624097533524 1264
1784395596678 0.0054826438426971436 1265
1784395596686 0.0010195079958066344 1266
1784395596695 0.0025183241814374924 1267
1784395596705 0.002000872977077961 1268
1784395596714 0.0021008974872529507 1269
1784395596723 0.0008667143993079662 1270
1784395596732 0.0008584373281337321 1271
1784395596740 0.0016136756166815758 1272
1784395596747 0.0012038934510201216 1273
1784395596755 0.0030123027972877026 1274
1784395596763 0.0005008585867471993 1275
1784395596771 0.000619675382040441 1276
1784395596781 0.0006981432670727372 1277
1784395596789 0.0008574100793339312 1278
1784395596797 0.002662037266418338 1279
1784395596806 0.003641128772869706 1280
1784395596814 0.0004984974511899054 1281
1784395596823 0.0009583567152731121 1282
1784395596833 0.0007644115248695016 1283
1784395596841 0.0006411474896594882 1284
1784395596849 0.0005136740510351956 1285
1784395596857 0.0016359732253476977 1286
1784395596865 0.00034133417648263276 1287
1784395596875 0.0008909807074815035 1288
1784395596886 0.0008502392447553575 1289
1784395596894 0.0008910537580959499 1290
1784395596903 0.0006404882296919823 1291
1784395596912 0.0012515147682279348 1292
1784395596920 0.00034928153036162257 1293
1784395596930 0.00037229302688501775 1294
1784395596940 0.0007308627245947719 1295
1784395596950 0.0004603599663823843 1296
1784395596959 0.0007641529082320631 1297
1784395596967 0.0023723070044070482 1298
1784395596974 0.000835931277833879 1299
1784395596982 0.002078762510791421 1300
1784395596990 0.002378075383603573 1301
1784395596997 0.0004109215224161744 1302
1784395597006 0.008904531598091125 1303
1784395597015 0.0007714370149187744 1304
1784395597022 0.0020172391086816788 1305
1784395597031 0.0012059768196195364 1306
1784395597038 0.0003730786847881973 1307
1784395597045 0.00046464736806228757 1308
1784395597054 0.003985918592661619 1309
1784395597064 0.0014051150064915419 1310
1784395597073 0.001063189236447215 1311
1784395597081 0.0016820298042148352 1312
1784395597089 0.0008193667163141072 1313
1784395597097 0.0009349621250294149 1314
1784395597106 0.00036489494959823787 1315
1784395597115 0.0021666698157787323 1316
1784395597125 0.0016042084898799658 1317
1784395597135 0.0011460438836365938 1318
1784395597143 0.000624604057520628 1319
1784395597151 0.0034187259152531624 1320
1784395597160 0.00032678089337423444 1321
1784395597168 0.0011436664499342442 1322
1784395597179 0.0007042823126539588 1323
1784395597189 0.00396945932880044 1324
1784395597198 0.00027799763483926654 1325
1784395597207 0.003431188641116023 1326
1784395597216 0.0003390865749679506 1327
1784395597224 0.0030894381925463676 1328
1784395597232 0.0007283146260306239 1329
1784395597239 0.0004783896147273481 1330
1784395597247 0.0007694102823734283 1331
1784395597255 0.0013863842468708754 1332
1784395597266 0.0019194061169400811 1333
1784395597276 0.0005323782097548246 1334
1784395597285 0.005952839739620686 1335
1784395597294 0.002577041042968631 1336
1784395597302 0.002267555333673954 1337
1784395597311 0.0016945546958595514 1338
1784395597319 0.000967297179158777 1339
1784395597328 0.0021017384715378284 1340
1784395597337 0.0006375028751790524 1341
1784395597346 0.0005318123730830848 1342
1784395597355 0.0004974527400918305 1343
1784395597363 0.0006687475251965225 1344
1784395597372 0.0036064046435058117 1345
1784395597379 0.0006142262136563659 1346
1784395597387 0.0003053265390917659 1347
1784395597395 0.00043132188147865236 1348
1784395597403 0.000512529572006315 1349
1784395597413 0.0006457141134887934 1350
1784395597421 0.0005239249439910054 1351
1784395597430 0.0012303210096433759 1352
1784395597439 0.0003785366134252399 1353
1784395597448 0.0018306771526113153 1354
1784395597457 0.00042042566929012537 1355
1784395597464 0.0002809189318213612 1356
1784395597472 0.00025442245532758534 1357
1784395597480 0.0009091385873034596 1358
1784395597488 0.00034570987918414176 1359
1784395597495 0.0003477212740108371 1360
1784395597505 0.0011001755483448505 1361
1784395597515 0.0018085251795127988 1362
1784395597524 0.0010252082720398903 1363
1784395597533 0.000828237331006676 1364
1784395597541 0.00038565447903238237 1365
1784395597548 0.00041785414214245975 1366
1784395597557 0.0019832218531519175 1367
1784395597566 0.0004327594651840627 1368
1784395597574 0.0010298351990059018 1369
1784395597582 0.001155446283519268 1370
1784395597591 0.003940371796488762 1371
1784395597598 0.00023730634711682796 1372
1784395597607 0.0005688425153493881 1373
1784395597618 9.459862485527992e-05 1374
1784395597627 0.0009384582517668605 1375
1784395597634 0.004466392565518618 1376
1784395597643 0.0020401773508638144 1377
1784395597651 0.002233242616057396 1378
1784395597660 0.005167629569768906 1379
1784395597669 0.0010987813584506512 1380
1784395597677 0.0009739144006744027 1381
1784395597686 0.002132678870111704 1382
1784395597694 0.004100913181900978 1383
1784395597701 0.000523686408996582 1384
1784395597710 0.0015452043153345585 1385
1784395597720 0.003412378253415227 1386
1784395597729 0.0003819318662863225 1387
1784395597736 0.0011932826600968838 1388
1784395597744 0.0007366638747043908 1389
1784395597751 0.0014092479832470417 1390
1784395597760 0.001041723764501512 1391
1784395597769 0.00031072748242877424 1392
1784395597778 0.005290451925247908 1393
1784395597785 0.0035387491807341576 1394
1784395597792 0.0007355407578870654 1395
1784395597801 0.003896249458193779 1396
1784395597810 0.001134198741056025 1397
1784395597819 0.002189414808526635 1398
1784395597827 0.002591566415503621 1399
1784395597834 0.0038959302473813295 1400
1784395597843 0.00047845684457570314 1401
1784395597851 0.0004903830122202635 1402
1784395597860 0.0014019611990079284 1403
1784395597870 0.000672515481710434 1404
1784395597881 0.00038508587749674916 1405
1784395597890 0.00553666427731514 1406
1784395597898 0.0020917588844895363 1407
1784395597906 0.001040962408296764 1408
1784395597917 0.006106248125433922 1409
1784395597925 0.0005289799300953746 1410
1784395597934 0.0006316983490251005 1411
1784395597942 0.001271022716537118 1412
1784395597950 0.0014317462919279933 1413
1784395597957 0.0006915809353813529 1414
1784395597966 0.0005516574019566178 1415
1784395597974 0.0002337149198865518 1416
1784395597982 0.0018836609087884426 1417
1784395597992 0.00033012498170137405 1418
1784395597999 0.0015808596508577466 1419
1784395598007 0.0003957653243560344 1420
1784395598015 0.0015618083998560905 1421
1784395598022 0.005952125880867243 1422
1784395598030 0.0018014890374615788 1423
1784395598039 0.002345816232264042 1424
1784395598047 0.0009521206957288086 1425
1784395598056 0.0003058419388253242 1426
1784395598064 0.0004083939711563289 1427
1784395598073 0.0009438437409698963 1428
1784395598081 0.0016356220003217459 1429
1784395598089 0.006698182784020901 1430
1784395598098 0.0008943624561652541 1431
1784395598106 0.002098014811053872 1432
1784395598115 0.0004509843129198998 1433
1784395598123 0.0030145642813295126 1434
1784395598132 0.00039685243973508477 1435
1784395598139 0.0005313276778906584 1436
1784395598147 0.00041711749508976936 1437
1784395598154 0.00042800986557267606 1438
1784395598162 0.00037425270420499146 1439
1784395598169 0.0006435765535570681 1440
1784395598179 0.0017499352106824517 1441
1784395598186 0.0008027044823393226 1442
1784395598194 0.0003911948879249394 1443
1784395598201 0.0012372256023809314 1444
1784395598209 0.00012631942809093744 1445
1784395598217 0.0006974491407163441 1446
1784395598227 0.002914495998993516 1447
1784395598236 0.0001757876598276198 1448
1784395598245 0.0011009919689968228 1449
1784395598254 0.0010650053154677153 1450
1784395598262 0.00623661233112216 1451
1784395598270 0.0022029352840036154 1452
1784395598278 0.001640509581193328 1453
1784395598287 0.0007240494014695287 1454
1784395598295 0.006710771005600691 1455
1784395598306 0.0007076786714605987 1456
1784395598315 0.0010446329833939672 1457
1784395598323 0.0005052791675552726 1458
1784395598330 0.0007705051684752107 1459
1784395598339 0.0048283860087394714 1460
1784395598347 0.000232772872550413 1461
1784395598357 0.0005608065403066576 1462
1784395598365 0.001913713407702744 1463
1784395598373 0.0013116495683789253 1464
1784395598380 0.000470278668217361 1465
1784395598388 0.0003653366584330797 1466
1784395598396 0.001176381716504693 1467
1784395598407 0.0015286194393411279 1468
1784395598416 0.0011474317871034145 1469
1784395598423 0.002696487121284008 1470
1784395598430 0.0004472701402846724 1471
1784395598438 0.0006614605081267655 1472
1784395598446 0.0012909468496218324 1473
1784395598456 0.0006009304197505116 1474
1784395598465 0.0005923811695538461 1475
1784395598473 0.0004973711911588907 1476
1784395598482 0.004120924510061741 1477
1784395598489 0.015873633325099945 1478
1784395598498 0.0039826128631830215 1479
1784395598507 0.000546539609786123 1480
1784395598514 0.0004942833329550922 1481
1784395598523 0.0024055028334259987 1482
1784395598532 0.0007431942503899336 1483
1784395598540 0.001903558848425746 1484
1784395598549 9.102175681618974e-05 1485
1784395598558 0.0004800069727934897 1486
1784395598567 0.0006873767706565559 1487
1784395598575 0.004601225256919861 1488
1784395598584 0.0012911608209833503 1489
1784395598593 0.0004916619509458542 1490
1784395598602 0.000709845102392137 1491
1784395598610 0.001357457716949284 1492
1784395598620 0.008862468414008617 1493
1784395598629 0.0006190707208588719 1494
1784395598646 0.00032184214796870947 1495
1784395598657 0.0010133347241207957 1496
1784395598677 0.00020250873058103025 1497
1784395598686 0.0013462516944855452 1498
1784395598701 0.00027128198416903615 1499
1784395598711 0.0004946572007611394 1500
1784395598723 0.0002800714282784611 1501
1784395598734 0.0004922752268612385 1502
1784395598745 0.0006652558222413063 1503
1784395598755 0.0061978125013411045 1504
1784395598765 0.012789257802069187 1505
1784395598777 0.0016472291899845004 1506
1784395598786 0.0014253929257392883 1507
1784395598795 0.0005464367568492889 1508
1784395598803 0.007804724387824535 1509
1784395598811 0.00019456287554930896 1510
1784395598820 0.0006704999832436442 1511
1784395598829 0.007157156243920326 1512
1784395598839 0.0006841022404842079 1513
1784395598848 0.0022827789653092623 1514
1784395598856 0.0006370041519403458 1515
1784395598865 0.0002999347634613514 1516
1784395598872 0.00013542728265747428 1517
1784395598882 0.0011175399413332343 1518
1784395598891 0.0005364043172448874 1519
1784395598900 0.0017565470188856125 1520
1784395598908 0.00042519456474110484 1521
1784395598916 0.0002487663005013019 1522
1784395598925 0.0023055640049278736 1523
1784395598933 0.0012234585592523217 1524
1784395598942 0.0015661686193197966 1525
1784395598951 0.004993895068764687 1526
1784395598960 0.0009317693184129894 1527
1784395598968 0.0009163893992081285 1528
1784395598977 0.0005233316333033144 1529
1784395598986 0.0011264834320172668 1530
1784395598994 0.0016868897946551442 1531
1784395599005 0.0006121842889115214 1532
1784395599013 0.0009540058090351522 1533
1784395599022 9.983721247408539e-05 1534
1784395599030 0.003947867080569267 1535
1784395599038 0.00010239296534564346 1536
1784395599048 0.0027392134070396423 1537
1784395599057 0.0016616664361208677 1538
1784395599068 0.0004415282455738634 1539
1784395599077 0.0006584367947652936 1540
1784395599086 0.002959900302812457 1541
1784395599094 0.00025880648172460496 1542
1784395599102 0.01511753723025322 1543
1784395599109 0.006980033125728369 1544
1784395599118 0.00043959380127489567 1545
1784395599127 0.0020706183277070522 1546
1784395599135 0.0005612118984572589 1547
1784395599143 0.0007689971826039255 1548
1784395599150 0.0017458933871239424 1549
1784395599158 0.0002615753037389368 1550
1784395599166 0.0005808872519992292 1551
1784395599176 0.0038960257079452276 1552
1784395599185 0.0003025625483132899 1553
1784395599193 0.0007687052711844444 1554
1784395599201 0.0005942818243056536 1555
1784395599209 0.00015661341603845358 1556
1784395599218 0.00040080235339701176 1557
1784395599227 0.0023388781119138002 1558
1784395599236 0.00649188831448555 1559
1784395599245 0.0009512822725810111 1560
1784395599253 0.0007181105902418494 1561
1784395599261 0.001151840784586966 1562
1784395599271 0.002835584804415703 1563
1784395599280 0.001960181398317218 1564
1784395599290 0.0014644631883129478 1565
1784395599299 0.0011075471993535757 1566
1784395599308 0.008708848617970943 1567
1784395599318 0.0006486588390544057 1568
1784395599327 0.00031741743441671133 1569
1784395599335 0.0004214160144329071 1570
1784395599350 0.0012080433079972863 1571
1784395599357 0.0015641869977116585 1572
1784395599364 0.0020468307193368673 1573
1784395599374 0.0014995860401540995 1574
1784395599383 0.0006403461447916925 1575
1784395599392 0.002856720704585314 1576
1784395599400 0.0008154204697348177 1577
1784395599410 0.003129931865260005 1578
1784395599418 0.0005217842990532517 1579
1784395599426 0.00017262746405322105 1580
1784395599435 0.0010828198865056038 1581
1784395599445 0.0028710977640002966 1582
1784395599454 0.0009006925974972546 1583
1784395599462 0.0004858453758060932 1584
1784395599470 0.001095384475775063 1585
1784395599477 0.00042148653301410377 1586
1784395599485 0.00022927254030946642 1587
1784395599494 0.0026326337829232216 1588
1784395599503 0.023198269307613373 1589
1784395599512 0.0003071164828725159 1590
1784395599521 0.0010011715348809958 1591
1784395599528 0.0008768428233452141 1592
1784395599537 0.002621496096253395 1593
1784395599545 0.0005868668085895479 1594
1784395599555 0.003084449330344796 1595
1784395599563 0.0001688417833065614 1596
1784395599570 0.0001799216988729313 1597
1784395599579 0.000849702802952379 1598
1784395599587 0.000572995631955564 1599
1784395599595 0.00014398286293726414 1600
1784395599603 0.011494193226099014 1601
1784395599612 0.00037787886685691774 1602
1784395599621 0.005246111191809177 1603
1784395599630 0.002012228360399604 1604
1784395599637 0.0006237122579477727 1605
1784395599646 0.0016519511118531227 1606
1784395599653 0.0007607684237882495 1607
1784395599660 0.002536983462050557 1608
1784395599668 0.00024166906950995326 1609
1784395599681 0.0016542695229873061 1610
1784395599690 0.00045573129318654537 1611
1784395599699 6.806351302657276e-05 1612
1784395599707 0.028862239792943 1613
1784395599715 0.00033377937506884336 1614
1784395599725 0.00039758236380293965 1615
1784395599734 0.00010860685870284215 1616
1784395599743 0.0005714068538509309 1617
1784395599751 0.0011536346282809973 1618
1784395599759 0.0008193936664611101 1619
1784395599768 0.0009731421596370637 1620
1784395599775 0.0006138782482594252 1621
1784395599783 0.02173663303256035 1622
1784395599793 0.002674834569916129 1623
1784395599802 0.00034278890234418213 1624
1784395599811 0.0075872913002967834 1625
1784395599819 0.008740018121898174 1626
1784395599828 0.001612743828445673 1627
1784395599836 0.004688141867518425 1628
1784395599846 0.0028801567386835814 1629
1784395599855 0.002862093038856983 1630
1784395599865 0.001126021845266223 1631
1784395599873 0.0002132014778908342 1632
1784395599883 0.0006278170039877295 1633
1784395599895 0.002676609670743346 1634
1784395599904 0.015582231804728508 1635
1784395599913 0.0018936264095827937 1636
1784395599921 0.00048166283522732556 1637
1784395599931 0.0009831134229898453 1638
1784395599943 0.003418327309191227 1639
1784395599952 0.0007241966086439788 1640
1784395599960 0.00028664892306551337 1641
1784395599969 0.001871091895736754 1642
1784395599978 0.0009522786131128669 1643
1784395599987 0.0006258998182602227 1644
1784395599995 0.001957958098500967 1645
1784395600004 0.0005322707584127784 1646
1784395600013 0.01642576977610588 1647
1784395600021 0.0039929719641804695 1648
1784395600029 0.0007762307650409639 1649
1784395600037 0.0003426817711442709 1650
1784395600046 0.0002931768831331283 1651
1784395600054 0.03443019837141037 1652
1784395600064 0.005658650305122137 1653
1784395600073 0.0001237492833752185 1654
1784395600082 0.0002532387734390795 1655
1784395600089 0.0005114283412694931 1656
1784395600097 0.0011087897000834346 1657
1784395600106 5.640130621031858e-05 1658
1784395600114 0.017499038949608803 1659
1784395600124 0.009916863404214382 1660
1784395600133 0.0001920591457746923 1661
1784395600142 0.010599957779049873 1662
1784395600150 0.033489398658275604 1663
1784395600158 0.008806505240499973 1664
1784395600165 0.004625655245035887 1665
1784395600173 0.0004084641404915601 1666
1784395600181 0.002521050861105323 1667
1784395600190 0.005774098914116621 1668
1784395600199 0.06783626228570938 1669
1784395600209 0.005513307172805071 1670
1784395600217 0.0008266461081802845 1671
1784395600226 0.00020143386791460216 1672
1784395600234 0.0035155739169567823 1673
1784395600242 0.0021196785382926464 1674
1784395600252 0.004118762910366058 1675
1784395600262 0.004321716725826263 1676
1784395600270 0.00018105989147443324 1677
1784395600278 0.018483515828847885 1678
1784395600285 0.0005793310119770467 1679
1784395600294 0.019351160153746605 1680
1784395600303 0.0005529051995836198 1681
1784395600313 0.040134772658348083 1682
1784395600322 0.001176358200609684 1683
1784395600331 0.00045481076813302934 1684
1784395600340 0.0010496729519218206 1685
1784395600349 0.014034256339073181 1686
1784395600358 0.0029573715291917324 1687
1784395600367 0.06412875652313232 1688
1784395600375 0.0654229149222374 1689
1784395600385 0.008527780883014202 1690
1784395600394 0.006652390584349632 1691
1784395600401 0.003571547567844391 1692
1784395600409 0.0014063338749110699 1693
1784395600417 0.005498023238033056 1694
1784395600425 0.0025864001363515854 1695
1784395600433 0.002235324587672949 1696
1784395600444 0.03458809107542038 1697
1784395600452 0.017857201397418976 1698
1784395600461 0.003093188628554344 1699
1784395600469 0.014221325516700745 1700
1784395600478 0.05717664584517479 1701
1784395600486 0.20879969000816345 1702
1784395600494 0.0001639301044633612 1703
1784395600501 0.020962035283446312 1704
1784395600510 0.04184246063232422 1705
1784395600520 0.027459947392344475 1706
1784395600528 0.032768767327070236 1707
1784395600538 0.001106126350350678 1708
1784395600547 0.06108728423714638 1709
1784395600556 0.004767012782394886 1710
1784395600564 0.022660942748188972 1711
1784395600572 0.06599289923906326 1712
1784395600580 0.0037482776679098606 1713
1784395600589 0.017676133662462234 1714
1784395600598 0.019708022475242615 1715
1784395600606 0.1021171286702156 1716
1784395600614 0.3127742409706116 1717
1784395600622 0.3292926251888275 1718
1784395600631 0.0006612556171603501 1719
1784395600640 0.0023576016537845135 1720
1784395600648 0.019033003598451614 1721
1784395600659 0.027478761970996857 1722
1784395600667 0.10986271500587463 1723
1784395600674 0.11997721344232559 1724
1784395600682 0.0011713642161339521 1725
1784395600690 0.003907214384526014 1726
1784395600698 0.16251511871814728 1727
1784395600707 0.4145258367061615 1728
1784395600715 0.20262257754802704 1729
1784395600724 0.05228392407298088 1730
1784395600732 0.3586132824420929 1731
1784395600739 0.08116095513105392 1732
1784395600748 0.05095880478620529 1733
1784395600758 0.0062060230411589146 1734
1784395600768 0.7965295314788818 1735
1784395600776 0.14472337067127228 1736
1784395600784 0.2010122537612915 1737
1784395600792 0.0030471645295619965 1738
1784395600799 0.08136124163866043 1739
1784395600808 0.0387791208922863 1740
1784395600817 0.0650520920753479 1741
1784395600827 0.05311723053455353 1742
1784395600836 0.0858546793460846 1743
1784395600844 0.026217631995677948 1744
1784395600853 0.020092256367206573 1745
1784395600861 0.0749819427728653 1746
1784395600871 0.004855443723499775 1747
1784395600879 0.005845585837960243 1748
1784395600887 0.0035310029052197933 1749
1784395600895 0.0025141588412225246 1750
1784395600902 0.003454467747360468 1751
1784395600910 0.0025182105600833893 1752
1784395600919 0.0022429863456636667 1753
1784395600928 0.00886925496160984 1754
1784395600937 0.001431441167369485 1755
1784395600945 0.003521969076246023 1756
1784395600955 0.0037345688324421644 1757
1784395600964 0.002525627613067627 1758
1784395600973 0.004425235092639923 1759
1784395600983 0.002699266653507948 1760
1784395600992 0.0025019985623657703 1761
1784395601000 0.002166610211133957 1762
1784395601007 0.004865030758082867 1763
1784395601015 0.0016804198967292905 1764
1784395601023 0.004657843615859747 1765
1784395601032 0.010807104408740997 1766
1784395601042 0.003709029871970415 1767
1784395601050 0.00672858115285635 1768
1784395601058 0.004474459681659937 1769
1784395601066 0.0018348805606365204 1770
1784395601073 0.012087536975741386 1771
1784395601082 0.006404148880392313 1772
1784395601092 0.0026159025728702545 1773
1784395601102 0.008739170618355274 1774
1784395601111 0.007637254893779755 1775
1784395601119 0.006175191607326269 1776
1784395601126 0.004210352897644043 1777
1784395601134 0.005937974434345961 1778
1784395601145 0.004722293931990862 1779
1784395601153 0.002483120420947671 1780
1784395601161 0.014029602520167828 1781
1784395601169 0.0036626916844397783 1782
1784395601176 0.001459097140468657 1783
1784395601184 0.011634805239737034 1784
1784395601192 0.0012300609378144145 1785
1784395601201 0.00619305158033967 1786
1784395601210 0.0025418992154300213 1787
1784395601219 0.0012584804790094495 1788
1784395601228 0.006333298049867153 1789
1784395601236 0.0028820422012358904 1790
1784395601244 0.005174543708562851 1791
1784395601252 0.0007067255792208016 1792
1784395601260 0.0006729097804054618 1793
1784395601270 0.007277826312929392 1794
1784395601279 0.01200246624648571 1795
1784395601288 0.016902893781661987 1796
1784395601297 0.0015789374010637403 1797
1784395601305 0.005454518832266331 1798
1784395601314 0.0010225062724202871 1799
1784395601322 0.007928729057312012 1800
1784395601332 0.005381145514547825 1801
1784395601341 0.00693785585463047 1802
1784395601349 0.000609540962614119 1803
1784395601357 0.0033820553217083216 1804
1784395601364 0.0011145323514938354 1805
1784395601372 0.002066201763227582 1806
1784395601382 0.0022607112769037485 1807
1784395601392 0.02803601510822773 1808
1784395601401 0.008975852280855179 1809
1784395601409 0.00538872042670846 1810
1784395601417 0.0010678693652153015 1811
1784395601425 0.01332778949290514 1812
1784395601433 0.000605897163040936 1813
1784395601441 0.001435429323464632 1814
1784395601450 0.0008669132366776466 1815
1784395601459 0.001692644669674337 1816
1784395601467 0.0027886764146387577 1817
1784395601475 0.0004222164861857891 1818
1784395601483 0.004448920954018831 1819
1784395601491 0.005431856028735638 1820
1784395601498 0.002479495946317911 1821
1784395601506 0.0045344471000134945 1822
1784395601515 0.00262648519128561 1823
1784395601524 0.000283106230199337 1824
1784395601533 0.0035688700154423714 1825
1784395601542 0.005667856894433498 1826
1784395601550 0.0006165496306493878 1827
1784395601558 0.0007965071126818657 1828
1784395601568 0.003930038306862116 1829
1784395601578 0.0020045870915055275 1830
1784395601587 0.0007971338927745819 1831
1784395601596 0.00157950259745121 1832
1784395601605 0.005348480772227049 1833
1784395601612 0.007786975707858801 1834
1784395601620 0.00228201225399971 1835
1784395601629 0.00032068509608507156 1836
1784395601637 0.002643336309120059 1837
1784395601647 0.00952189601957798 1838
1784395601655 0.0005797289777547121 1839
1784395601663 0.0004254130180925131 1840
1784395601672 0.009949701838195324 1841
1784395601680 0.009779090993106365 1842
1784395601688 0.0018903055461123586 1843
1784395601697 0.0013795291306450963 1844
1784395601704 0.0015538089210167527 1845
1784395601713 0.0002603813773021102 1846
1784395601721 0.036975130438804626 1847
1784395601728 0.0008248155354522169 1848
1784395601736 0.0009376368252560496 1849
1784395601746 0.002521430142223835 1850
1784395601755 0.001501580118201673 1851
1784395601764 0.003308001207187772 1852
1784395601771 0.0013884259387850761 1853
1784395601782 0.0007451813435181975 1854
1784395601791 0.0021636805031448603 1855
1784395601800 0.0012054870603606105 1856
1784395601808 0.0017473191255703568 1857
1784395601817 0.0022687921300530434 1858
1784395601825 0.007493020035326481 1859
1784395601835 0.009331084787845612 1860
1784395601843 0.0007627903250977397 1861
1784395601851 0.001294087851420045 1862
1784395601859 0.05185838043689728 1863
1784395601867 0.00574872363358736 1864
1784395601874 0.0008708410314284265 1865
1784395601885 0.037996482104063034 1866
1784395601894 0.004261947236955166 1867
1784395601903 0.00398766715079546 1868
1784395601910 0.002887143287807703 1869
1784395601918 0.02609953097999096 1870
1784395601928 0.0180752482265234 1871
1784395601937 0.005843599326908588 1872
1784395601946 0.009064887650310993 1873
1784395602316 0.028221335262060165 1874
1784395602325 0.008334287442266941 1875
1784395602334 0.0007879768963903189 1876
1784395602343 0.017194565385580063 1877
1784395602352 0.0012842061696574092 1878
1784395602362 0.0005623355973511934 1879
1784395602373 0.0013575353659689426 1880
1784395602383 0.010994325391948223 1881
1784395602394 0.012547901831567287 1882
1784395602402 0.0014450302114710212 1883
1784395602409 0.10486292839050293 1884
1784395602418 0.009166707284748554 1885
1784395602425 0.006163492798805237 1886
1784395602434 0.012670665048062801 1887
1784395602443 0.002646692795678973 1888
1784395602451 0.00650680810213089 1889
1784395602458 0.0013330834917724133 1890
1784395602466 0.0006173295550979674 1891
1784395602474 0.003927438985556364 1892
1784395602482 0.001239991863258183 1893
1784395602491 0.0015176478773355484 1894
1784395602498 0.0516233965754509 1895
1784395602506 0.14925454556941986 1896
1784395602514 0.0029012183658778667 1897
1784395602522 0.0006971661932766438 1898
1784395602532 0.009186671115458012 1899
1784395602542 0.008988121524453163 1900
1784395602552 0.0008014698978513479 1901
1784395602561 0.006479941308498383 1902
1784395602569 0.005313099827617407 1903
1784395602577 0.004092453513294458 1904
1784395602585 0.0036764065735042095 1905
1784395602594 0.006037571467459202 1906
1784395602605 0.011969433166086674 1907
1784395602614 0.015626756474375725 1908
1784395602622 0.001021677628159523 1909
1784395602631 0.018587728962302208 1910
1784395602641 0.01725204475224018 1911
1784395602649 0.004917217418551445 1912
1784395602658 0.021210189908742905 1913
1784395602667 0.005935704801231623 1914
1784395602674 0.02179400809109211 1915
1784395602682 0.02657114528119564 1916
1784395602692 0.008402440696954727 1917
1784395602701 0.001098332810215652 1918
1784395602709 0.0014405273832380772 1919
1784395602716 0.003451831638813019 1920
1784395602723 0.001018397742882371 1921
1784395602732 0.017114870250225067 1922
1784395602742 0.0007392216357402503 1923
1784395602751 0.009983616881072521 1924
1784395602758 0.0003809455665759742 1925
1784395602766 0.2646148204803467 1926
1784395602773 0.003617463167756796 1927
1784395602782 0.0011875104391947389 1928
1784395602792 0.00300166429951787 1929
1784395602801 0.003043883014470339 1930
1784395602810 0.001064926851540804 1931
1784395602820 0.0010748242493718863 1932
1784395602828 0.035185571759939194 1933
1784395602837 0.023514706641435623 1934
1784395602844 0.016800224781036377 1935
1784395602851 0.02242075651884079 1936
1784395602861 0.0013987583806738257 1937
1784395602869 0.003947914578020573 1938
1784395602876 0.01407637633383274 1939
1784395602884 0.0053908973932266235 1940
1784395602892 0.07251611351966858 1941
1784395602899 0.06562607735395432 1942
1784395602908 0.004648965783417225 1943
1784395602918 0.019723838195204735 1944
1784395602927 0.010561823844909668 1945
1784395602935 0.01926293410360813 1946
1784395602943 0.000866000889800489 1947
1784395602951 0.018951384350657463 1948
1784395602961 0.055810414254665375 1949
1784395602971 0.010374432429671288 1950
1784395602980 0.006560896523296833 1951
1784395602989 0.007248213980346918 1952
1784395602998 0.003098196815699339 1953
1784395603007 0.013954270631074905 1954
1784395603014 0.002681272104382515 1955
1784395603023 0.01017716247588396 1956
1784395603032 0.0037617117632180452 1957
1784395603041 0.011215991340577602 1958
1784395603050 0.007985365577042103 1959
1784395603060 0.009228486567735672 1960
1784395603067 0.025929365307092667 1961
1784395603075 0.04788653552532196 1962
1784395603083 0.04547502472996712 1963
1784395603090 0.017357630655169487 1964
1784395603098 0.04155242443084717 1965
1784395603109 0.01504115853458643 1966
1784395603117 0.007114078849554062 1967
1784395603124 0.04947789013385773 1968
1784395603133 0.0005059196846559644 1969
1784395603142 0.02689085341989994 1970
1784395603150 0.037301164120435715 1971
1784395603160 0.026546135544776917 1972
1784395603168 0.02538558468222618 1973
1784395603176 0.010893873870372772 1974
1784395603183 0.0517808236181736 1975
1784395603190 0.004916225094348192 1976
1784395603198 0.007429450284689665 1977
1784395603208 0.029228409752249718 1978
1784395603217 0.05790485069155693 1979
1784395603225 0.1207975223660469 1980
1784395603233 0.0068897963501513 1981
1784395603241 0.014076519757509232 1982
1784395603249 0.05776859447360039 1983
1784395603260 0.030600201338529587 1984
1784395603269 0.06684104353189468 1985
1784395603280 0.17755605280399323 1986
1784395603289 0.010647714138031006 1987
1784395603297 0.05969099700450897 1988
1784395603306 0.10677308589220047 1989
1784395603314 0.14507217705249786 1990
1784395603322 0.012411556206643581 1991
1784395603330 0.2134428769350052 1992
1784395603341 0.11572441458702087 1993
1784395603351 0.003630927298218012 1994
1784395603359 0.04517563804984093 1995
1784395603368 0.04728497564792633 1996
1784395603378 0.00809749960899353 1997
1784395603388 0.01880197413265705 1998
1784395603397 0.01518403273075819 1999
1784395603408 0.01634942926466465 2000
1784395603418 0.03694159537553787 2001
1784395603427 0.06379880756139755 2002
1784395603437 0.13516904413700104 2003
1784395603445 0.11581991612911224 2004
1784395603455 0.20593494176864624 2005
1784395603464 0.1250416785478592 2006
1784395603473 0.19202297925949097 2007
1784395603483 0.22948718070983887 2008
1784395603493 0.18544475734233856 2009
1784395603501 0.9673397541046143 2010
1784395603509 0.7626250982284546 2011
1784395603517 1.9358704090118408 2012
1784395603525 0.412148118019104 2013
1784395603534 1.0866715908050537 2014
1784395603543 0.5056939125061035 2015
1784395603553 0.44974276423454285 2016
1784395603562 0.844444215297699 2017
1784395603571 3.0661351680755615 2018
1784395603580 1.0636420249938965 2019
1784395603589 1.0863336324691772 2020
1784395603598 0.625200092792511 2021
1784395603607 1.3172990083694458 2022
1784395603615 0.7660048007965088 2023
1784395603624 0.5243763327598572 2024
1784395603633 1.42838716506958 2025
1784395603642 1.864621877670288 2026
1784395603651 0.6923277974128723 2027
1784395603660 0.6544541716575623 2028
1784395603668 0.26550954580307007 2029
1784395603676 0.5710004568099976 2030
1784395603684 0.33825361728668213 2031
1784395603692 0.2904137670993805 2032
1784395603700 0.12827011942863464 2033
1784395603710 0.21700593829154968 2034
1784395603718 0.2879820466041565 2035
1784395603727 0.2471238225698471 2036
1784395603735 0.2697485685348511 2037
1784395603743 0.2631758451461792 2038
1784395603752 0.16236135363578796 2039
1784395603772 0.11063812673091888 2040
1784395603782 0.4364156424999237 2041
1784395603790 0.13980858027935028 2042
1784395603799 0.07129348069429398 2043
1784395603808 0.04595974460244179 2044
1784395603818 0.11851786077022552 2045
1784395603827 0.15056753158569336 2046
1784395603835 0.2853321433067322 2047
1784395603844 0.16720794141292572 2048
1784395603854 0.06860214471817017 2049
1784395603863 0.06744802743196487 2050
1784395603873 0.12006571143865585 2051
1784395603884 0.1428334265947342 2052
1784395603891 0.07314850389957428 2053
1784395603899 0.09485123306512833 2054
1784395603907 0.13730396330356598 2055
1784395603915 0.12057061493396759 2056
1784395603924 0.10124985873699188 2057
1784395603933 0.1501573771238327 2058
1784395603942 0.049510642886161804 2059
1784395603950 0.08751993626356125 2060
1784395603958 0.06393910199403763 2061
1784395603967 0.05179717391729355 2062
1784395603976 0.07923541963100433 2063
1784395603985 0.07548119872808456 2064
1784395603995 0.07446525990962982 2065
1784395604003 0.0889180600643158 2066
1784395604014 0.0732872486114502 2067
1784395604024 0.10938076674938202 2068
1784395604033 0.08674312382936478 2069
1784395604042 0.0814170092344284 2070
1784395604050 0.06888262182474136 2071
1784395604057 0.0704771876335144 2072
1784395604065 0.08623199164867401 2073
1784395604074 0.08949070423841476 2074
1784395604082 0.11183668673038483 2075
1784395604089 0.12529949843883514 2076
1784395604097 0.11672385036945343 2077
1784395604105 0.14139576256275177 2078
1784395604112 0.19332647323608398 2079
1784395604121 0.08350404351949692 2080
1784395604131 0.15014150738716125 2081
1784395604141 0.22774642705917358 2082
1784395604150 0.13265666365623474 2083
1784395604160 0.13471952080726624 2084
1784395604169 0.18263469636440277 2085
1784395604177 0.12791451811790466 2086
1784395604186 0.1338011622428894 2087
1784395604194 0.2607831358909607 2088
1784395604203 0.24363258481025696 2089
1784395604215 0.17757421731948853 2090
1784395604224 0.15385182201862335 2091
1784395604233 0.20374664664268494 2092
1784395604242 0.14731866121292114 2093
1784395604250 0.19451677799224854 2094
1784395604259 0.10292913019657135 2095
1784395604268 0.1386856585741043 2096
1784395604277 0.12965646386146545 2097
1784395604286 0.110089972615242 2098
1784395604294 0.20851002633571625 2099
1784395604304 0.25357916951179504 2100
1784395604313 0.16694964468479156 2101
1784395604322 0.18790888786315918 2102
1784395604332 0.1601635217666626 2103
1784395604341 0.292560875415802 2104
1784395604349 0.1917901337146759 2105
1784395604358 0.19679254293441772 2106
1784395604367 0.14209634065628052 2107
1784395604376 0.12059591710567474 2108
1784395604384 0.16878238320350647 2109
1784395604392 0.11170495301485062 2110
1784395604400 0.09787404537200928 2111
1784395604408 0.13350750505924225 2112
1784395604416 0.04924815148115158 2113
1784395604425 0.056108299642801285 2114
1784395604433 0.0522322803735733 2115
1784395604442 0.020846785977482796 2116
1784395604450 0.007084699347615242 2117
1784395604461 0.014002429321408272 2118
1784395604470 0.013677502982318401 2119
1784395604479 0.007805670145899057 2120
1784395604487 0.017508085817098618 2121
1784395604495 0.0044601233676075935 2122
1784395604504 0.0017846492119133472 2123
1784395604513 0.0018125363858416677 2124
1784395604522 0.0020517492666840553 2125
1784395604530 0.0021927691996097565 2126
1784395604539 0.0016562568489462137 2127
1784395604548 0.0017506506992504 2128
1784395604556 0.0012348262825980783 2129
1784395604564 0.0007346819620579481 2130
1784395604576 0.0006857661064714193 2131
1784395604584 0.0011243303306400776 2132
1784395604591 0.0015549242962151766 2133
1784395604598 0.0006605786620639265 2134
1784395604607 0.0010607923613861203 2135
1784395604616 0.0012820156989619136 2136
1784395604625 0.00042154244147241116 2137
1784395604633 0.0012931240489706397 2138
1784395604641 0.0014329872792586684 2139
1784395604649 0.0005492764757946134 2140
1784395604656 0.0003278088988736272 2141
1784395604664 0.0005642396863549948 2142
1784395604674 0.001431196229532361 2143
1784395604682 0.0009483399335294962 2144
1784395604689 0.0005098580149933696 2145
1784395604697 0.0006729387678205967 2146
1784395604705 0.0003722208202816546 2147
1784395604712 0.000697412877343595 2148
1784395604722 0.0003647325502242893 2149
1784395604730 0.00021598728199023753 2150
1784395604739 0.0004049509298056364 2151
1784395604747 0.00036895458470098674 2152
1784395604754 0.0007141574751585722 2153
1784395604763 0.0005667497171089053 2154
1784395604771 0.0006265090778470039 2155
1784395604781 0.0009775897487998009 2156
1784395604790 0.0006819063564762473 2157
1784395604798 0.0006284055998548865 2158
1784395604808 0.0001568419102113694 2159
1784395604816 0.008989161811769009 2160
1784395604824 0.00036111092776991427 2161
1784395604832 0.0005164437461644411 2162
1784395604841 0.004145651590079069 2163
1784395604850 0.001328662154264748 2164
1784395604859 0.0001888095139293 2165
1784395604868 0.0033865878358483315 2166
1784395604876 0.00026256736600771546 2167
1784395604884 0.0014334276784211397 2168
1784395604893 0.0009063402540050447 2169
1784395604901 0.0009936648420989513 2170
1784395604911 0.0005397399654611945 2171
1784395604919 0.0013973721070215106 2172
1784395604927 0.0003512598923407495 2173
1784395604935 0.00023718777811154723 2174
1784395604943 0.00026848993729799986 2175
1784395604952 0.00027854490326717496 2176
1784395604964 0.0014237533323466778 2177
1784395604973 0.0003019424038939178 2178
1784395604982 0.0011969312326982617 2179
1784395604990 0.00042673799907788634 2180
1784395604998 0.0009283229592256248 2181
1784395605007 0.0003270565939601511 2182
1784395605017 0.0005019860109314322 2183
1784395605025 0.0005420111119747162 2184
1784395605033 0.00042707740794867277 2185
1784395605041 0.00017910369206219912 2186
1784395605049 0.0001093300452339463 2187
1784395605057 0.0004157403891440481 2188
1784395605068 0.00030053319642320275 2189
1784395605076 0.0003343765274621546 2190
1784395605086 0.003234617877751589 2191
1784395605094 9.168213000521064e-05 2192
1784395605103 0.0003493840340524912 2193
1784395605111 0.0005249852547422051 2194
1784395605121 0.0004056169418618083 2195
1784395605130 0.0003113405255135149 2196
1784395605137 0.0004404501523822546 2197
1784395605145 0.00020649972429964691 2198
1784395605153 0.00024947759811766446 2199
1784395605161 0.0017378702759742737 2200
1784395605171 0.0006461458979174495 2201
1784395605179 0.00027957052225247025 2202
1784395605188 0.00022271698981057853 2203
1784395605196 0.00017501742695458233 2204
1784395605203 8.39749991428107e-05 2205
1784395605211 0.0003013694076798856 2206
1784395605221 0.000348939880495891 2207
1784395605231 0.00014822283992543817 2208
1784395605240 0.000491297512780875 2209
1784395605251 0.0003236569173168391 2210
1784395605259 0.0005288660759106278 2211
1784395605267 0.00013567600399255753 2212
1784395605275 0.000454373424872756 2213
1784395605283 0.0003515157732181251 2214
1784395605291 0.0002688424428924918 2215
1784395605300 0.004855142440646887 2216
1784395605309 6.304794806055725e-05 2217
1784395605317 0.0007460140623152256 2218
1784395605324 0.00061016995459795 2219
1784395605331 0.00027381416293792427 2220
1784395605340 0.00022036407608538866 2221
1784395605351 0.00033355766208842397 2222
1784395605360 0.00029538621311075985 2223
1784395605367 0.00013792357640340924 2224
1784395605375 0.0005839035147801042 2225
1784395605383 0.00023254154075402766 2226
1784395605391 0.0001312876702286303 2227
1784395605401 0.00024246743123512715 2228
1784395605409 0.0003023977333214134 2229
1784395605417 0.0002302769134985283 2230
1784395605424 0.0004464360245037824 2231
1784395605432 0.00017164477321784943 2232
1784395605440 0.0005412826430983841 2233
1784395605449 0.00022521702339872718 2234
1784395605458 0.000276170700090006 2235
1784395605469 0.00022925973462406546 2236
1784395605479 0.0015955724520608783 2237
1784395605489 0.00043520130566321313 2238
1784395605498 0.00014038653171155602 2239
1784395605505 0.0001572078763274476 2240
1784395605514 0.0003138382744509727 2241
1784395605522 0.00042342860251665115 2242
1784395605530 0.0003283354453742504 2243
1784395605542 0.00013630336616188288 2244
1784395605552 0.0003488424117676914 2245
1784395605562 0.00025112618459388614 2246
1784395605571 0.00013295015378389508 2247
1784395605578 0.00025718880351632833 2248
1784395605586 9.434500680072233e-05 2249
1784395605595 0.0007321431185118854 2250
1784395605603 0.00014833069872111082 2251
1784395605611 0.0007393682026304305 2252
1784395605620 0.00019797416462097317 2253
1784395605628 0.0005834556650370359 2254
1784395605645 0.00034262952976860106 2255
1784395605654 0.0004429151595104486 2256
1784395605662 7.577940414194018e-05 2257
1784395605671 0.0017766534583643079 2258
1784395605680 0.00025291400379501283 2259
1784395605689 0.00016062473878264427 2260
1784395605699 6.784916331525892e-05 2261
1784395605711 0.0004320786101743579 2262
1784395605727 0.0003340216353535652 2263
1784395605736 0.00010560134251136333 2264
1784395605746 0.00019639973470475525 2265
1784395605756 0.0004591276519931853 2266
1784395605765 0.00016913030412979424 2267
1784395605776 0.0006131904083304107 2268
1784395605785 0.000420243974076584 2269
1784395605795 0.0001366398937534541 2270
1784395605805 0.00048577736015431583 2271
1784395605815 0.00020359057816676795 2272
1784395605824 0.0008823553216643631 2273
1784395605834 0.00015340946265496314 2274
1784395605843 0.00017403962556272745 2275
1784395605851 0.00016141554806381464 2276
1784395605858 0.00138429447542876 2277
1784395605866 0.00021310473675839603 2278
1784395605876 0.0004667725588660687 2279
1784395605886 0.00032755258143879473 2280
1784395605895 0.00017592930817045271 2281
1784395605904 0.00018551782704889774 2282
1784395605912 0.0002874885103665292 2283
1784395605919 0.0002805854892358184 2284
1784395605930 0.0035097715444862843 2285
1784395605938 0.00029138088575564325 2286
1784395605946 0.00015509920194745064 2287
1784395605954 0.00036561774322763085 2288
1784395605962 0.00023606696049682796 2289
1784395605972 0.00012281634553801268 2290
1784395605980 0.00018382012785878032 2291
1784395605991 0.00021135466522537172 2292
1784395605998 0.0004318857390899211 2293
1784395606006 0.00026325444923713803 2294
1784395606014 0.00019265201990492642 2295
1784395606021 0.0015038548735901713 2296
1784395606029 0.00031439075246453285 2297
1784395606039 0.00025474419817328453 2298
1784395606048 0.0001755609700921923 2299
1784395606056 0.0008101844578050077 2300
1784395606064 0.00017333388677798212 2301
1784395606071 0.00032372382702305913 2302
1784395606078 0.0019752830266952515 2303
1784395606088 0.00014372714213095605 2304
1784395606097 0.00017813425802160054 2305
1784395606107 0.00021000669221393764 2306
1784395606117 0.00019332718511577696 2307
1784395606125 0.002025994937866926 2308
1784395606134 0.00013713543012272567 2309
1784395606143 0.0009253635653294623 2310
1784395606152 0.001480674371123314 2311
1784395606161 0.00027175495051778853 2312
1784395606170 0.00024813698837533593 2313
1784395606179 0.0002478869864717126 2314
1784395606188 0.00022260758851189166 2315
1784395606196 0.00024324390687979758 2316
1784395606205 0.0005029733292758465 2317
1784395606213 0.00014244549674913287 2318
1784395606223 0.00021050425129942596 2319
1784395606232 0.00015004846500232816 2320
1784395606241 0.000345188396750018 2321
1784395606250 0.0002650946262292564 2322
1784395606258 0.0002656097640283406 2323
1784395606267 0.00017284891509916633 2324
1784395606276 0.00021896109683439136 2325
1784395606285 0.0005066550802439451 2326
1784395606294 0.00021262513473629951 2327
1784395606302 0.00024296231276821345 2328
1784395606311 9.937480353983119e-05 2329
1784395606318 0.0002740206546150148 2330
1784395606326 0.00020810248679481447 2331
1784395606333 0.0002573732053861022 2332
1784395606342 0.0009518538718111813 2333
1784395606351 0.0005983249866403639 2334
1784395606360 0.00011507132148835808 2335
1784395606368 0.00021623367501888424 2336
1784395606376 0.00014769271365366876 2337
1784395606385 0.0001377678127028048 2338
1784395606394 0.0005731040146201849 2339
1784395606402 0.0002691812696866691 2340
1784395606412 0.00040262716356664896 2341
1784395606421 0.0002499563852325082 2342
1784395606428 0.00016016274457797408 2343
1784395606435 0.00024625437799841166 2344
1784395606444 0.00014424194523599 2345
1784395606452 0.000269167881924659 2346
1784395606463 0.00045242736814543605 2347
1784395606470 0.0003588944091461599 2348
1784395606477 0.00032459734939038754 2349
1784395606486 6.0903003031853586e-05 2350
1784395606495 0.00015911893569864333 2351
1784395606502 0.00032523443223908544 2352
1784395606512 0.00019082798098679632 2353
1784395606520 0.0001040749775711447 2354
1784395606528 0.00016543417586944997 2355
1784395606537 0.0002374673349549994 2356
1784395606545 0.001499833888374269 2357
1784395606554 0.00048426928697153926 2358
1784395606562 7.915872265584767e-05 2359
1784395606571 0.000565559952519834 2360
1784395606579 0.0004480801580939442 2361
1784395606588 0.00013212878548074514 2362
1784395606597 0.0002535511739552021 2363
1784395606605 0.00016671326011419296 2364
1784395606614 0.00023644333123229444 2365
1784395606621 0.00038895654142834246 2366
1784395606628 0.00012162409257143736 2367
1784395606635 0.00017678567382972687 2368
1784395606643 0.00012754998169839382 2369
1784395606653 0.00011020648526027799 2370
1784395606661 5.902135308133438e-05 2371
1784395606669 0.0006626551039516926 2372
1784395606676 0.0003313946654088795 2373
1784395606684 7.519831706304103e-05 2374
1784395606691 0.00012219489144627005 2375
1784395606700 9.018293349072337e-05 2376
1784395606709 0.0003566814702935517 2377
1784395606719 6.27412591711618e-05 2378
1784395606728 0.00013176113134250045 2379
1784395606737 0.00035889982245862484 2380
1784395606744 0.0002139383868779987 2381
1784395606753 0.000625567277893424 2382
1784395606768 0.00012987757509108633 2383
1784395606777 0.0011557074030861259 2384
1784395606785 0.00040334754157811403 2385
1784395606793 0.00026207187329418957 2386
1784395606801 0.00020012380264233798 2387
1784395606810 0.0004818017187062651 2388
1784395606817 0.00020458111248444766 2389
1784395606825 0.0001582950062584132 2390
1784395606833 0.00012296909699216485 2391
1784395606840 0.00022351875668391585 2392
1784395606848 0.0001326258498011157 2393
1784395606858 6.674579344689846e-05 2394
1784395606867 0.00014254654524847865 2395
1784395606876 0.0002181626041419804 2396
1784395606885 0.0003266634594183415 2397
1784395606896 0.00012624968076124787 2398
1784395606904 0.00044107300345785916 2399
1784395606912 0.0008470704779028893 2400
1784395606919 0.00020829736604355276 2401
1784395606927 0.012917181476950645 2402
1784395606935 0.000315914920065552 2403
1784395606946 0.0001115816121455282 2404
1784395606955 0.00019570390577428043 2405
1784395606964 0.0001525192055851221 2406
1784395606973 0.000447612110292539 2407
1784395606981 0.004866890609264374 2408
1784395606990 0.00011737353634089231 2409
1784395606998 0.00036205333890393376 2410
1784395607005 0.00014450964226853102 2411
1784395607013 0.0005483832210302353 2412
1784395607023 0.00017121068958658725 2413
1784395607030 0.00011566517787287012 2414
1784395607037 8.806145342532545e-05 2415
1784395607045 0.0002041139086941257 2416
1784395607052 0.00014863329124636948 2417
1784395607060 0.00033498575794510543 2418
1784395607070 0.0006845748284831643 2419
1784395607079 9.427508484805003e-05 2420
1784395607088 0.0002485126897227019 2421
1784395607098 0.000484809628687799 2422
1784395607107 3.9060974813764915e-05 2423
1784395607114 0.00016556333866901696 2424
1784395607121 0.001102146110497415 2425
1784395607129 0.00010454616858623922 2426
1784395607137 0.0003453691315371543 2427
1784395607146 9.050503285834566e-05 2428
1784395607156 0.00012028901255689561 2429
1784395607165 5.248817251413129e-05 2430
1784395607175 0.00012917323329020292 2431
1784395607184 0.000473103194963187 2432
1784395607193 8.041216642595828e-05 2433
1784395607201 7.637273665750399e-05 2434
1784395607210 0.0026869112625718117 2435
1784395607217 0.00010461795318406075 2436
1784395607224 0.00015001907013356686 2437
1784395607233 9.212853910867125e-05 2438
1784395607242 0.0002312060969416052 2439
1784395607250 0.00018731704039964825 2440
1784395607257 0.0001839572942117229 2441
1784395607265 0.0002499987604096532 2442
1784395607272 0.00019469014659989625 2443
1784395607279 0.00011355969036230817 2444
1784395607289 0.00029403777443803847 2445
1784395607296 0.00040779958362691104 2446
1784395607304 0.0001241096470039338 2447
1784395607311 0.0006772176129743457 2448
1784395607318 0.00017423831741325557 2449
1784395607325 0.00010547781857894734 2450
1784395607335 0.0004087683046236634 2451
1784395607350 0.00014728878159075975 2452
1784395607359 0.0002800369984470308 2453
1784395607369 0.00014105020090937614 2454
1784395607378 0.00042671672417782247 2455
1784395607388 0.0001505071559222415 2456
1784395607397 7.023997750366107e-05 2457
1784395607406 0.00019687203166540712 2458
1784395607416 0.00010037356696557254 2459
1784395607424 3.738857776625082e-05 2460
1784395607432 0.00011944553261855617 2461
1784395607441 0.0011013711337000132 2462
1784395607449 0.00012497615534812212 2463
1784395607459 6.23910382273607e-05 2464
1784395607471 0.0006276715430431068 2465
1784395607481 0.0001531997404526919 2466
1784395607489 0.0001349110680166632 2467
1784395607497 0.0002959748962894082 2468
1784395607504 0.00028542347718030214 2469
1784395607511 6.146497617010027e-05 2470
1784395607519 8.224248449550942e-05 2471
1784395607528 0.0006643328815698624 2472
1784395607536 9.345007129013538e-05 2473
1784395607544 0.00010873837891267613 2474
1784395607554 0.0002731317363213748 2475
1784395607562 0.00014540116535499692 2476
1784395607569 0.00047649332555010915 2477
1784395607578 0.000114863520138897 2478
1784395607587 0.00045883579878136516 2479
1784395607595 6.370845949277282e-05 2480
1784395607603 3.8381647755159065e-05 2481
1784395607610 0.0013280558632686734 2482
1784395607617 0.000102504352980759 2483
1784395607624 0.00012255138426553458 2484
1784395607633 0.0002838524233084172 2485
1784395607642 0.0002045925793936476 2486
1784395607650 0.0001632752682780847 2487
1784395607658 8.481719123665243e-05 2488
1784395607666 0.0005139735294505954 2489
1784395607674 0.00010658902465365827 2490
1784395607682 0.00024281122023239732 2491
1784395607691 0.0002461498079355806 2492
1784395607700 9.36582509893924e-05 2493
1784395607708 0.000354979740222916 2494
1784395607716 7.723152521066368e-05 2495
1784395607723 0.0001123881884268485 2496
1784395607731 0.00011806975089712068 2497
1784395607741 0.0002768476551864296 2498
1784395607749 0.00011344067752361298 2499
1784395607756 5.195937410462648e-05 2500
1784395607765 0.0001487247209297493 2501
1784395607772 0.00037053594132885337 2502
1784395607780 0.00015185671509243548 2503
1784395607790 0.00023929087910801172 2504
1784395607799 0.00022187712602317333 2505
1784395607809 7.563132385257632e-05 2506
1784395607818 8.368519775103778e-05 2507
1784395607826 0.00014414505858439952 2508
1784395607834 3.510419628582895e-05 2509
1784395607842 0.00019668035383801907 2510
1784395607851 0.00010453448339831084 2511
1784395607860 6.873948586871848e-05 2512
1784395607871 0.0001433808502042666 2513
1784395607880 7.979873043950647e-05 2514
1784395607889 8.256579894805327e-05 2515
1784395607898 0.00021272242884151638 2516
1784395607907 0.00032134566572494805 2517
1784395607914 0.00018312242173124105 2518
1784395607923 0.0001027057587634772 2519
1784395607933 0.00016784091712906957 2520
1784395607941 5.8525980421109125e-05 2521
1784395607949 0.0006471638334915042 2522
1784395607956 0.0002498556859791279 2523
1784395607964 8.564353629481047e-05 2524
1784395607973 9.34386407607235e-05 2525
1784395607982 0.00010190412285737693 2526
1784395607989 0.00011240169988013804 2527
1784395607997 8.234858978539705e-05 2528
1784395608004 9.13568728719838e-05 2529
1784395608012 0.0001357230794383213 2530
1784395608019 0.0006796384695917368 2531
1784395608029 9.418962144991383e-05 2532
1784395608039 0.0002049934701062739 2533
1784395608048 8.60549189383164e-05 2534
1784395608056 0.00012927385978400707 2535
1784395608068 0.00013299008423928171 2536
1784395608077 0.00013465777738019824 2537
1784395608086 0.0002872123150154948 2538
1784395608094 6.438884884119034e-05 2539
1784395608103 0.00025936757447198033 2540
1784395608111 0.0008640317828394473 2541
1784395608120 7.183015259215608e-05 2542
1784395608128 9.166589006781578e-05 2543
1784395608138 0.00014204283070284873 2544
1784395608147 0.0001457354228477925 2545
1784395608156 0.00023634334502276033 2546
1784395608163 6.884735194034874e-05 2547
1784395608171 7.807915972080082e-05 2548
1784395608179 0.0002994905225932598 2549
1784395608188 0.00017265592759940773 2550
1784395608198 5.2882216550642624e-05 2551
1784395608206 8.360691572306678e-05 2552
1784395608213 0.0001338528236374259 2553
1784395608221 6.152241985546425e-05 2554
1784395608228 0.0002250463585369289 2555
1784395608236 0.00012152933049947023 2556
1784395608245 9.106276411330327e-05 2557
1784395608254 8.140721183735877e-05 2558
1784395608263 8.037691441131756e-05 2559
1784395608273 0.0001790200622053817 2560
1784395608281 0.000374387891497463 2561
1784395608290 7.600044773425907e-05 2562
1784395608299 9.595404117135331e-05 2563
1784395608312 0.00011724288924597204 2564
1784395608322 0.00012598439934663475 2565
1784395608331 3.7101977795828134e-05 2566
1784395608340 6.1006641772110015e-05 2567
1784395608350 0.00015223781520035118 2568
1784395608358 0.00012891860387753695 2569
1784395608368 0.00010451792331878096 2570
1784395608378 0.0002522073918953538 2571
1784395608387 4.481204450712539e-05 2572
1784395608396 3.071345781791024e-05 2573
1784395608405 0.00016078371845651418 2574
1784395608414 6.884977483423427e-05 2575
1784395608423 6.471226515714079e-05 2576
1784395608432 0.00010190058674197644 2577
1784395608442 0.00012011416401946917 2578
1784395608452 0.00021694792667403817 2579
1784395608462 9.791012416826561e-05 2580
1784395608472 9.298734948970377e-05 2581
1784395608482 0.00019010264077223837 2582
1784395608491 0.00012647610856220126 2583
1784395608499 0.0003217501216568053 2584
1784395608508 9.721098467707634e-05 2585
1784395608517 0.00011852312309201807 2586
1784395608525 7.430755067616701e-05 2587
1784395608532 0.00011924658610951155 2588
1784395608540 0.00020945699361618608 2589
1784395608548 0.00022324018937069923 2590
1784395608557 9.399906411999837e-05 2591
1784395608566 7.317906420212239e-05 2592
1784395608575 4.8089663323480636e-05 2593
1784395608583 5.108365439809859e-05 2594
1784395608590 6.68691354803741e-05 2595
1784395608598 0.00016433042765129358 2596
1784395608607 0.0001771365787135437 2597
1784395608615 0.00014778762124478817 2598
1784395608624 0.00014641141751781106 2599
1784395608632 0.00012914703984279186 2600
1784395608640 5.150280776433647e-05 2601
1784395608648 8.11153877293691e-05 2602
1784395608655 7.530883885920048e-05 2603
1784395608665 0.00011614859249675646 2604
1784395608674 0.00010420891339890659 2605
1784395608682 0.0002019927924266085 2606
1784395608690 9.499594307271764e-05 2607
1784395608698 0.0001789648231351748 2608
1784395608707 7.717793778283522e-05 2609
1784395608714 0.00016103469533845782 2610
1784395608726 2.2634478227701038e-05 2611
1784395608734 0.00014792828005738556 2612
1784395608742 6.96078859618865e-05 2613
1784395608750 4.4748408981831744e-05 2614
1784395608758 0.0001971171295735985 2615
1784395608765 0.00041851773858070374 2616
1784395608774 0.00010586330608930439 2617
1784395608784 7.739537977613509e-05 2618
1784395608792 0.00026566433371044695 2619
1784395608801 4.3559215555433184e-05 2620
1784395608809 7.529876893386245e-05 2621
1784395608817 0.0001433221041224897 2622
1784395608825 5.1030707254540175e-05 2623
1784395608834 9.37760851229541e-05 2624
1784395608842 0.00010048292460851371 2625
1784395608849 0.0006484274636022747 2626
1784395608856 0.0002630719682201743 2627
1784395608864 5.1061404519714415e-05 2628
1784395608873 4.770562009071e-05 2629
1784395608882 0.00013111045700497925 2630
1784395608892 8.768370753386989e-05 2631
1784395608900 7.62157142162323e-05 2632
1784395608908 0.00019269401673227549 2633
1784395608915 0.00016072511789388955 2634
1784395608923 7.773261313559487e-05 2635
1784395608931 9.244347165804356e-05 2636
1784395608940 0.00030337617499753833 2637
1784395608949 0.00035327087971381843 2638
1784395608957 0.0001230730558745563 2639
1784395608966 0.00020547790336422622 2640
1784395608975 0.00016638878150843084 2641
1784395608982 8.316968160215765e-05 2642
1784395608991 0.00012952106771990657 2643
1784395608999 7.223585271276534e-05 2644
1784395609007 3.969364843214862e-05 2645
1784395609016 0.0001384808128932491 2646
1784395609025 2.940456397482194e-05 2647
1784395609033 5.238437734078616e-05 2648
1784395609042 0.00037298016832210124 2649
1784395609049 0.00014464308333117515 2650
1784395609057 4.200801777187735e-05 2651
1784395609067 0.00013427843805402517 2652
1784395609076 5.7880617532646284e-05 2653
1784395609085 9.641820361139253e-05 2654
1784395609095 8.954798249760643e-05 2655
1784395609103 5.3528779972111806e-05 2656
1784395609110 0.00020567122555803508 2657
1784395609121 8.89844523044303e-05 2658
1784395609129 8.177670679287985e-05 2659
1784395609138 9.2073627456557e-05 2660
1784395609147 0.00021824552095495164 2661
1784395609156 3.7968889955664054e-05 2662
1784395609163 5.9652593336068094e-05 2663
1784395609171 8.834312757244334e-05 2664
1784395609180 7.266139436978847e-05 2665
1784395609189 0.00047069237916730344 2666
1784395609197 0.00014063750859349966 2667
1784395609206 0.007615195121616125 2668
1784395609216 9.4744966190774e-05 2669
1784395609225 7.569562876597047e-05 2670
1784395609235 7.356576679740101e-05 2671
1784395609244 0.00020990098710171878 2672
1784395609253 0.00022602670651394874 2673
1784395609262 0.00031870295060798526 2674
1784395609270 0.00016150537703651935 2675
1784395609278 8.691707625985146e-05 2676
1784395609286 0.00020156953542027622 2677
1784395609296 0.00025256347726099193 2678
1784395609305 9.566227527102455e-05 2679
1784395609314 0.0003078230656683445 2680
1784395609323 8.487461309414357e-05 2681
1784395609331 8.272020204458386e-05 2682
1784395609339 0.0002787504927255213 2683
1784395609346 0.00023683920153416693 2684
1784395609354 6.59261058899574e-05 2685
1784395609362 0.0002066605375148356 2686
1784395609371 0.00014974740042816848 2687
1784395609380 0.0002102857833961025 2688
1784395609389 0.00044926561531610787 2689
1784395609397 3.9091308281058446e-05 2690
1784395609406 0.00012029368372168392 2691
1784395609414 0.0001971999299712479 2692
1784395609424 0.00010146241402253509 2693
1784395609434 0.0003849871864076704 2694
1784395609443 0.00017981900600716472 2695
1784395609452 0.00034605799010023475 2696
1784395609461 3.6336314224172384e-05 2697
1784395609472 8.605715265730396e-06 2698
1784395609482 0.000344308209605515 2699
1784395609491 0.0002337737678317353 2700
1784395609501 7.875334995333105e-05 2701
1784395609509 9.169183613266796e-05 2702
1784395609516 6.949991075089201e-05 2703
1784395609525 0.00015605425869580358 2704
1784395609534 0.00029317830922082067 2705
1784395609543 0.00020884086552541703 2706
1784395609552 0.00010176240175496787 2707
1784395609560 0.00015795088256709278 2708
1784395609569 0.00023191030777525157 2709
1784395609576 0.00012794490612577647 2710
1784395609584 7.595334318466485e-05 2711
1784395609592 6.773712084395811e-05 2712
1784395609602 0.00017422411474399269 2713
1784395609611 0.00012881842849310488 2714
1784395609619 0.00011737138265743852 2715
1784395609626 7.88098550401628e-05 2716
1784395609634 6.25948523520492e-05 2717
1784395609641 0.0008018605294637382 2718
1784395609651 0.00011533515498740599 2719
1784395609661 7.515516335843131e-05 2720
1784395609670 9.179106564261019e-05 2721
1784395609679 7.954279863042757e-05 2722
1784395609689 0.00016707213944755495 2723
1784395609697 8.946729940362275e-05 2724
1784395609707 0.00018145960348192602 2725
1784395609715 4.777211870532483e-05 2726
1784395609724 0.0001026740501401946 2727
1784395609732 0.00022322859149426222 2728
1784395609739 0.00025665652356110513 2729
1784395609747 0.00023567953030578792 2730
1784395609755 8.696796430740505e-05 2731
1784395609762 0.00019766908371821046 2732
1784395609771 0.00019698392134159803 2733
1784395609781 5.501494524651207e-05 2734
1784395609789 0.00010989153815899044 2735
1784395609796 3.9110436773626134e-05 2736
1784395609804 0.00048257297021336854 2737
1784395609811 5.459803651319817e-05 2738
1784395609818 8.659913146402687e-05 2739
1784395609827 0.00035817036405205727 2740
1784395609835 0.00012130870163673535 2741
1784395609843 3.512768307700753e-05 2742
1784395609850 0.00018303722026757896 2743
1784395609857 3.6980389268137515e-05 2744
1784395609865 2.7810014216811396e-05 2745
1784395609875 0.0001364988274872303 2746
1784395609884 8.334307494806126e-05 2747
1784395609893 8.128865738399327e-05 2748
1784395609902 5.241296094027348e-05 2749
1784395609911 3.648342317319475e-05 2750
1784395609920 9.475289698457345e-05 2751
1784395609928 7.135416672099382e-05 2752
1784395609935 4.658090620068833e-05 2753
1784395609942 0.00014050083700567484 2754
1784395609950 0.0005569205386564136 2755
1784395609958 2.9291530154296197e-05 2756
1784395609968 4.4065614929422736e-05 2757
1784395609976 9.040519944392145e-05 2758
1784395609984 0.00011456091306172311 2759
1784395609992 0.00023861399677116424 2760
1784395609999 4.109781002625823e-05 2761
1784395610007 6.185218808241189e-05 2762
1784395610016 0.0002344014501431957 2763
1784395610025 3.965483483625576e-05 2764
1784395610033 3.669964280561544e-05 2765
1784395610042 0.00041862495709210634 2766
1784395610051 5.544546729652211e-05 2767
1784395610059 0.0001770133967511356 2768
1784395610066 0.00037302638520486653 2769
1784395610074 3.2882977393455803e-05 2770
1784395610081 3.715579441632144e-05 2771
1784395610088 0.0001973174512386322 2772
1784395610097 0.0001474749151384458 2773
1784395610104 3.739526800927706e-05 2774
1784395610112 3.040807496290654e-05 2775
1784395610119 0.00014091719640418887 2776
1784395610126 0.0005056415102444589 2777
1784395610133 7.742116576991975e-05 2778
1784395610141 0.00020336972374934703 2779
1784395610151 0.00024090538499876857 2780
1784395610159 0.000442943477537483 2781
1784395610168 7.322730380110443e-05 2782
1784395610175 7.22564582247287e-05 2783
1784395610183 0.0007735218969173729 2784
1784395610191 3.928194200852886e-05 2785
1784395610200 8.027446892810985e-05 2786
1784395610208 0.00011167821503477171 2787
1784395610218 3.1448365916730836e-05 2788
1784395610227 2.5732439098646864e-05 2789
1784395610236 0.00021444652520585805 2790
1784395610244 6.384159496519715e-05 2791
1784395610252 0.00029435951728373766 2792
1784395610260 0.00010658943210728467 2793
1784395610268 4.83470648759976e-05 2794
1784395610277 4.551885649561882e-05 2795
1784395610286 6.419883720809594e-05 2796
1784395610294 4.17218470829539e-05 2797
1784395610302 5.325475649442524e-05 2798
1784395610309 4.523319148574956e-05 2799
1784395610316 0.0031860843300819397 2800
1784395610324 0.00013319848221726716 2801
1784395610333 0.00025921984342858195 2802
1784395610342 8.190897642634809e-05 2803
1784395610350 0.00024040666176006198 2804
1784395610358 8.763995720073581e-05 2805
1784395610365 7.382228795904666e-05 2806
1784395610373 9.501524618826807e-05 2807
1784395610381 0.000126224709674716 2808
1784395610391 7.276150427060202e-05 2809
1784395610400 0.00048167179920710623 2810
