1784395655104 2.799739360809326 0
1784395655113 0.10296392440795898 1
1784395655120 1.6581321954727173 2
1784395655130 4.714795112609863 3
1784395655138 11.320185661315918 4
1784395655147 8.908227920532227 5
1784395655155 9.832737922668457 6
1784395655165 22.119237899780273 7
1784395655174 34.22072219848633 8
1784395655183 54.19582748413086 9
1784395655192 65.0537109375 10
1784395655200 67.54590606689453 11
1784395655209 74.97757720947266 12
1784395655216 82.7631607055664 13
1784395655226 87.3841323852539 14
1784395655234 93.01219940185547 15
1784395655245 83.14435577392578 16
1784395655254 89.48685455322266 17
1784395655263 78.35096740722656 18
1784395655272 68.75830078125 19
1784395655281 58.26408386230469 20
1784395655291 58.567569732666016 21
1784395655299 44.23019027709961 22
1784395655311 36.76824951171875 23
1784395655320 34.44727325439453 24
1784395655330 22.368289947509766 25
1784395655341 17.366687774658203 26
1784395655349 14.271190643310547 27
1784395655358 8.192703247070312 28
1784395655367 4.358347415924072 29
1784395655375 5.448841571807861 30
1784395655384 7.743194103240967 31
1784395655392 7.281556129455566 32
1784395655401 4.061805725097656 33
1784395655409 1.4398810863494873 34
1784395655417 3.260100841522217 35
1784395655425 3.492743730545044 36
1784395655434 4.613829612731934 37
1784395655442 3.9828619956970215 38
1784395655451 4.2851691246032715 39
1784395655459 3.661245346069336 40
1784395655468 2.2078020572662354 41
1784395655477 2.338754892349243 42
1784395655485 3.199298143386841 43
1784395655493 3.8610830307006836 44
1784395655501 2.8112854957580566 45
1784395655508 1.7832688093185425 46
1784395655516 1.9428645372390747 47
1784395655525 1.7146601676940918 48
1784395655532 3.407205820083618 49
1784395655541 1.2720249891281128 50
1784395655548 1.5376381874084473 51
1784395655556 1.5688402652740479 52
1784395655563 1.2941116094589233 53
1784395655572 1.3082963228225708 54
1784395655580 1.8355554342269897 55
1784395655589 2.196810722351074 56
1784395655598 1.052082896232605 57
1784395655607 1.0245981216430664 58
1784395655616 0.980897068977356 59
1784395655624 0.8289735913276672 60
1784395655633 1.3654285669326782 61
1784395655642 0.6763052940368652 62
1784395655651 0.48910313844680786 63
1784395655658 0.40166881680488586 64
1784395655665 0.4646458625793457 65
1784395655673 0.3864998519420624 66
1784395655681 0.4695393443107605 67
1784395655688 0.27961158752441406 68
1784395655695 0.3424486517906189 69
1784395655703 0.46994924545288086 70
1784395655711 0.36487430334091187 71
1784395655719 0.8812737464904785 72
1784395655726 0.4625450074672699 73
1784395655733 0.253847599029541 74
1784395655741 0.23679624497890472 75
1784395655749 0.2658698260784149 76
1784395655756 0.2823571562767029 77
1784395655763 0.20699194073677063 78
1784395655771 0.22337478399276733 79
1784395655778 0.3556259572505951 80
1784395655786 0.27680230140686035 81
1784395655793 0.2612573504447937 82
1784395655800 0.34252485632896423 83
1784395655808 0.32393360137939453 84
1784395655816 0.28037622570991516 85
1784395655824 0.23405134677886963 86
1784395655832 0.2086702436208725 87
1784395655839 0.18835732340812683 88
1784395655847 0.3287363052368164 89
1784395655854 0.2667345106601715 90
1784395655863 0.24468985199928284 91
1784395655870 0.22083860635757446 92
1784395655878 0.16211223602294922 93
1784395655886 0.3058539927005768 94
1784395655893 0.36775505542755127 95
1784395655901 0.19317936897277832 96
1784395655908 0.19884265959262848 97
1784395655915 0.3552256226539612 98
1784395655924 0.2142167091369629 99
1784395655932 0.16390971839427948 100
1784395655941 0.14261095225811005 101
1784395655949 0.16063261032104492 102
1784395655957 0.13437694311141968 103
1784395655966 0.144764244556427 104
1784395655973 0.1662084311246872 105
1784395655981 0.10919159650802612 106
1784395655988 0.10613847523927689 107
1784395655997 0.21026425063610077 108
1784395656005 0.19572505354881287 109
1784395656012 0.19002576172351837 110
1784395656020 0.15016087889671326 111
1784395656028 0.14165177941322327 112
1784395656035 0.17268982529640198 113
1784395656043 0.19456636905670166 114
1784395656052 0.139673113822937 115
1784395656060 0.16803249716758728 116
1784395656068 0.15532809495925903 117
1784395656076 0.23229944705963135 118
1784395656084 0.2042553424835205 119
1784395656092 0.21372713148593903 120
1784395656100 0.15864145755767822 121
1784395656108 0.17375047504901886 122
1784395656116 0.1907062977552414 123
1784395656124 0.20759057998657227 124
1784395656133 0.2529577612876892 125
1784395656141 0.13298338651657104 126
1784395656149 0.14860646426677704 127
1784395656157 0.16873306035995483 128
1784395656165 0.07966740429401398 129
1784395656172 0.1190410852432251 130
1784395656179 0.11267045140266418 131
1784395656186 0.12878167629241943 132
1784395656193 0.19040276110172272 133
1784395656201 0.2058579921722412 134
1784395656210 0.2145782709121704 135
1784395656217 0.10118428617715836 136
1784395656225 0.13826732337474823 137
1784395656234 0.14736749231815338 138
1784395656242 0.17215272784233093 139
1784395656251 0.11787119507789612 140
1784395656261 0.12138859927654266 141
1784395656270 0.20969568192958832 142
1784395656279 0.16645696759223938 143
1784395656288 0.09053394198417664 144
1784395656298 0.14353320002555847 145
1784395656307 0.12906816601753235 146
1784395656317 0.17152991890907288 147
1784395656326 0.11041174829006195 148
1784395656335 0.08499258756637573 149
1784395656343 0.12437169998884201 150
1784395656352 0.09531087428331375 151
1784395656360 0.11661335825920105 152
1784395656369 0.15337607264518738 153
1784395656376 0.1283348947763443 154
1784395656384 0.1986842155456543 155
1784395656392 0.1771119087934494 156
1784395656399 0.0999443307518959 157
1784395656406 0.12349996715784073 158
1784395656415 0.06605253368616104 159
1784395656423 0.15364781022071838 160
1784395656431 0.09898533672094345 161
1784395656439 0.1437389999628067 162
1784395656447 0.2029576450586319 163
1784395656455 0.12028522789478302 164
1784395656464 0.14149171113967896 165
1784395656472 0.16194957494735718 166
1784395656480 0.13871337473392487 167
1784395656487 0.22957393527030945 168
1784395656496 0.11489725112915039 169
1784395656504 0.12387292832136154 170
1784395656511 0.20849484205245972 171
1784395656520 0.09963267296552658 172
1784395656528 0.17875993251800537 173
1784395656537 0.22601476311683655 174
1784395656545 0.12319562584161758 175
1784395656554 0.14287090301513672 176
1784395656562 0.2630622982978821 177
1784395656572 0.15567529201507568 178
1784395656580 0.14522160589694977 179
1784395656589 0.1373196542263031 180
1784395656597 0.06935330480337143 181
1784395656606 0.04381421208381653 182
1784395656615 0.11311644315719604 183
1784395656623 0.2049909234046936 184
1784395656632 0.24214689433574677 185
1784395656640 0.15379196405410767 186
1784395656647 0.13119667768478394 187
1784395656654 0.08923732489347458 188
1784395656662 0.10436499118804932 189
1784395656670 0.12099950015544891 190
1784395656677 0.14200736582279205 191
1784395656685 0.11177506297826767 192
1784395656693 0.10058657079935074 193
1784395656700 0.07447461783885956 194
1784395656708 0.19369655847549438 195
1784395656715 0.05485464259982109 196
1784395656723 0.16361704468727112 197
1784395656730 0.09600591659545898 198
1784395656738 0.09647174924612045 199
1784395656745 0.12196110934019089 200
1784395656752 0.15308009088039398 201
1784395656760 0.049937788397073746 202
1784395656768 0.13282015919685364 203
1784395656777 0.09702342748641968 204
1784395656784 0.24243997037410736 205
1784395656792 0.12489736080169678 206
1784395656799 0.12134439498186111 207
1784395656807 0.1633077710866928 208
1784395656815 0.1200861856341362 209
1784395656824 0.21393537521362305 210
1784395656832 0.14718645811080933 211
1784395656841 0.1610444188117981 212
1784395656849 0.22174912691116333 213
1784395656858 0.11051398515701294 214
1784395656866 0.061775244772434235 215
1784395656874 0.1404266357421875 216
1784395656881 0.106324702501297 217
1784395656890 0.14990074932575226 218
1784395656897 0.0775713250041008 219
1784395656906 0.1716756969690323 220
1784395656914 0.1508106142282486 221
1784395656922 0.12316873669624329 222
1784395656929 0.13770166039466858 223
1784395656938 0.15397506952285767 224
1784395656945 0.12487863004207611 225
1784395656952 0.12364796549081802 226
1784395656960 0.13454486429691315 227
1784395656967 0.153487890958786 228
1784395656975 0.1497851014137268 229
1784395656985 0.10391592979431152 230
1784395656993 0.09380839765071869 231
1784395657002 0.16597044467926025 232
1784395657010 0.0851372554898262 233
1784395657017 0.13254113495349884 234
1784395657025 0.154707133769989 235
1784395657032 0.12437673658132553 236
1784395657041 0.09745137393474579 237
1784395657048 0.07282330095767975 238
1784395657056 0.12702758610248566 239
1784395657064 0.08541542291641235 240
1784395657071 0.1342366635799408 241
1784395657078 0.1903846114873886 242
1784395657086 0.1319568157196045 243
1784395657094 0.12056290358304977 244
1784395657102 0.13813516497612 245
1784395657111 0.08403153717517853 246
1784395657119 0.10980857908725739 247
1784395657126 0.13236595690250397 248
1784395657133 0.16712936758995056 249
1784395657141 0.1223926693201065 250
1784395657148 0.04665982723236084 251
1784395657156 0.05895885080099106 252
1784395657163 0.14055480062961578 253
1784395657171 0.18548427522182465 254
1784395657180 0.08208030462265015 255
1784395657187 0.09925471991300583 256
1784395657195 0.1534944772720337 257
1784395657203 0.1137494370341301 258
1784395657211 0.08414285629987717 259
1784395657220 0.11512193828821182 260
1784395657229 0.1184764951467514 261
1784395657236 0.11671522259712219 262
1784395657246 0.11315939575433731 263
1784395657254 0.09512556344270706 264
1784395657263 0.09751763939857483 265
1784395657271 0.12237796187400818 266
1784395657278 0.07467217743396759 267
1784395657286 0.09839706867933273 268
1784395657294 0.2620985507965088 269
1784395657302 0.11108162999153137 270
1784395657309 0.11603742092847824 271
1784395657317 0.10229798406362534 272
1784395657325 0.13492120802402496 273
1784395657332 0.07786907255649567 274
1784395657340 0.12527517974376678 275
1784395657348 0.10128061473369598 276
1784395657356 0.10889482498168945 277
1784395657363 0.09135865420103073 278
1784395657371 0.09013985097408295 279
1784395657380 0.10107235610485077 280
1784395657388 0.12073750793933868 281
1784395657394 0.12039811909198761 282
1784395657402 0.08925578743219376 283
1784395657410 0.1531653255224228 284
1784395657417 0.11394922435283661 285
1784395657424 0.09158672392368317 286
1784395657432 0.11030785739421844 287
1784395657440 0.092807836830616 288
1784395657447 0.0892949104309082 289
1784395657454 0.08110842108726501 290
1784395657462 0.07655685395002365 291
1784395657470 0.10290799289941788 292
1784395657477 0.11541847884654999 293
1784395657485 0.1589440107345581 294
1784395657493 0.14340972900390625 295
1784395657501 0.10221569240093231 296
1784395657508 0.03984638676047325 297
1784395657516 0.15725691616535187 298
1784395657523 0.12206108868122101 299
1784395657531 0.06732913851737976 300
1784395657538 0.07575836032629013 301
1784395657545 0.10832718014717102 302
1784395657553 0.0803721472620964 303
1784395657561 0.030640944838523865 304
1784395657568 0.17501579225063324 305
1784395657576 0.11180874705314636 306
1784395657583 0.11791365593671799 307
1784395657591 0.10860283672809601 308
1784395657599 0.10039742290973663 309
1784395657606 0.11535671353340149 310
1784395657613 0.1097894012928009 311
1784395657621 0.10438158363103867 312
1784395657628 0.12619538605213165 313
1784395657637 0.1397465318441391 314
1784395657646 0.12094930559396744 315
1784395657654 0.08504104614257812 316
1784395657662 0.1267952024936676 317
1784395657670 0.11693800985813141 318
1784395657678 0.09107622504234314 319
1784395657685 0.09768625348806381 320
1784395657692 0.08318836241960526 321
1784395657702 0.10654981434345245 322
1784395657710 0.09837079048156738 323
1784395657720 0.11932174861431122 324
1784395657728 0.13350513577461243 325
1784395657737 0.13538561761379242 326
1784395657744 0.1424037218093872 327
1784395657752 0.10193245112895966 328
1784395657759 0.05010699853301048 329
1784395657768 0.1263505071401596 330
1784395657776 0.1509893536567688 331
1784395657783 0.10721386969089508 332
1784395657790 0.09294094890356064 333
1784395657798 0.10902135819196701 334
1784395657805 0.07756540179252625 335
1784395657812 0.10825474560260773 336
1784395657820 0.09552241116762161 337
1784395657828 0.06445769220590591 338
1784395657835 0.19113394618034363 339
1784395657843 0.1892431378364563 340
1784395657850 0.13777728378772736 341
1784395657858 0.09327932447195053 342
1784395657865 0.159340500831604 343
1784395657873 0.12683594226837158 344
1784395657880 0.13455241918563843 345
1784395657888 0.15824751555919647 346
1784395657896 0.12093071639537811 347
1784395657904 0.21111184358596802 348
1784395657912 0.09758160263299942 349
1784395657920 0.05176045373082161 350
1784395657928 0.10708919167518616 351
1784395657935 0.15381565690040588 352
1784395657943 0.07984855771064758 353
1784395657951 0.05609886348247528 354
1784395657958 0.09022260457277298 355
1784395657966 0.06305805593729019 356
1784395657974 0.12904155254364014 357
1784395657982 0.16705743968486786 358
1784395657989 0.11510130017995834 359
1784395657998 0.15026269853115082 360
1784395658006 0.06817702203989029 361
1784395658013 0.08255964517593384 362
1784395658023 0.057471536099910736 363
1784395658031 0.07097022980451584 364
1784395658038 0.08639231324195862 365
1784395658046 0.03651563078165054 366
1784395658053 0.09142187982797623 367
1784395658062 0.07970265299081802 368
1784395658070 0.04498988389968872 369
1784395658078 0.1291496753692627 370
1784395658087 0.11151820421218872 371
1784395658095 0.11905134469270706 372
1784395658103 0.10457239300012589 373
1784395658112 0.11174149811267853 374
1784395658121 0.20587757229804993 375
1784395658131 0.12480952590703964 376
1784395658139 0.08096031844615936 377
1784395658148 0.11242660880088806 378
1784395658156 0.09635337442159653 379
1784395658165 0.17579706013202667 380
1784395658173 0.1725146323442459 381
1784395658181 0.18507835268974304 382
1784395658188 0.12311422824859619 383
1784395658196 0.16020676493644714 384
1784395658204 0.16247093677520752 385
1784395658212 0.12678375840187073 386
1784395658219 0.12124618887901306 387
1784395658227 0.054528385400772095 388
1784395658235 0.10832135379314423 389
1784395658242 0.125356987118721 390
1784395658249 0.15363776683807373 391
1784395658257 0.09769634157419205 392
1784395658266 0.11974067986011505 393
1784395658274 0.23140273988246918 394
1784395658281 0.11049600690603256 395
1784395658290 0.12120458483695984 396
1784395658297 0.09870404750108719 397
1784395658304 0.11871933937072754 398
1784395658313 0.10414396971464157 399
1784395658320 0.09608885645866394 400
1784395658328 0.07996513694524765 401
1784395658335 0.09608163684606552 402
1784395658344 0.07775241136550903 403
1784395658351 0.1502399742603302 404
1784395658359 0.09934157133102417 405
1784395658366 0.07459384202957153 406
1784395658374 0.10879825800657272 407
1784395658381 0.056514889001846313 408
1784395658389 0.12056051194667816 409
1784395658396 0.10305808484554291 410
1784395658404 0.14439527690410614 411
1784395658412 0.1343439221382141 412
1784395658419 0.086140938103199 413
1784395658427 0.18419413268566132 414
1784395658435 0.08707902580499649 415
1784395658442 0.10266782343387604 416
1784395658449 0.13085000216960907 417
1784395658458 0.09129901230335236 418
1784395658466 0.16076041758060455 419
1784395658473 0.10121000558137894 420
1784395658481 0.09152363240718842 421
1784395658489 0.13760855793952942 422
1784395658496 0.10511630773544312 423
1784395658503 0.0902307778596878 424
1784395658511 0.13299371302127838 425
1784395658519 0.10284455865621567 426
1784395658527 0.09818004816770554 427
1784395658535 0.10571887344121933 428
1784395658544 0.18069246411323547 429
1784395658551 0.15867403149604797 430
1784395658559 0.14646904170513153 431
1784395658568 0.12823165953159332 432
1784395658576 0.11775858700275421 433
1784395658585 0.16026189923286438 434
1784395658593 0.24760587513446808 435
1784395658601 0.0842108428478241 436
1784395658610 0.08175984770059586 437
1784395658618 0.031057195737957954 438
1784395658625 0.11565069854259491 439
1784395658633 0.19394811987876892 440
1784395658641 0.11332330107688904 441
1784395658648 0.165724515914917 442
1784395658656 0.11215074360370636 443
1784395658664 0.09534192830324173 444
1784395658673 0.09100081771612167 445
1784395658680 0.09792597591876984 446
1784395658688 0.20448839664459229 447
1784395658697 0.10442505031824112 448
1784395658704 0.1190655305981636 449
1784395658711 0.07246708869934082 450
1784395658720 0.13237294554710388 451
1784395658727 0.11547747254371643 452
1784395658735 0.13542389869689941 453
1784395658742 0.06960967928171158 454
1784395658750 0.1424090564250946 455
1784395658757 0.09895003587007523 456
1784395658765 0.0657239481806755 457
1784395658772 0.096736378967762 458
1784395658780 0.1151219978928566 459
1784395658787 0.12370955944061279 460
1784395658794 0.08142200112342834 461
1784395658802 0.10950259864330292 462
1784395658810 0.13717244565486908 463
1784395658818 0.11027321219444275 464
1784395658825 0.06466905027627945 465
1784395658832 0.10663095861673355 466
1784395658841 0.11219792068004608 467
1784395658849 0.06184842064976692 468
1784395658858 0.07192873954772949 469
1784395658867 0.07702388614416122 470
1784395658875 0.05097038298845291 471
1784395658883 0.08075090497732162 472
1784395658891 0.07587741315364838 473
1784395658898 0.07860228419303894 474
1784395658906 0.09458160400390625 475
1784395658914 0.055327776819467545 476
1784395658921 0.08195449411869049 477
1784395658929 0.068180151283741 478
1784395658938 0.08649405837059021 479
1784395658945 0.12550166249275208 480
1784395658952 0.09860344976186752 481
1784395658960 0.08524924516677856 482
1784395658968 0.0581020712852478 483
1784395658984 0.08130897581577301 484
1784395658993 0.07520672678947449 485
1784395659001 0.09827186912298203 486
1784395659009 0.04893012344837189 487
1784395659017 0.05273835361003876 488
1784395659024 0.08643689751625061 489
1784395659031 0.11185917258262634 490
1784395659040 0.055405229330062866 491
1784395659049 0.06263202428817749 492
1784395659057 0.047835223376750946 493
1784395659065 0.08750751614570618 494
1784395659073 0.08441974222660065 495
1784395659080 0.04997224360704422 496
1784395659089 0.06249166652560234 497
1784395659097 0.05240553990006447 498
1784395659104 0.04296790808439255 499
1784395659111 0.1231548935174942 500
1784395659120 0.0830199122428894 501
1784395659127 0.08486711978912354 502
1784395659135 0.06385782361030579 503
1784395659142 0.05187023803591728 504
1784395659151 0.06302645802497864 505
1784395659159 0.07856366038322449 506
1784395659167 0.07623347640037537 507
1784395659175 0.07159531116485596 508
1784395659183 0.07793968915939331 509
1784395659192 0.09084870666265488 510
1784395659200 0.1109585389494896 511
1784395659209 0.0530058927834034 512
1784395659218 0.07994429022073746 513
1784395659226 0.05820678547024727 514
1784395659235 0.11052554100751877 515
1784395659243 0.11657676100730896 516
1784395659250 0.10711649060249329 517
1784395659258 0.09832757711410522 518
1784395659267 0.08468882739543915 519
1784395659275 0.09734401106834412 520
1784395659283 0.10039173066616058 521
1784395659291 0.1106167882680893 522
1784395659298 0.09686274081468582 523
1784395659306 0.12084353715181351 524
1784395659314 0.10795939713716507 525
1784395659321 0.08213087916374207 526
1784395659329 0.07689336687326431 527
1784395659336 0.07606080919504166 528
1784395659344 0.0768585056066513 529
1784395659352 0.07239722460508347 530
1784395659359 0.11920279264450073 531
1784395659366 0.05288100987672806 532
1784395659374 0.06834886968135834 533
1784395659383 0.0909523218870163 534
1784395659392 0.06437169760465622 535
1784395659400 0.13306650519371033 536
1784395659408 0.13962797820568085 537
1784395659415 0.1224440187215805 538
1784395659424 0.09570983052253723 539
1784395659431 0.05233744531869888 540
1784395659438 0.09162227809429169 541
1784395659445 0.1919635385274887 542
1784395659453 0.07829972356557846 543
1784395659461 0.11070173978805542 544
1784395659467 0.07162049412727356 545
1784395659474 0.049391668289899826 546
1784395659481 0.09029556810855865 547
1784395659488 0.08516521751880646 548
1784395659496 0.06263991445302963 549
1784395659503 0.036675408482551575 550
1784395659509 0.0753866657614708 551
1784395659516 0.05686481297016144 552
1784395659524 0.0801820456981659 553
1784395659530 0.047460831701755524 554
1784395659538 0.08671684563159943 555
1784395659545 0.07539060711860657 556
1784395659552 0.07970169931650162 557
1784395659559 0.1020415797829628 558
1784395659566 0.07985736429691315 559
1784395659572 0.06218262016773224 560
1784395659579 0.07718396186828613 561
1784395659587 0.033106233924627304 562
1784395659594 0.09056349843740463 563
1784395659601 0.07286953926086426 564
1784395659608 0.06043596938252449 565
1784395659615 0.058769892901182175 566
1784395659622 0.04303378984332085 567
1784395659630 0.058564454317092896 568
1784395659637 0.039122000336647034 569
1784395659644 0.05058175325393677 570
1784395659651 0.055019211024045944 571
1784395659658 0.028319919481873512 572
1784395659667 0.05589728802442551 573
1784395659674 0.022433407604694366 574
1784395659681 0.053634271025657654 575
1784395659688 0.043443284928798676 576
1784395659695 0.033102698624134064 577
1784395659702 0.10675168037414551 578
1784395659709 0.046603910624980927 579
1784395659716 0.035410359501838684 580
1784395659723 0.06926479935646057 581
1784395659730 0.027023151516914368 582
1784395659737 0.058534905314445496 583
1784395659744 0.087065190076828 584
1784395659751 0.06638763844966888 585
1784395659758 0.08176048845052719 586
1784395659765 0.05184992402791977 587
1784395659772 0.040682777762413025 588
1784395659779 0.035394441336393356 589
1784395659785 0.08420606702566147 590
1784395659794 0.0224323570728302 591
1784395659801 0.045245569199323654 592
1784395659807 0.038231261074543 593
1784395659815 0.038394734263420105 594
1784395659822 0.07017374038696289 595
1784395659830 0.047030702233314514 596
1784395659837 0.1123594343662262 597
1784395659844 0.061984822154045105 598
1784395659851 0.05653815716505051 599
1784395659858 0.10710054636001587 600
1784395659866 0.04693739488720894 601
1784395659874 0.020854387432336807 602
1784395659881 0.030424658209085464 603
1784395659888 0.04264429211616516 604
1784395659896 0.06600306183099747 605
1784395659903 0.063847616314888 606
1784395659910 0.05087932199239731 607
1784395659916 0.0502450205385685 608
1784395659923 0.023857001215219498 609
1784395659930 0.0714896097779274 610
1784395659938 0.07989910989999771 611
1784395659946 0.04871922358870506 612
1784395659954 0.10747889429330826 613
1784395659962 0.04725164175033569 614
1784395659969 0.08452415466308594 615
1784395659977 0.04974475875496864 616
1784395659985 0.04951546713709831 617
1784395659993 0.0954771414399147 618
1784395660000 0.05899323150515556 619
1784395660007 0.012928850017488003 620
1784395660014 0.035621121525764465 621
1784395660021 0.04649106040596962 622
1784395660029 0.1168772354722023 623
1784395660036 0.10971828550100327 624
1784395660043 0.07054232060909271 625
1784395660051 0.06576509028673172 626
1784395660060 0.05803098529577255 627
1784395660068 0.05179309844970703 628
1784395660076 0.053767383098602295 629
1784395660084 0.0839138776063919 630
1784395660091 0.17788268625736237 631
1784395660098 0.04782985895872116 632
1784395660105 0.049388594925403595 633
1784395660111 0.10613958537578583 634
1784395660119 0.12152643501758575 635
1784395660126 0.08245924860239029 636
1784395660133 0.04314054548740387 637
1784395660140 0.02747080661356449 638
1784395660147 0.09963756054639816 639
1784395660154 0.07171189785003662 640
1784395660162 0.07572512328624725 641
1784395660171 0.03984149917960167 642
1784395660179 0.08066850900650024 643
1784395660186 0.08800158649682999 644
1784395660193 0.04720171168446541 645
1784395660200 0.05603804439306259 646
1784395660207 0.07675720751285553 647
1784395660214 0.042718179523944855 648
1784395660221 0.11497154831886292 649
1784395660228 0.053701598197221756 650
1784395660237 0.10743382573127747 651
1784395660244 0.07980674505233765 652
1784395660251 0.10940007865428925 653
1784395660258 0.08778548985719681 654
1784395660267 0.030948344618082047 655
1784395660275 0.07937149703502655 656
1784395660282 0.07383037358522415 657
1784395660289 0.1578105241060257 658
1784395660297 0.09064486622810364 659
1784395660305 0.1311783641576767 660
1784395660313 0.07850136607885361 661
1784395660322 0.17379158735275269 662
1784395660328 0.11032715439796448 663
1784395660335 0.1375020444393158 664
1784395660344 0.21295088529586792 665
1784395660352 0.08031313121318817 666
1784395660360 0.11015608161687851 667
1784395660368 0.208351731300354 668
1784395660376 0.32081079483032227 669
1784395660384 0.13645869493484497 670
1784395660392 0.1569647490978241 671
1784395660401 0.35637274384498596 672
1784395660408 0.09148586541414261 673
1784395660415 0.3374786972999573 674
1784395660423 0.27436983585357666 675
1784395660430 0.4306682050228119 676
1784395660438 0.2763073444366455 677
1784395660445 0.21240773797035217 678
1784395660453 0.3918701112270355 679
1784395660462 0.5475113987922668 680
1784395660470 0.5832829475402832 681
1784395660478 0.6316940188407898 682
1784395660486 0.2604594826698303 683
1784395660495 0.7697053551673889 684
1784395660503 0.33166295289993286 685
1784395660510 0.4699106216430664 686
1784395660517 1.0466865301132202 687
1784395660525 0.7513105273246765 688
1784395660533 0.43405279517173767 689
1784395660540 0.8276923298835754 690
1784395660547 0.593417227268219 691
1784395660555 0.3507594168186188 692
1784395660562 0.9646655321121216 693
1784395660568 0.8108065128326416 694
1784395660575 0.7694627046585083 695
1784395660582 0.8680039048194885 696
1784395660589 0.8503870964050293 697
1784395660596 0.8095192909240723 698
1784395660604 0.8945897817611694 699
1784395660611 0.7288169860839844 700
1784395660619 0.7423396706581116 701
1784395660627 1.0097293853759766 702
1784395660635 1.1992051601409912 703
1784395660643 0.8823406100273132 704
1784395660650 1.3336577415466309 705
1784395660658 1.315744161605835 706
1784395660665 0.7333996891975403 707
1784395660673 2.109999656677246 708
1784395660680 1.0981206893920898 709
1784395660686 1.425536036491394 710
1784395660693 0.8049405217170715 711
1784395660700 1.1529507637023926 712
1784395660707 0.6629018783569336 713
1784395660714 0.6875616312026978 714
1784395660721 0.7536087036132812 715
1784395660728 0.7331169843673706 716
1784395660735 0.9135919809341431 717
1784395660742 0.5664575695991516 718
1784395660750 0.7392498254776001 719
1784395660759 0.895289957523346 720
1784395660765 0.47855472564697266 721
1784395660772 0.9319016337394714 722
1784395660781 0.6994439363479614 723
1784395660789 0.4935099184513092 724
1784395660797 0.9619536399841309 725
1784395660805 0.35330405831336975 726
1784395660814 0.3721211552619934 727
1784395660821 0.4373484253883362 728
1784395660829 0.2105574905872345 729
1784395660837 0.21243450045585632 730
1784395660845 0.32549840211868286 731
1784395660853 0.2521841824054718 732
1784395660861 0.3495247960090637 733
1784395660868 0.19814863801002502 734
1784395660875 0.28283482789993286 735
1784395660882 0.2440921664237976 736
1784395660890 0.3112577199935913 737
1784395660898 0.15799856185913086 738
1784395660905 0.35494837164878845 739
1784395660912 0.1106855645775795 740
1784395660920 0.24099504947662354 741
1784395660928 0.1885451227426529 742
1784395660935 0.12341044843196869 743
1784395660943 0.13899004459381104 744
1784395660949 0.14003068208694458 745
1784395660957 0.18708449602127075 746
1784395660964 0.134512796998024 747
1784395660971 0.17034289240837097 748
1784395660978 0.19259706139564514 749
1784395660985 0.14083214104175568 750
1784395660992 0.14460882544517517 751
1784395661000 0.16917189955711365 752
1784395661007 0.10053008794784546 753
1784395661014 0.18650607764720917 754
1784395661020 0.2279282510280609 755
1784395661028 0.11300881206989288 756
1784395661035 0.17117762565612793 757
1784395661042 0.13576990365982056 758
1784395661050 0.10580907016992569 759
1784395661058 0.11148305237293243 760
1784395661065 0.10336440801620483 761
1784395661073 0.07088714838027954 762
1784395661081 0.10921799391508102 763
1784395661089 0.0805339515209198 764
1784395661097 0.08955446630716324 765
1784395661105 0.07542785257101059 766
1784395661112 0.13341185450553894 767
1784395661119 0.09820061922073364 768
1784395661126 0.06094447150826454 769
1784395661133 0.14271317422389984 770
1784395661141 0.09316199272871017 771
1784395661148 0.15846678614616394 772
1784395661155 0.12256234884262085 773
1784395661162 0.09101270139217377 774
1784395661170 0.22366972267627716 775
1784395661177 0.11363328993320465 776
1784395661184 0.06500893086194992 777
1784395661191 0.05641411617398262 778
1784395661198 0.06015053763985634 779
1784395661205 0.1244572326540947 780
1784395661212 0.06954482942819595 781
1784395661219 0.07744607329368591 782
1784395661226 0.054008617997169495 783
1784395661233 0.07063232362270355 784
1784395661242 0.10953462868928909 785
1784395661250 0.089756079018116 786
1784395661257 0.07860973477363586 787
1784395661264 0.04755594581365585 788
1784395661271 0.08169229328632355 789
1784395661279 0.06896332651376724 790
1784395661286 0.05016205459833145 791
1784395661294 0.036431632936000824 792
1784395661302 0.15527302026748657 793
1784395661311 0.15692907571792603 794
1784395661318 0.030107080936431885 795
1784395661324 0.05611332878470421 796
1784395661331 0.04807233437895775 797
1784395661338 0.08522256463766098 798
1784395661346 0.074144646525383 799
1784395661353 0.13184979557991028 800
1784395661360 0.08409561216831207 801
1784395661367 0.11844107508659363 802
1784395661374 0.11012908816337585 803
1784395661382 0.13867956399917603 804
1784395661389 0.08469419926404953 805
1784395661396 0.0661887601017952 806
1784395661403 0.06671901047229767 807
1784395661410 0.12312602996826172 808
1784395661419 0.06989046931266785 809
1784395661427 0.07878708839416504 810
1784395661435 0.061454545706510544 811
1784395661442 0.1270221471786499 812
1784395661449 0.046796925365924835 813
1784395661459 0.07967439293861389 814
1784395661467 0.14103761315345764 815
1784395661475 0.09766903519630432 816
1784395661482 0.06137470901012421 817
1784395661489 0.10101309418678284 818
1784395661496 0.0714762806892395 819
1784395661504 0.19140028953552246 820
1784395661511 0.07274661958217621 821
1784395661518 0.0729338675737381 822
1784395661524 0.05813603848218918 823
1784395661531 0.0753011703491211 824
1784395661538 0.16084985435009003 825
1784395661545 0.04920407384634018 826
1784395661552 0.10089647769927979 827
1784395661560 0.10478916764259338 828
1784395661566 0.05912243574857712 829
1784395661574 0.07428445667028427 830
1784395661581 0.12862229347229004 831
1784395661588 0.1495111882686615 832
1784395661595 0.06540881097316742 833
1784395661602 0.07506804913282394 834
1784395661609 0.085093654692173 835
1784395661616 0.09503333270549774 836
1784395661623 0.1565670669078827 837
1784395661632 0.11022157222032547 838
1784395661639 0.243036687374115 839
1784395661646 0.18935000896453857 840
1784395661654 0.11223858594894409 841
1784395661662 0.16938017308712006 842
1784395661670 0.19627663493156433 843
1784395661679 0.11735210567712784 844
1784395661685 0.13198868930339813 845
1784395661693 0.25482624769210815 846
1784395661700 0.3297223150730133 847
1784395661707 0.2264878749847412 848
1784395661714 0.2906544506549835 849
1784395661721 0.19575056433677673 850
1784395661728 0.26575741171836853 851
1784395661735 0.25668609142303467 852
1784395661742 0.3416711688041687 853
1784395661749 0.443526029586792 854
1784395661756 0.3847605586051941 855
1784395661763 0.5793681144714355 856
1784395661770 0.5176434516906738 857
1784395661777 0.6447473764419556 858
1784395661784 0.6575042605400085 859
1784395661791 1.1959755420684814 860
1784395661798 0.7504642009735107 861
1784395661806 1.1896979808807373 862
1784395661812 1.2181673049926758 863
1784395661820 0.973621129989624 864
1784395661827 0.9333188533782959 865
1784395661833 0.9986804127693176 866
1784395661841 1.106238842010498 867
1784395661849 0.8549013137817383 868
1784395661857 0.8995323777198792 869
1784395661864 0.8038418292999268 870
1784395661871 0.6359899640083313 871
1784395661877 0.6643408536911011 872
1784395661885 0.4743264317512512 873
1784395661893 0.4111839532852173 874
1784395661900 0.5734646320343018 875
1784395661907 0.4128754436969757 876
1784395661914 0.3072036802768707 877
1784395661922 0.29635149240493774 878
1784395661929 0.23602721095085144 879
1784395661936 0.2515454888343811 880
1784395661943 0.22376364469528198 881
1784395661950 0.1399887502193451 882
1784395661957 0.17235033214092255 883
1784395661964 0.20343774557113647 884
1784395661972 0.15193384885787964 885
1784395661979 0.150781512260437 886
1784395661985 0.09100142121315002 887
1784395661992 0.03824983537197113 888
1784395662000 0.07883039116859436 889
1784395662007 0.09326796978712082 890
1784395662014 0.10195555537939072 891
1784395662021 0.03451130911707878 892
1784395662028 0.02883351407945156 893
1784395662035 0.04458483308553696 894
1784395662042 0.09670920670032501 895
1784395662049 0.05900008603930473 896
1784395662057 0.029730917885899544 897
1784395662065 0.03728886693716049 898
1784395662073 0.016907885670661926 899
1784395662081 0.020876722410321236 900
1784395662089 0.020304687321186066 901
1784395662096 0.010953426361083984 902
1784395662103 0.006447167135775089 903
1784395662111 0.019124144688248634 904
1784395662118 0.013673276640474796 905
1784395662124 0.009696248918771744 906
1784395662131 0.0071482351049780846 907
1784395662138 0.006740145850926638 908
1784395662146 0.015554199926555157 909
1784395662155 0.028351474553346634 910
1784395662163 0.013324925675988197 911
1784395662171 0.004695272538810968 912
1784395662179 0.006314566358923912 913
1784395662186 0.011032228358089924 914
1784395662194 0.006963264662772417 915
1784395662201 0.00996773224323988 916
1784395662208 0.009136136621236801 917
1784395662216 0.041170403361320496 918
1784395662223 0.013374699279665947 919
1784395662230 0.013531552627682686 920
1784395662238 0.005056560505181551 921
1784395662245 0.004638412036001682 922
1784395662252 0.00845812913030386 923
1784395662258 0.0032711573876440525 924
1784395662265 0.006411482580006123 925
1784395662273 0.007120032794773579 926
1784395662281 0.006942374166101217 927
1784395662288 0.005715963896363974 928
1784395662295 0.005122287664562464 929
1784395662302 0.00455471221357584 930
1784395662309 0.0027525376062840223 931
1784395662317 0.003479746636003256 932
1784395662324 0.0026780576445162296 933
1784395662331 0.0077591547742486 934
1784395662338 0.0033789831213653088 935
1784395662345 0.003939485177397728 936
1784395662677 0.007289850618690252 937
1784395662685 0.005031254142522812 938
1784395662693 0.005194626282900572 939
1784395662700 0.0019857268780469894 940
1784395662707 0.0036553761456161737 941
1784395662714 0.004856341518461704 942
1784395662721 0.01975438930094242 943
1784395662728 0.004120838828384876 944
1784395662736 0.004833542741835117 945
1784395662744 0.004292032681405544 946
1784395662753 0.0036808447912335396 947
1784395662761 0.0018359293462708592 948
1784395662768 0.005270692519843578 949
1784395662775 0.004277532454580069 950
1784395662782 0.003716738661751151 951
1784395662789 0.005058896262198687 952
1784395662796 0.008366142399609089 953
1784395662804 0.0016256339149549603 954
1784395662810 0.002429194515570998 955
1784395662818 0.002989379921928048 956
1784395662825 0.002023321343585849 957
1784395662833 0.0032026038970798254 958
1784395662841 0.0013993511674925685 959
1784395662850 0.004050245974212885 960
1784395662858 0.003320157527923584 961
1784395662864 0.005402002017945051 962
1784395662871 0.006308553274720907 963
1784395662878 0.0052643450908362865 964
1784395662885 0.005071653518825769 965
1784395662892 0.007944909855723381 966
1784395662900 0.002197619993239641 967
1784395662908 0.0021515574771910906 968
1784395662916 0.0022001382894814014 969
1784395662924 0.003089888021349907 970
1784395662932 0.003181052627041936 971
1784395662941 0.0014992469223216176 972
1784395662948 0.002519261557608843 973
1784395662956 0.0030211498960852623 974
1784395662965 0.004592183977365494 975
1784395662972 0.004409641493111849 976
1784395662979 0.0028483388014137745 977
1784395662987 0.0038722874596714973 978
1784395662994 0.004123249091207981 979
1784395663001 0.0012029714416712523 980
1784395663009 0.0021157485898584127 981
1784395663017 0.0068379552103579044 982
1784395663023 0.0021436100360006094 983
1784395663030 0.0035340837202966213 984
1784395663038 0.0009852738585323095 985
1784395663045 0.014714566059410572 986
1784395663053 0.000999861629679799 987
1784395663061 0.004810553975403309 988
1784395663068 0.0010329034412279725 989
1784395663075 0.009677606634795666 990
1784395663082 0.008086598478257656 991
1784395663089 0.0012726926943287253 992
1784395663097 0.007553523406386375 993
1784395663104 0.0011520478874444962 994
1784395663111 0.0034048794768750668 995
1784395663118 0.003259978024289012 996
1784395663125 0.0029022388625890017 997
1784395663132 0.004066905472427607 998
1784395663139 0.00367445289157331 999
1784395663147 0.0019149422878399491 1000
1784395663155 0.003206047462299466 1001
1784395663162 0.0008190434891730547 1002
1784395663169 0.0020008909050375223 1003
1784395663176 0.0017448080470785499 1004
1784395663183 0.004046367481350899 1005
1784395663190 0.0009214761084876955 1006
1784395663197 0.003456953912973404 1007
1784395663204 0.0017210380174219608 1008
1784395663211 0.0010495050810277462 1009
1784395663218 0.0010162382386624813 1010
1784395663225 0.007944717071950436 1011
1784395663232 0.0043710642494261265 1012
1784395663239 0.0007937555783428252 1013
1784395663246 0.0017550979973748326 1014
1784395663253 0.0017141310963779688 1015
1784395663261 0.001806770102120936 1016
1784395663269 0.010158282704651356 1017
1784395663277 0.0037265997380018234 1018
1784395663285 0.03244234621524811 1019
1784395663291 0.001287977327592671 1020
1784395663300 0.0032559630926698446 1021
1784395663307 0.006245140917599201 1022
1784395663314 0.0020056969951838255 1023
1784395663322 0.0018980351742357016 1024
1784395663330 0.0025406507775187492 1025
1784395663337 0.004506500903517008 1026
1784395663344 0.0015844115987420082 1027
1784395663351 0.0037282321136444807 1028
1784395663358 0.004861888941377401 1029
1784395663365 0.0029108270537108183 1030
1784395663372 0.0014713136479258537 1031
1784395663380 0.003162840846925974 1032
1784395663387 0.0011414381442591548 1033
1784395663394 0.0030386645812541246 1034
1784395663401 0.0015790191246196628 1035
1784395663409 0.0009596911258995533 1036
1784395663416 0.004077815916389227 1037
1784395663423 0.0015697205672040582 1038
1784395663437 0.0018218556651845574 1039
1784395663447 0.003422968089580536 1040
1784395663455 0.0012594518484547734 1041
1784395663466 0.0036912548821419477 1042
1784395663478 0.004376578144729137 1043
1784395663490 0.0022584758698940277 1044
1784395663499 0.0007149410084821284 1045
1784395663507 0.014419576153159142 1046
1784395663515 0.0012906388146802783 1047
1784395663523 0.007425636984407902 1048
1784395663530 0.0016763079911470413 1049
1784395663537 0.00224218238145113 1050
1784395663545 0.002070821588858962 1051
1784395663552 0.0013112209271639585 1052
1784395663559 0.0020774214062839746 1053
1784395663566 0.0016938499175012112 1054
1784395663573 0.0013990059960633516 1055
1784395663580 0.0018634605221450329 1056
1784395663587 0.0021068949718028307 1057
1784395663595 0.003331713378429413 1058
1784395663601 0.005608869716525078 1059
1784395663608 0.0019397139549255371 1060
1784395663616 0.0007297064876183867 1061
1784395663623 0.0014107517199590802 1062
1784395663630 0.002511876868084073 1063
1784395663637 0.008274585008621216 1064
1784395663644 0.0018602719064801931 1065
1784395663651 0.0009320271201431751 1066
1784395663659 0.00162219547200948 1067
1784395663666 0.0027053668163716793 1068
1784395663672 0.0011149533092975616 1069
1784395663680 0.0011911558685824275 1070
1784395663687 0.0015538622392341495 1071
1784395663695 0.00176162866409868 1072
1784395663702 0.002818707376718521 1073
1784395663708 0.0033376587089151144 1074
1784395663716 0.0011032538022845984 1075
1784395663723 0.0009957505390048027 1076
1784395663730 0.0033852241467684507 1077
1784395663737 0.0007880995981395245 1078
1784395663743 0.0016584784025326371 1079
1784395663750 0.004175713285803795 1080
1784395663758 0.0008585283067077398 1081
1784395663766 0.0019977507181465626 1082
1784395663775 0.0009772863704711199 1083
1784395663783 0.001739300787448883 1084
1784395663791 0.0058258045464754105 1085
1784395663800 0.0011726731900125742 1086
1784395663809 0.00351311475969851 1087
1784395663818 0.0006798933609388769 1088
1784395663826 0.0023909807205200195 1089
1784395663834 0.0034911176189780235 1090
1784395663840 0.0036683757789433002 1091
1784395663847 0.0047605885192751884 1092
1784395663854 0.002771266270428896 1093
1784395663861 0.004877307917922735 1094
1784395663868 0.0022004926577210426 1095
1784395663875 0.003941783215850592 1096
1784395663882 0.0005010271561332047 1097
1784395663889 0.004564231261610985 1098
1784395663895 0.002971615642309189 1099
1784395663906 0.007168103940784931 1100
1784395663913 0.0032668111380189657 1101
1784395663921 0.0013435290893539786 1102
1784395663929 0.0008552752551622689 1103
1784395663936 0.0013315200340002775 1104
1784395663944 0.003859349060803652 1105
1784395663951 0.0012883880408480763 1106
1784395663958 0.0023963041603565216 1107
1784395663965 0.0009623714722692966 1108
1784395663973 0.0008914652280509472 1109
1784395663980 0.0025670158211141825 1110
1784395663987 0.0013027737149968743 1111
1784395663994 0.005027624778449535 1112
1784395664001 0.0013831492979079485 1113
1784395664008 0.0031442365143448114 1114
1784395664015 0.003458719700574875 1115
1784395664022 0.0004647277237381786 1116
1784395664029 0.0012423141160979867 1117
1784395664036 0.0005680312751792371 1118
1784395664042 0.02574380487203598 1119
1784395664050 0.0005880283424630761 1120
1784395664057 0.013909808360040188 1121
1784395664064 0.0008956821984611452 1122
1784395664071 0.002320910105481744 1123
1784395664079 0.0006047533825039864 1124
1784395664086 0.0006722626276314259 1125
1784395664095 0.0011342032812535763 1126
1784395664105 0.0021129378583282232 1127
1784395664113 0.003233633004128933 1128
1784395664127 0.0016734976088628173 1129
1784395664138 0.0011995197273790836 1130
1784395664148 0.0015289461007341743 1131
1784395664157 0.006445739418268204 1132
1784395664166 0.007002600934356451 1133
1784395664173 0.004748495761305094 1134
1784395664182 0.002101209945976734 1135
1784395664190 0.0008417385397478938 1136
1784395664197 0.004582213703542948 1137
1784395664204 0.0021960297599434853 1138
1784395664211 0.0025193679612129927 1139
1784395664218 0.0018737795762717724 1140
1784395664225 0.0006603653309866786 1141
1784395664232 0.000890847877599299 1142
1784395664240 0.0007777247810736299 1143
1784395664247 0.0006059834267944098 1144
1784395664255 0.0008873153128661215 1145
1784395664263 0.0018292504828423262 1146
1784395664271 0.0027542663738131523 1147
1784395664280 0.002780595561489463 1148
1784395664288 0.0026685036718845367 1149
1784395664296 0.0017618176061660051 1150
1784395664303 0.004709464963525534 1151
1784395664309 0.0021733029279857874 1152
1784395664318 0.0008303025388158858 1153
1784395664326 0.0011834930628538132 1154
1784395664334 0.00219910079613328 1155
1784395664342 0.0003435762773733586 1156
1784395664350 0.0008558473782613873 1157
1784395664358 0.0008782318327575922 1158
1784395664367 0.0022904910147190094 1159
1784395664374 0.0015828165924176574 1160
1784395664382 0.004330411087721586 1161
1784395664389 0.0018274212488904595 1162
1784395664397 0.0009311765898019075 1163
1784395664405 0.0003725256538018584 1164
1784395664413 0.0013717843685299158 1165
1784395664422 0.002353435615077615 1166
1784395664430 0.0005045500583946705 1167
1784395664438 0.002824455266818404 1168
1784395664446 0.0005345609388314188 1169
1784395664454 0.0030469284392893314 1170
1784395664462 0.002005200134590268 1171
1784395664470 0.0005818653153255582 1172
1784395664478 0.0004902418004348874 1173
1784395664485 0.000957597279921174 1174
1784395664491 0.0005814569885842502 1175
1784395664499 0.0009524337947368622 1176
1784395664506 0.001218576217070222 1177
1784395664513 0.0011596669210121036 1178
1784395664520 0.000642354425508529 1179
1784395664527 0.0026249131187796593 1180
1784395664534 0.0009327427251264453 1181
1784395664541 0.0012260633520781994 1182
1784395664548 0.0006475042318925261 1183
1784395664555 0.0011828485876321793 1184
1784395664562 0.0004949314752593637 1185
1784395664569 0.0010894200531765819 1186
1784395664576 0.004411511123180389 1187
1784395664583 0.0023088986054062843 1188
1784395664591 0.0010025374358519912 1189
1784395664598 0.002765449695289135 1190
1784395664605 0.00206340616568923 1191
1784395664611 0.0018517354037612677 1192
1784395664618 0.0005569864297285676 1193
1784395664627 0.002222256502136588 1194
1784395664635 0.0016027939273044467 1195
1784395664644 0.008547568693757057 1196
1784395664652 0.00032425858080387115 1197
1784395664660 0.006538065616041422 1198
1784395664667 0.0015228820266202092 1199
1784395664674 0.001009935513138771 1200
1784395664681 0.0006098844460211694 1201
1784395664689 0.0047269477508962154 1202
1784395664696 0.001061948831193149 1203
1784395664703 0.001039858558215201 1204
1784395664709 0.0007058835471980274 1205
1784395664718 0.0025577538181096315 1206
1784395664726 0.000574021483771503 1207
1784395664735 0.0005677221924997866 1208
1784395664743 0.0021433408837765455 1209
1784395664751 0.00024888975895009935 1210
1784395664758 0.006068582646548748 1211
1784395664765 0.001819402794353664 1212
1784395664772 0.0006044360343366861 1213
1784395664779 0.0009995137806981802 1214
1784395664786 0.004845589864999056 1215
1784395664793 0.0005638399161398411 1216
1784395664800 0.003597355680540204 1217
1784395664807 0.0024123270995914936 1218
1784395664813 0.0012911147205159068 1219
1784395664821 0.002081656362861395 1220
1784395664829 0.0004934058524668217 1221
1784395664837 0.0009791243355721235 1222
1784395664846 0.0020856221672147512 1223
1784395664854 0.005503451451659203 1224
1784395664862 0.0005094307125546038 1225
1784395664870 0.0010363231413066387 1226
1784395664878 0.0019320596475154161 1227
1784395664886 0.0006668621790595353 1228
1784395664894 0.00382914487272501 1229
1784395664901 0.0006374476943165064 1230
1784395664908 0.00029014566098339856 1231
1784395664915 0.0033306546974927187 1232
1784395664922 0.0059949783608317375 1233
1784395664929 0.0029957187362015247 1234
1784395664936 0.0007412669365294278 1235
1784395664943 0.001968341413885355 1236
1784395664950 0.002732354449108243 1237
1784395664957 0.00043938664020970464 1238
1784395664965 0.0006929427036084235 1239
1784395664971 0.0054665375500917435 1240
1784395664980 0.0003644005919340998 1241
1784395664988 0.0025440615136176348 1242
1784395664997 0.0007720834109932184 1243
1784395665005 0.00198948266915977 1244
1784395665012 0.001429967349395156 1245
1784395665021 0.0010759164579212666 1246
1784395665027 0.0006513325497508049 1247
1784395665035 0.002102670492604375 1248
1784395665044 0.0012626679381355643 1249
1784395665052 0.0018483588937669992 1250
1784395665060 0.0023921397514641285 1251
1784395665066 0.0005255454452708364 1252
1784395665073 0.0006139643955975771 1253
1784395665080 0.005718644242733717 1254
1784395665087 0.00040439184522256255 1255
1784395665094 0.002091512316837907 1256
1784395665101 0.004165891092270613 1257
1784395665108 0.0031735601369291544 1258
1784395665115 0.0008841707604005933 1259
1784395665122 0.0008886618306860328 1260
1784395665129 0.0012567492667585611 1261
1784395665136 0.0008915771613828838 1262
1784395665143 0.0002753034350462258 1263
1784395665150 0.00019049624097533524 1264
1784395665157 0.0054826438426971436 1265
1784395665164 0.0010195079958066344 1266
1784395665170 0.0025183241814374924 1267
1784395665177 0.002000872977077961 1268
1784395665185 0.0021008974872529507 1269
1784395665192 0.0008667143993079662 1270
1784395665199 0.0008584373281337321 1271
1784395665205 0.0016136756166815758 1272
1784395665212 0.0012038934510201216 1273
1784395665219 0.0030123027972877026 1274
1784395665227 0.0005008585867471993 1275
1784395665234 0.000619675382040441 1276
1784395665241 0.0006981432670727372 1277
1784395665248 0.0008574100793339312 1278
1784395665255 0.002662037266418338 1279
1784395665262 0.003641128772869706 1280
1784395665270 0.0004984974511899054 1281
1784395665278 0.0009583567152731121 1282
1784395665287 0.0007644115248695016 1283
1784395665295 0.0006411474896594882 1284
1784395665302 0.0005136740510351956 1285
1784395665309 0.0016359732253476977 1286
1784395665316 0.00034133417648263276 1287
1784395665323 0.0008909807074815035 1288
1784395665330 0.0008502392447553575 1289
1784395665338 0.0008910537580959499 1290
1784395665345 0.0006404882296919823 1291
1784395665351 0.0012515147682279348 1292
1784395665358 0.00034928153036162257 1293
1784395665365 0.00037229302688501775 1294
1784395665373 0.0007308627245947719 1295
1784395665385 0.0004603599663823843 1296
1784395665393 0.0007641529082320631 1297
1784395665400 0.0023723070044070482 1298
1784395665407 0.000835931277833879 1299
1784395665414 0.002078762510791421 1300
1784395665421 0.002378075383603573 1301
1784395665428 0.0004109215224161744 1302
1784395665435 0.008904531598091125 1303
1784395665442 0.0007714370149187744 1304
1784395665449 0.0020172391086816788 1305
1784395665458 0.0012059768196195364 1306
1784395665466 0.0003730786847881973 1307
1784395665474 0.00046464736806228757 1308
1784395665483 0.003985918592661619 1309
1784395665490 0.0014051150064915419 1310
1784395665497 0.001063189236447215 1311
1784395665506 0.0016820298042148352 1312
1784395665514 0.0008193667163141072 1313
1784395665522 0.0009349621250294149 1314
1784395665530 0.00036489494959823787 1315
1784395665538 0.0021666698157787323 1316
1784395665545 0.0016042084898799658 1317
1784395665552 0.0011460438836365938 1318
1784395665560 0.000624604057520628 1319
1784395665568 0.0034187259152531624 1320
1784395665575 0.00032678089337423444 1321
1784395665582 0.0011436664499342442 1322
1784395665589 0.0007042823126539588 1323
1784395665597 0.00396945932880044 1324
1784395665604 0.00027799763483926654 1325
1784395665611 0.003431188641116023 1326
1784395665619 0.0003390865749679506 1327
1784395665627 0.0030894381925463676 1328
1784395665635 0.0007283146260306239 1329
1784395665642 0.0004783896147273481 1330
1784395665649 0.0007694102823734283 1331
1784395665656 0.0013863842468708754 1332
1784395665663 0.0019194061169400811 1333
1784395665671 0.0005323782097548246 1334
1784395665680 0.005952839739620686 1335
1784395665688 0.002577041042968631 1336
1784395665696 0.002267555333673954 1337
1784395665704 0.0016945546958595514 1338
1784395665711 0.000967297179158777 1339
1784395665719 0.0021017384715378284 1340
1784395665726 0.0006375028751790524 1341
1784395665732 0.0005318123730830848 1342
1784395665739 0.0004974527400918305 1343
1784395665746 0.0006687475251965225 1344
1784395665754 0.0036064046435058117 1345
1784395665761 0.0006142262136563659 1346
1784395665768 0.0003053265390917659 1347
1784395665775 0.00043132188147865236 1348
1784395665782 0.000512529572006315 1349
1784395665789 0.0006457141134887934 1350
1784395665796 0.0005239249439910054 1351
1784395665804 0.0012303210096433759 1352
1784395665812 0.0003785366134252399 1353
1784395665820 0.0018306771526113153 1354
1784395665827 0.00042042566929012537 1355
1784395665835 0.0002809189318213612 1356
1784395665844 0.00025442245532758534 1357
1784395665852 0.0009091385873034596 1358
1784395665860 0.00034570987918414176 1359
1784395665867 0.0003477212740108371 1360
1784395665874 0.0011001755483448505 1361
1784395665881 0.0018085251795127988 1362
1784395665888 0.0010252082720398903 1363
1784395665895 0.000828237331006676 1364
1784395665902 0.00038565447903238237 1365
1784395665909 0.00041785414214245975 1366
1784395665916 0.0019832218531519175 1367
1784395665923 0.0004327594651840627 1368
1784395665930 0.0010298351990059018 1369
1784395665938 0.001155446283519268 1370
1784395665945 0.003940371796488762 1371
1784395665952 0.00023730634711682796 1372
1784395665960 0.0005688425153493881 1373
1784395665967 9.459862485527992e-05 1374
1784395665974 0.0009384582517668605 1375
1784395665982 0.004466392565518618 1376
1784395665988 0.0020401773508638144 1377
1784395665996 0.002233242616057396 1378
1784395666003 0.005167629569768906 1379
1784395666010 0.0010987813584506512 1380
1784395666018 0.0009739144006744027 1381
1784395666024 0.002132678870111704 1382
1784395666031 0.004100913181900978 1383
1784395666038 0.000523686408996582 1384
1784395666045 0.0015452043153345585 1385
1784395666053 0.003412378253415227 1386
1784395666060 0.0003819318662863225 1387
1784395666067 0.0011932826600968838 1388
1784395666074 0.0007366638747043908 1389
1784395666081 0.0014092479832470417 1390
1784395666088 0.001041723764501512 1391
1784395666095 0.00031072748242877424 1392
1784395666103 0.005290451925247908 1393
1784395666110 0.0035387491807341576 1394
1784395666116 0.0007355407578870654 1395
1784395666123 0.003896249458193779 1396
1784395666130 0.001134198741056025 1397
1784395666138 0.002189414808526635 1398
1784395666145 0.002591566415503621 1399
1784395666152 0.0038959302473813295 1400
1784395666159 0.00047845684457570314 1401
1784395666167 0.0004903830122202635 1402
1784395666176 0.0014019611990079284 1403
1784395666183 0.000672515481710434 1404
1784395666189 0.00038508587749674916 1405
1784395666197 0.00553666427731514 1406
1784395666204 0.0020917588844895363 1407
1784395666211 0.001040962408296764 1408
1784395666218 0.006106248125433922 1409
1784395666226 0.0005289799300953746 1410
1784395666235 0.0006316983490251005 1411
1784395666242 0.001271022716537118 1412
1784395666249 0.0014317462919279933 1413
1784395666256 0.0006915809353813529 1414
1784395666263 0.0005516574019566178 1415
1784395666271 0.0002337149198865518 1416
1784395666278 0.0018836609087884426 1417
1784395666285 0.00033012498170137405 1418
1784395666294 0.0015808596508577466 1419
1784395666302 0.0003957653243560344 1420
1784395666310 0.0015618083998560905 1421
1784395666318 0.005952125880867243 1422
1784395666326 0.0018014890374615788 1423
1784395666335 0.002345816232264042 1424
1784395666343 0.0009521206957288086 1425
1784395666351 0.0003058419388253242 1426
1784395666359 0.0004083939711563289 1427
1784395666367 0.0009438437409698963 1428
1784395666375 0.0016356220003217459 1429
1784395666382 0.006698182784020901 1430
1784395666391 0.0008943624561652541 1431
1784395666398 0.002098014811053872 1432
1784395666405 0.0004509843129198998 1433
1784395666412 0.0030145642813295126 1434
1784395666419 0.00039685243973508477 1435
1784395666426 0.0005313276778906584 1436
1784395666433 0.00041711749508976936 1437
1784395666440 0.00042800986557267606 1438
1784395666447 0.00037425270420499146 1439
1784395666454 0.0006435765535570681 1440
1784395666461 0.0017499352106824517 1441
1784395666468 0.0008027044823393226 1442
1784395666475 0.0003911948879249394 1443
1784395666482 0.0012372256023809314 1444
1784395666489 0.00012631942809093744 1445
1784395666496 0.0006974491407163441 1446
1784395666503 0.002914495998993516 1447
1784395666510 0.0001757876598276198 1448
1784395666517 0.0011009919689968228 1449
1784395666524 0.0010650053154677153 1450
1784395666531 0.00623661233112216 1451
1784395666538 0.0022029352840036154 1452
1784395666545 0.001640509581193328 1453
1784395666552 0.0007240494014695287 1454
1784395666559 0.006710771005600691 1455
1784395666566 0.0007076786714605987 1456
1784395666573 0.0010446329833939672 1457
1784395666580 0.0005052791675552726 1458
1784395666587 0.0007705051684752107 1459
1784395666594 0.0048283860087394714 1460
1784395666601 0.000232772872550413 1461
1784395666608 0.0005608065403066576 1462
1784395666616 0.001913713407702744 1463
1784395666624 0.0013116495683789253 1464
1784395666631 0.000470278668217361 1465
1784395666639 0.0003653366584330797 1466
1784395666647 0.001176381716504693 1467
1784395666654 0.0015286194393411279 1468
1784395666661 0.0011474317871034145 1469
1784395666668 0.002696487121284008 1470
1784395666675 0.0004472701402846724 1471
1784395666682 0.0006614605081267655 1472
1784395666689 0.0012909468496218324 1473
1784395666696 0.0006009304197505116 1474
1784395666703 0.0005923811695538461 1475
1784395666710 0.0004973711911588907 1476
1784395666718 0.004120924510061741 1477
1784395666725 0.015873633325099945 1478
1784395666733 0.0039826128631830215 1479
1784395666740 0.000546539609786123 1480
1784395666749 0.0004942833329550922 1481
1784395666757 0.0024055028334259987 1482
1784395666765 0.0007431942503899336 1483
1784395666771 0.001903558848425746 1484
1784395666779 9.102175681618974e-05 1485
1784395666786 0.0004800069727934897 1486
1784395666793 0.0006873767706565559 1487
1784395666800 0.004601225256919861 1488
1784395666807 0.0012911608209833503 1489
1784395666814 0.0004916619509458542 1490
1784395666822 0.000709845102392137 1491
1784395666829 0.001357457716949284 1492
1784395666836 0.008862468414008617 1493
1784395666843 0.0006190707208588719 1494
1784395666850 0.00032184214796870947 1495
1784395666858 0.0010133347241207957 1496
1784395666865 0.00020250873058103025 1497
1784395666872 0.0013462516944855452 1498
1784395666879 0.00027128198416903615 1499
1784395666886 0.0004946572007611394 1500
1784395666893 0.0002800714282784611 1501
1784395666900 0.0004922752268612385 1502
1784395666907 0.0006652558222413063 1503
1784395666914 0.0061978125013411045 1504
1784395666921 0.012789257802069187 1505
1784395666928 0.0016472291899845004 1506
1784395666937 0.0014253929257392883 1507
1784395666944 0.0005464367568492889 1508
1784395666951 0.007804724387824535 1509
1784395666959 0.00019456287554930896 1510
1784395666967 0.0006704999832436442 1511
1784395666975 0.007157156243920326 1512
1784395666983 0.0006841022404842079 1513
1784395666990 0.0022827789653092623 1514
1784395666997 0.0006370041519403458 1515
1784395667004 0.0002999347634613514 1516
1784395667012 0.00013542728265747428 1517
1784395667019 0.0011175399413332343 1518
1784395667026 0.0005364043172448874 1519
1784395667032 0.0017565470188856125 1520
1784395667040 0.00042519456474110484 1521
1784395667047 0.0002487663005013019 1522
1784395667054 0.0023055640049278736 1523
1784395667061 0.0012234585592523217 1524
1784395667068 0.0015661686193197966 1525
1784395667075 0.004993895068764687 1526
1784395667082 0.0009317693184129894 1527
1784395667090 0.0009163893992081285 1528
1784395667097 0.0005233316333033144 1529
1784395667104 0.0011264834320172668 1530
1784395667110 0.0016868897946551442 1531
1784395667117 0.0006121842889115214 1532
1784395667124 0.0009540058090351522 1533
1784395667131 9.983721247408539e-05 1534
1784395667138 0.003947867080569267 1535
1784395667145 0.00010239296534564346 1536
1784395667152 0.0027392134070396423 1537
1784395667159 0.0016616664361208677 1538
1784395667166 0.0004415282455738634 1539
1784395667173 0.0006584367947652936 1540
1784395667182 0.002959900302812457 1541
1784395667189 0.00025880648172460496 1542
1784395667197 0.01511753723025322 1543
1784395667204 0.006980033125728369 1544
1784395667212 0.00043959380127489567 1545
1784395667220 0.0020706183277070522 1546
1784395667228 0.0005612118984572589 1547
1784395667237 0.0007689971826039255 1548
1784395667245 0.0017458933871239424 1549
1784395667253 0.0002615753037389368 1550
1784395667261 0.0005808872519992292 1551
1784395667268 0.0038960257079452276 1552
1784395667275 0.0003025625483132899 1553
1784395667282 0.0007687052711844444 1554
1784395667291 0.0005942818243056536 1555
1784395667298 0.00015661341603845358 1556
1784395667304 0.00040080235339701176 1557
1784395667311 0.0023388781119138002 1558
1784395667318 0.00649188831448555 1559
1784395667326 0.0009512822725810111 1560
1784395667334 0.0007181105902418494 1561
1784395667342 0.001151840784586966 1562
1784395667349 0.002835584804415703 1563
1784395667356 0.001960181398317218 1564
1784395667363 0.0014644631883129478 1565
1784395667370 0.0011075471993535757 1566
1784395667377 0.008708848617970943 1567
1784395667384 0.0006486588390544057 1568
1784395667391 0.00031741743441671133 1569
1784395667399 0.0004214160144329071 1570
1784395667406 0.0012080433079972863 1571
1784395667413 0.0015641869977116585 1572
1784395667420 0.0020468307193368673 1573
1784395667428 0.0014995860401540995 1574
1784395667435 0.0006403461447916925 1575
1784395667443 0.002856720704585314 1576
1784395667450 0.0008154204697348177 1577
1784395667457 0.003129931865260005 1578
1784395667466 0.0005217842990532517 1579
1784395667473 0.00017262746405322105 1580
1784395667480 0.0010828198865056038 1581
1784395667487 0.0028710977640002966 1582
1784395667494 0.0009006925974972546 1583
1784395667501 0.0004858453758060932 1584
1784395667508 0.001095384475775063 1585
1784395667516 0.00042148653301410377 1586
1784395667522 0.00022927254030946642 1587
1784395667529 0.0026326337829232216 1588
1784395667536 0.023198269307613373 1589
1784395667545 0.0003071164828725159 1590
1784395667553 0.0010011715348809958 1591
1784395667561 0.0008768428233452141 1592
1784395667568 0.002621496096253395 1593
1784395667575 0.0005868668085895479 1594
1784395667582 0.003084449330344796 1595
1784395667589 0.0001688417833065614 1596
1784395667596 0.0001799216988729313 1597
1784395667604 0.000849702802952379 1598
1784395667610 0.000572995631955564 1599
1784395667618 0.00014398286293726414 1600
1784395667625 0.011494193226099014 1601
1784395667632 0.00037787886685691774 1602
1784395667639 0.005246111191809177 1603
1784395667646 0.002012228360399604 1604
1784395667653 0.0006237122579477727 1605
1784395667660 0.0016519511118531227 1606
1784395667667 0.0007607684237882495 1607
1784395667674 0.002536983462050557 1608
1784395667681 0.00024166906950995326 1609
1784395667688 0.0016542695229873061 1610
1784395667695 0.00045573129318654537 1611
1784395667704 6.806351302657276e-05 1612
1784395667711 0.028862239792943 1613
1784395667720 0.00033377937506884336 1614
1784395667727 0.00039758236380293965 1615
1784395667734 0.00010860685870284215 1616
1784395667741 0.0005714068538509309 1617
1784395667748 0.0011536346282809973 1618
1784395667756 0.0008193936664611101 1619
1784395667763 0.0009731421596370637 1620
1784395667770 0.0006138782482594252 1621
1784395667777 0.02173663303256035 1622
1784395667784 0.002674834569916129 1623
1784395667791 0.00034278890234418213 1624
1784395667799 0.0075872913002967834 1625
1784395667806 0.008740018121898174 1626
1784395667813 0.001612743828445673 1627
1784395667820 0.004688141867518425 1628
1784395667827 0.0028801567386835814 1629
1784395667834 0.002862093038856983 1630
1784395667844 0.001126021845266223 1631
1784395667851 0.0002132014778908342 1632
1784395667858 0.0006278170039877295 1633
1784395667865 0.002676609670743346 1634
1784395667873 0.015582231804728508 1635
1784395667880 0.0018936264095827937 1636
1784395667888 0.00048166283522732556 1637
1784395667896 0.0009831134229898453 1638
1784395667903 0.003418327309191227 1639
1784395667910 0.0007241966086439788 1640
1784395667917 0.00028664892306551337 1641
1784395667924 0.001871091895736754 1642
1784395667930 0.0009522786131128669 1643
1784395667938 0.0006258998182602227 1644
1784395667945 0.001957958098500967 1645
1784395667952 0.0005322707584127784 1646
1784395667959 0.01642576977610588 1647
1784395667966 0.0039929719641804695 1648
1784395667975 0.0007762307650409639 1649
1784395667983 0.0003426817711442709 1650
1784395667992 0.0002931768831331283 1651
1784395667999 0.03443019837141037 1652
1784395668005 0.005658650305122137 1653
1784395668013 0.0001237492833752185 1654
1784395668020 0.0002532387734390795 1655
1784395668026 0.0005114283412694931 1656
1784395668034 0.0011087897000834346 1657
1784395668041 5.640130621031858e-05 1658
1784395668047 0.017499038949608803 1659
1784395668055 0.009916863404214382 1660
1784395668062 0.0001920591457746923 1661
1784395668069 0.010599957779049873 1662
1784395668076 0.033489398658275604 1663
1784395668083 0.008806505240499973 1664
1784395668090 0.004625655245035887 1665
1784395668097 0.0004084641404915601 1666
1784395668104 0.002521050861105323 1667
1784395668111 0.005774098914116621 1668
1784395668118 0.06783626228570938 1669
1784395668125 0.005513307172805071 1670
1784395668132 0.0008266461081802845 1671
1784395668139 0.00020143386791460216 1672
1784395668147 0.0035155739169567823 1673
1784395668156 0.0021196785382926464 1674
1784395668162 0.004118762910366058 1675
1784395668170 0.004321716725826263 1676
1784395668177 0.00018105989147443324 1677
1784395668184 0.018483515828847885 1678
1784395668190 0.0005793310119770467 1679
1784395668198 0.019351160153746605 1680
1784395668204 0.0005529051995836198 1681
1784395668212 0.040134772658348083 1682
1784395668219 0.001176358200609684 1683
1784395668226 0.00045481076813302934 1684
1784395668233 0.0010496729519218206 1685
1784395668240 0.014034256339073181 1686
1784395668247 0.0029573715291917324 1687
1784395668254 0.06412875652313232 1688
1784395668261 0.0654229149222374 1689
1784395668268 0.008527780883014202 1690
1784395668277 0.006652390584349632 1691
1784395668285 0.003571547567844391 1692
1784395668293 0.0014063338749110699 1693
1784395668302 0.005498023238033056 1694
1784395668310 0.0025864001363515854 1695
1784395668319 0.002235324587672949 1696
1784395668327 0.03458809107542038 1697
1784395668335 0.017857201397418976 1698
1784395668342 0.003093188628554344 1699
1784395668350 0.014221325516700745 1700
1784395668359 0.05717664584517479 1701
1784395668366 0.20879969000816345 1702
1784395668373 0.0001639301044633612 1703
1784395668380 0.020962035283446312 1704
1784395668387 0.04184246063232422 1705
1784395668395 0.027459947392344475 1706
1784395668402 0.032768767327070236 1707
1784395668409 0.001106126350350678 1708
1784395668416 0.06108728423714638 1709
1784395668423 0.004767012782394886 1710
1784395668430 0.022660942748188972 1711
1784395668437 0.06599289923906326 1712
1784395668445 0.0037482776679098606 1713
1784395668453 0.017676133662462234 1714
1784395668460 0.019708022475242615 1715
1784395668467 0.1021171286702156 1716
1784395668474 0.3127742409706116 1717
1784395668481 0.3292926251888275 1718
1784395668488 0.0006612556171603501 1719
1784395668496 0.0023576016537845135 1720
1784395668504 0.019033003598451614 1721
1784395668512 0.027478761970996857 1722
1784395668520 0.10986271500587463 1723
1784395668528 0.11997721344232559 1724
1784395668536 0.0011713642161339521 1725
1784395668544 0.003907214384526014 1726
1784395668551 0.16251511871814728 1727
1784395668558 0.4145258367061615 1728
1784395668565 0.20262257754802704 1729
1784395668572 0.05228392407298088 1730
1784395668580 0.3586132824420929 1731
1784395668587 0.08116095513105392 1732
1784395668594 0.05095880478620529 1733
1784395668601 0.0062060230411589146 1734
1784395668608 0.7965295314788818 1735
1784395668615 0.14472337067127228 1736
1784395668623 0.2010122537612915 1737
1784395668630 0.0030471645295619965 1738
1784395668637 0.08136124163866043 1739
1784395668644 0.0387791208922863 1740
1784395668651 0.0650520920753479 1741
1784395668659 0.05311723053455353 1742
1784395668666 0.0858546793460846 1743
1784395668673 0.026217631995677948 1744
1784395668681 0.020092256367206573 1745
1784395668687 0.0749819427728653 1746
1784395668695 0.004855443723499775 1747
1784395668702 0.005845585837960243 1748
1784395668709 0.0035310029052197933 1749
1784395668717 0.0025141588412225246 1750
1784395668725 0.003454467747360468 1751
1784395668733 0.0025182105600833893 1752
1784395668740 0.0022429863456636667 1753
1784395668747 0.00886925496160984 1754
1784395668754 0.001431441167369485 1755
1784395668761 0.003521969076246023 1756
1784395668768 0.0037345688324421644 1757
1784395668775 0.002525627613067627 1758
1784395668782 0.004425235092639923 1759
1784395668789 0.002699266653507948 1760
1784395668796 0.0025019985623657703 1761
1784395668803 0.002166610211133957 1762
1784395668811 0.004865030758082867 1763
1784395668819 0.0016804198967292905 1764
1784395668826 0.004657843615859747 1765
1784395668834 0.010807104408740997 1766
1784395668841 0.003709029871970415 1767
1784395668849 0.00672858115285635 1768
1784395668857 0.004474459681659937 1769
1784395668865 0.0018348805606365204 1770
1784395668874 0.012087536975741386 1771
1784395668882 0.006404148880392313 1772
1784395668889 0.0026159025728702545 1773
1784395668897 0.008739170618355274 1774
1784395668905 0.007637254893779755 1775
1784395668913 0.006175191607326269 1776
1784395668920 0.004210352897644043 1777
1784395668927 0.005937974434345961 1778
1784395668934 0.004722293931990862 1779
1784395668942 0.002483120420947671 1780
1784395668949 0.014029602520167828 1781
1784395668956 0.0036626916844397783 1782
1784395668964 0.001459097140468657 1783
1784395668971 0.011634805239737034 1784
1784395668978 0.0012300609378144145 1785
1784395668984 0.00619305158033967 1786
1784395668991 0.0025418992154300213 1787
1784395668998 0.0012584804790094495 1788
1784395669005 0.006333298049867153 1789
1784395669012 0.0028820422012358904 1790
1784395669020 0.005174543708562851 1791
1784395669026 0.0007067255792208016 1792
1784395669033 0.0006729097804054618 1793
1784395669040 0.007277826312929392 1794
1784395669047 0.01200246624648571 1795
1784395669055 0.016902893781661987 1796
1784395669062 0.0015789374010637403 1797
1784395669069 0.005454518832266331 1798
1784395669076 0.0010225062724202871 1799
1784395669083 0.007928729057312012 1800
1784395669092 0.005381145514547825 1801
1784395669099 0.00693785585463047 1802
1784395669106 0.000609540962614119 1803
1784395669115 0.0033820553217083216 1804
1784395669123 0.0011145323514938354 1805
1784395669131 0.002066201763227582 1806
1784395669139 0.0022607112769037485 1807
1784395669148 0.02803601510822773 1808
1784395669155 0.008975852280855179 1809
1784395669163 0.00538872042670846 1810
1784395669171 0.0010678693652153015 1811
1784395669178 0.01332778949290514 1812
1784395669185 0.000605897163040936 1813
1784395669193 0.001435429323464632 1814
1784395669201 0.0008669132366776466 1815
1784395669207 0.001692644669674337 1816
1784395669215 0.0027886764146387577 1817
1784395669222 0.0004222164861857891 1818
1784395669228 0.004448920954018831 1819
1784395669236 0.005431856028735638 1820
1784395669243 0.002479495946317911 1821
1784395669250 0.0045344471000134945 1822
1784395669257 0.00262648519128561 1823
1784395669264 0.000283106230199337 1824
1784395669271 0.0035688700154423714 1825
1784395669279 0.005667856894433498 1826
1784395669286 0.0006165496306493878 1827
1784395669293 0.0007965071126818657 1828
1784395669300 0.003930038306862116 1829
1784395669307 0.0020045870915055275 1830
1784395669315 0.0007971338927745819 1831
1784395669323 0.00157950259745121 1832
1784395669330 0.005348480772227049 1833
1784395669336 0.007786975707858801 1834
1784395669343 0.00228201225399971 1835
1784395669352 0.00032068509608507156 1836
1784395669359 0.002643336309120059 1837
1784395669366 0.00952189601957798 1838
1784395669373 0.0005797289777547121 1839
1784395669380 0.0004254130180925131 1840
1784395669387 0.009949701838195324 1841
1784395669394 0.009779090993106365 1842
1784395669402 0.0018903055461123586 1843
1784395669408 0.0013795291306450963 1844
1784395669416 0.0015538089210167527 1845
1784395669424 0.0002603813773021102 1846
1784395669432 0.036975130438804626 1847
1784395669439 0.0008248155354522169 1848
1784395669445 0.0009376368252560496 1849
1784395669452 0.002521430142223835 1850
1784395669460 0.001501580118201673 1851
1784395669467 0.003308001207187772 1852
1784395669474 0.0013884259387850761 1853
1784395669481 0.0007451813435181975 1854
1784395669488 0.0021636805031448603 1855
1784395669495 0.0012054870603606105 1856
1784395669503 0.0017473191255703568 1857
1784395669510 0.0022687921300530434 1858
1784395669517 0.007493020035326481 1859
1784395669524 0.009331084787845612 1860
1784395669531 0.0007627903250977397 1861
1784395669539 0.001294087851420045 1862
1784395669546 0.05185838043689728 1863
1784395669553 0.00574872363358736 1864
1784395669560 0.0008708410314284265 1865
1784395669567 0.037996482104063034 1866
1784395669574 0.004261947236955166 1867
1784395669581 0.00398766715079546 1868
1784395669588 0.002887143287807703 1869
1784395669595 0.02609953097999096 1870
1784395669602 0.0180752482265234 1871
1784395669609 0.005843599326908588 1872
1784395669617 0.009064887650310993 1873
1784395669949 0.028221335262060165 1874
1784395669957 0.008334287442266941 1875
1784395669964 0.0007879768963903189 1876
1784395669971 0.017194565385580063 1877
1784395669978 0.0012842061696574092 1878
1784395669985 0.0005623355973511934 1879
1784395669991 0.0013575353659689426 1880
1784395669999 0.010994325391948223 1881
1784395670007 0.012547901831567287 1882
1784395670015 0.0014450302114710212 1883
1784395670024 0.10486292839050293 1884
1784395670033 0.009166707284748554 1885
1784395670040 0.006163492798805237 1886
1784395670046 0.012670665048062801 1887
1784395670054 0.002646692795678973 1888
1784395670061 0.00650680810213089 1889
1784395670068 0.0013330834917724133 1890
1784395670075 0.0006173295550979674 1891
1784395670082 0.003927438985556364 1892
1784395670088 0.001239991863258183 1893
1784395670095 0.0015176478773355484 1894
1784395670103 0.0516233965754509 1895
1784395670110 0.14925454556941986 1896
1784395670117 0.0029012183658778667 1897
1784395670124 0.0006971661932766438 1898
1784395670130 0.009186671115458012 1899
1784395670137 0.008988121524453163 1900
1784395670145 0.0008014698978513479 1901
1784395670152 0.006479941308498383 1902
1784395670160 0.005313099827617407 1903
1784395670167 0.004092453513294458 1904
1784395670174 0.0036764065735042095 1905
1784395670181 0.006037571467459202 1906
1784395670188 0.011969433166086674 1907
1784395670195 0.015626756474375725 1908
1784395670202 0.001021677628159523 1909
1784395670209 0.018587728962302208 1910
1784395670216 0.01725204475224018 1911
1784395670224 0.004917217418551445 1912
1784395670231 0.021210189908742905 1913
1784395670238 0.005935704801231623 1914
1784395670245 0.02179400809109211 1915
1784395670252 0.02657114528119564 1916
1784395670259 0.008402440696954727 1917
1784395670268 0.001098332810215652 1918
1784395670277 0.0014405273832380772 1919
1784395670286 0.003451831638813019 1920
1784395670294 0.001018397742882371 1921
1784395670302 0.017114870250225067 1922
1784395670309 0.0007392216357402503 1923
1784395670316 0.009983616881072521 1924
1784395670324 0.0003809455665759742 1925
1784395670332 0.2646148204803467 1926
1784395670341 0.003617463167756796 1927
1784395670349 0.0011875104391947389 1928
1784395670358 0.00300166429951787 1929
1784395670366 0.003043883014470339 1930
1784395670373 0.001064926851540804 1931
1784395670380 0.0010748242493718863 1932
1784395670386 0.035185571759939194 1933
1784395670393 0.023514706641435623 1934
1784395670401 0.016800224781036377 1935
1784395670409 0.02242075651884079 1936
1784395670417 0.0013987583806738257 1937
1784395670425 0.003947914578020573 1938
1784395670433 0.01407637633383274 1939
1784395670442 0.0053908973932266235 1940
1784395670450 0.07251611351966858 1941
1784395670458 0.06562607735395432 1942
1784395670465 0.004648965783417225 1943
1784395670473 0.019723838195204735 1944
1784395670480 0.010561823844909668 1945
1784395670487 0.01926293410360813 1946
1784395670494 0.000866000889800489 1947
1784395670501 0.018951384350657463 1948
1784395670508 0.055810414254665375 1949
1784395670516 0.010374432429671288 1950
1784395670523 0.006560896523296833 1951
1784395670530 0.007248213980346918 1952
1784395670537 0.003098196815699339 1953
1784395670545 0.013954270631074905 1954
1784395670552 0.002681272104382515 1955
1784395670560 0.01017716247588396 1956
1784395670568 0.0037617117632180452 1957
1784395670576 0.011215991340577602 1958
1784395670583 0.007985365577042103 1959
1784395670590 0.009228486567735672 1960
1784395670597 0.025929365307092667 1961
1784395670604 0.04788653552532196 1962
1784395670611 0.04547502472996712 1963
1784395670619 0.017357630655169487 1964
1784395670626 0.04155242443084717 1965
1784395670633 0.01504115853458643 1966
1784395670640 0.007114078849554062 1967
1784395670647 0.04947789013385773 1968
1784395670654 0.0005059196846559644 1969
1784395670662 0.02689085341989994 1970
1784395670669 0.037301164120435715 1971
1784395670676 0.026546135544776917 1972
1784395670683 0.02538558468222618 1973
1784395670691 0.010893873870372772 1974
1784395670698 0.0517808236181736 1975
1784395670705 0.004916225094348192 1976
1784395670712 0.007429450284689665 1977
1784395670720 0.029228409752249718 1978
1784395670727 0.05790485069155693 1979
1784395670733 0.1207975223660469 1980
1784395670741 0.0068897963501513 1981
1784395670748 0.014076519757509232 1982
1784395670754 0.05776859447360039 1983
1784395670762 0.030600201338529587 1984
1784395670769 0.06684104353189468 1985
1784395670776 0.17755605280399323 1986
1784395670784 0.010647714138031006 1987
1784395670790 0.05969099700450897 1988
1784395670798 0.10677308589220047 1989
1784395670805 0.14507217705249786 1990
1784395670811 0.012411556206643581 1991
1784395670819 0.2134428769350052 1992
1784395670827 0.11572441458702087 1993
1784395670835 0.003630927298218012 1994
1784395670842 0.04517563804984093 1995
1784395670849 0.04728497564792633 1996
1784395670856 0.00809749960899353 1997
1784395670863 0.01880197413265705 1998
1784395670870 0.01518403273075819 1999
1784395670877 0.01634942926466465 2000
1784395670884 0.03694159537553787 2001
1784395670893 0.06379880756139755 2002
1784395670900 0.13516904413700104 2003
1784395670907 0.11581991612911224 2004
1784395670915 0.20593494176864624 2005
1784395670922 0.1250416785478592 2006
1784395670929 0.19202297925949097 2007
1784395670936 0.22948718070983887 2008
1784395670944 0.18544475734233856 2009
1784395670950 0.9673397541046143 2010
1784395670958 0.7626250982284546 2011
1784395670966 1.9358704090118408 2012
1784395670973 0.412148118019104 2013
1784395670979 1.0866715908050537 2014
1784395670986 0.5056939125061035 2015
1784395670993 0.44974276423454285 2016
1784395671000 0.844444215297699 2017
1784395671007 3.0661351680755615 2018
1784395671014 1.0636420249938965 2019
1784395671022 1.0863336324691772 2020
1784395671030 0.625200092792511 2021
1784395671040 1.3172990083694458 2022
1784395671048 0.7660048007965088 2023
1784395671056 0.5243763327598572 2024
1784395671064 1.42838716506958 2025
1784395671073 1.864621877670288 2026
1784395671082 0.6923277974128723 2027
1784395671090 0.6544541716575623 2028
1784395671099 0.26550954580307007 2029
1784395671107 0.5710004568099976 2030
1784395671116 0.33825361728668213 2031
1784395671123 0.2904137670993805 2032
1784395671130 0.12827011942863464 2033
1784395671137 0.21700593829154968 2034
1784395671144 0.2879820466041565 2035
1784395671151 0.2471238225698471 2036
1784395671160 0.2697485685348511 2037
1784395671168 0.2631758451461792 2038
1784395671177 0.16236135363578796 2039
1784395671184 0.11063812673091888 2040
1784395671192 0.4364156424999237 2041
1784395671201 0.13980858027935028 2042
1784395671208 0.07129348069429398 2043
1784395671215 0.04595974460244179 2044
1784395671222 0.11851786077022552 2045
1784395671229 0.15056753158569336 2046
1784395671237 0.2853321433067322 2047
1784395671245 0.16720794141292572 2048
1784395671252 0.06860214471817017 2049
1784395671259 0.06744802743196487 2050
1784395671267 0.12006571143865585 2051
1784395671276 0.1428334265947342 2052
1784395671283 0.07314850389957428 2053
1784395671290 0.09485123306512833 2054
1784395671299 0.13730396330356598 2055
1784395671306 0.12057061493396759 2056
1784395671315 0.10124985873699188 2057
1784395671322 0.1501573771238327 2058
1784395671329 0.049510642886161804 2059
1784395671336 0.08751993626356125 2060
1784395671344 0.06393910199403763 2061
1784395671353 0.05179717391729355 2062
1784395671361 0.07923541963100433 2063
1784395671369 0.07548119872808456 2064
1784395671378 0.07446525990962982 2065
1784395671386 0.0889180600643158 2066
1784395671394 0.0732872486114502 2067
1784395671402 0.10938076674938202 2068
1784395671409 0.08674312382936478 2069
1784395671416 0.0814170092344284 2070
1784395671424 0.06888262182474136 2071
1784395671431 0.0704771876335144 2072
1784395671439 0.08623199164867401 2073
1784395671446 0.08949070423841476 2074
1784395671454 0.11183668673038483 2075
1784395671462 0.12529949843883514 2076
1784395671470 0.11672385036945343 2077
1784395671478 0.14139576256275177 2078
1784395671486 0.19332647323608398 2079
1784395671493 0.08350404351949692 2080
1784395671500 0.15014150738716125 2081
1784395671507 0.22774642705917358 2082
1784395671514 0.13265666365623474 2083
1784395671521 0.13471952080726624 2084
1784395671528 0.18263469636440277 2085
1784395671535 0.12791451811790466 2086
1784395671543 0.1338011622428894 2087
1784395671549 0.2607831358909607 2088
1784395671557 0.24363258481025696 2089
1784395671564 0.17757421731948853 2090
1784395671572 0.15385182201862335 2091
1784395671579 0.20374664664268494 2092
1784395671586 0.14731866121292114 2093
1784395671592 0.19451677799224854 2094
1784395671601 0.10292913019657135 2095
1784395671609 0.1386856585741043 2096
1784395671617 0.12965646386146545 2097
1784395671625 0.110089972615242 2098
1784395671633 0.20851002633571625 2099
1784395671640 0.25357916951179504 2100
1784395671647 0.16694964468479156 2101
1784395671655 0.18790888786315918 2102
1784395671662 0.1601635217666626 2103
1784395671669 0.292560875415802 2104
1784395671676 0.1917901337146759 2105
1784395671683 0.19679254293441772 2106
1784395671690 0.14209634065628052 2107
1784395671699 0.12059591710567474 2108
1784395671706 0.16878238320350647 2109
1784395671715 0.11170495301485062 2110
1784395671723 0.09787404537200928 2111
1784395671731 0.13350750505924225 2112
1784395671740 0.04924815148115158 2113
1784395671747 0.056108299642801285 2114
1784395671754 0.0522322803735733 2115
1784395671761 0.020846785977482796 2116
1784395671768 0.007084699347615242 2117
1784395671775 0.014002429321408272 2118
1784395671789 0.013677502982318401 2119
1784395671796 0.007805670145899057 2120
1784395671803 0.017508085817098618 2121
1784395671810 0.0044601233676075935 2122
1784395671818 0.0017846492119133472 2123
1784395671825 0.0018125363858416677 2124
1784395671831 0.0020517492666840553 2125
1784395671839 0.0021927691996097565 2126
1784395671846 0.0016562568489462137 2127
1784395671853 0.0017506506992504 2128
1784395671860 0.0012348262825980783 2129
1784395671868 0.0007346819620579481 2130
1784395671876 0.0006857661064714193 2131
1784395671883 0.0011243303306400776 2132
1784395671890 0.0015549242962151766 2133
1784395671897 0.0006605786620639265 2134
1784395671904 0.0010607923613861203 2135
1784395671912 0.0012820156989619136 2136
1784395671921 0.00042154244147241116 2137
1784395671928 0.0012931240489706397 2138
1784395671937 0.0014329872792586684 2139
1784395671943 0.0005492764757946134 2140
1784395671950 0.0003278088988736272 2141
1784395671958 0.0005642396863549948 2142
1784395671965 0.001431196229532361 2143
1784395671972 0.0009483399335294962 2144
1784395671979 0.0005098580149933696 2145
1784395671986 0.0006729387678205967 2146
1784395671993 0.0003722208202816546 2147
1784395672000 0.000697412877343595 2148
1784395672007 0.0003647325502242893 2149
1784395672014 0.00021598728199023753 2150
1784395672021 0.0004049509298056364 2151
1784395672028 0.00036895458470098674 2152
1784395672035 0.0007141574751585722 2153
1784395672043 0.0005667497171089053 2154
1784395672049 0.0006265090778470039 2155
1784395672058 0.0009775897487998009 2156
1784395672065 0.0006819063564762473 2157
1784395672072 0.0006284055998548865 2158
1784395672079 0.0001568419102113694 2159
1784395672086 0.008989161811769009 2160
1784395672093 0.00036111092776991427 2161
1784395672101 0.0005164437461644411 2162
1784395672107 0.004145651590079069 2163
1784395672114 0.001328662154264748 2164
1784395672121 0.0001888095139293 2165
1784395672128 0.0033865878358483315 2166
1784395672135 0.00026256736600771546 2167
1784395672143 0.0014334276784211397 2168
1784395672151 0.0009063402540050447 2169
1784395672158 0.0009936648420989513 2170
1784395672165 0.0005397399654611945 2171
1784395672172 0.0013973721070215106 2172
1784395672180 0.0003512598923407495 2173
1784395672187 0.00023718777811154723 2174
1784395672193 0.00026848993729799986 2175
1784395672201 0.00027854490326717496 2176
1784395672207 0.0014237533323466778 2177
1784395672214 0.0003019424038939178 2178
1784395672221 0.0011969312326982617 2179
1784395672228 0.00042673799907788634 2180
1784395672235 0.0009283229592256248 2181
1784395672242 0.0003270565939601511 2182
1784395672249 0.0005019860109314322 2183
1784395672256 0.0005420111119747162 2184
1784395672263 0.00042707740794867277 2185
1784395672270 0.00017910369206219912 2186
1784395672277 0.0001093300452339463 2187
1784395672284 0.0004157403891440481 2188
1784395672291 0.00030053319642320275 2189
1784395672298 0.0003343765274621546 2190
1784395672306 0.003234617877751589 2191
1784395672314 9.168213000521064e-05 2192
1784395672322 0.0003493840340524912 2193
1784395672331 0.0005249852547422051 2194
1784395672339 0.0004056169418618083 2195
1784395672346 0.0003113405255135149 2196
1784395672353 0.0004404501523822546 2197
1784395672362 0.00020649972429964691 2198
1784395672370 0.00024947759811766446 2199
1784395672378 0.0017378702759742737 2200
1784395672386 0.0006461458979174495 2201
1784395672393 0.00027957052225247025 2202
1784395672400 0.00022271698981057853 2203
1784395672406 0.00017501742695458233 2204
1784395672413 8.39749991428107e-05 2205
1784395672421 0.0003013694076798856 2206
1784395672428 0.000348939880495891 2207
1784395672435 0.00014822283992543817 2208
1784395672443 0.000491297512780875 2209
1784395672451 0.0003236569173168391 2210
1784395672458 0.0005288660759106278 2211
1784395672465 0.00013567600399255753 2212
1784395672472 0.000454373424872756 2213
1784395672480 0.0003515157732181251 2214
1784395672487 0.0002688424428924918 2215
1784395672494 0.004855142440646887 2216
1784395672501 6.304794806055725e-05 2217
1784395672509 0.0007460140623152256 2218
1784395672518 0.00061016995459795 2219
1784395672526 0.00027381416293792427 2220
1784395672534 0.00022036407608538866 2221
1784395672542 0.00033355766208842397 2222
1784395672550 0.00029538621311075985 2223
1784395672557 0.00013792357640340924 2224
1784395672565 0.0005839035147801042 2225
1784395672572 0.00023254154075402766 2226
1784395672579 0.0001312876702286303 2227
1784395672586 0.00024246743123512715 2228
1784395672593 0.0003023977333214134 2229
1784395672601 0.0002302769134985283 2230
1784395672608 0.0004464360245037824 2231
1784395672615 0.00017164477321784943 2232
1784395672622 0.0005412826430983841 2233
1784395672629 0.00022521702339872718 2234
1784395672636 0.000276170700090006 2235
1784395672644 0.00022925973462406546 2236
1784395672652 0.0015955724520608783 2237
1784395672660 0.00043520130566321313 2238
1784395672666 0.00014038653171155602 2239
1784395672673 0.0001572078763274476 2240
1784395672681 0.0003138382744509727 2241
1784395672689 0.00042342860251665115 2242
1784395672698 0.0003283354453742504 2243
1784395672705 0.00013630336616188288 2244
1784395672712 0.0003488424117676914 2245
1784395672720 0.00025112618459388614 2246
1784395672729 0.00013295015378389508 2247
1784395672737 0.00025718880351632833 2248
1784395672745 9.434500680072233e-05 2249
1784395672753 0.0007321431185118854 2250
1784395672760 0.00014833069872111082 2251
1784395672767 0.0007393682026304305 2252
1784395672774 0.00019797416462097317 2253
1784395672782 0.0005834556650370359 2254
1784395672788 0.00034262952976860106 2255
1784395672796 0.0004429151595104486 2256
1784395672803 7.577940414194018e-05 2257
1784395672810 0.0017766534583643079 2258
1784395672817 0.00025291400379501283 2259
1784395672824 0.00016062473878264427 2260
1784395672831 6.784916331525892e-05 2261
1784395672838 0.0004320786101743579 2262
1784395672845 0.0003340216353535652 2263
1784395672853 0.00010560134251136333 2264
1784395672860 0.00019639973470475525 2265
1784395672867 0.0004591276519931853 2266
1784395672874 0.00016913030412979424 2267
1784395672882 0.0006131904083304107 2268
1784395672890 0.000420243974076584 2269
1784395672898 0.0001366398937534541 2270
1784395672905 0.00048577736015431583 2271
1784395672912 0.00020359057816676795 2272
1784395672919 0.0008823553216643631 2273
1784395672926 0.00015340946265496314 2274
1784395672933 0.00017403962556272745 2275
1784395672940 0.00016141554806381464 2276
1784395672947 0.00138429447542876 2277
1784395672954 0.00021310473675839603 2278
1784395672962 0.0004667725588660687 2279
1784395672969 0.00032755258143879473 2280
1784395672976 0.00017592930817045271 2281
1784395672984 0.00018551782704889774 2282
1784395672991 0.0002874885103665292 2283
1784395672998 0.0002805854892358184 2284
1784395673005 0.0035097715444862843 2285
1784395673012 0.00029138088575564325 2286
1784395673020 0.00015509920194745064 2287
1784395673026 0.00036561774322763085 2288
1784395673034 0.00023606696049682796 2289
1784395673041 0.00012281634553801268 2290
1784395673048 0.00018382012785878032 2291
1784395673055 0.00021135466522537172 2292
1784395673064 0.0004318857390899211 2293
1784395673071 0.00026325444923713803 2294
1784395673079 0.00019265201990492642 2295
1784395673088 0.0015038548735901713 2296
1784395673096 0.00031439075246453285 2297
1784395673105 0.00025474419817328453 2298
1784395673114 0.0001755609700921923 2299
1784395673121 0.0008101844578050077 2300
1784395673128 0.00017333388677798212 2301
1784395673135 0.00032372382702305913 2302
1784395673143 0.0019752830266952515 2303
1784395673149 0.00014372714213095605 2304
1784395673157 0.00017813425802160054 2305
1784395673163 0.00021000669221393764 2306
1784395673170 0.00019332718511577696 2307
1784395673179 0.002025994937866926 2308
1784395673188 0.00013713543012272567 2309
1784395673196 0.0009253635653294623 2310
1784395673203 0.001480674371123314 2311
1784395673210 0.00027175495051778853 2312
1784395673217 0.00024813698837533593 2313
1784395673224 0.0002478869864717126 2314
1784395673231 0.00022260758851189166 2315
1784395673239 0.00024324390687979758 2316
1784395673246 0.0005029733292758465 2317
1784395673253 0.00014244549674913287 2318
1784395673260 0.00021050425129942596 2319
1784395673267 0.00015004846500232816 2320
1784395673275 0.000345188396750018 2321
1784395673282 0.0002650946262292564 2322
1784395673289 0.0002656097640283406 2323
1784395673296 0.00017284891509916633 2324
1784395673303 0.00021896109683439136 2325
1784395673311 0.0005066550802439451 2326
1784395673318 0.00021262513473629951 2327
1784395673325 0.00024296231276821345 2328
1784395673332 9.937480353983119e-05 2329
1784395673339 0.0002740206546150148 2330
1784395673346 0.00020810248679481447 2331
1784395673354 0.0002573732053861022 2332
1784395673362 0.0009518538718111813 2333
1784395673370 0.0005983249866403639 2334
1784395673378 0.00011507132148835808 2335
1784395673385 0.00021623367501888424 2336
1784395673392 0.00014769271365366876 2337
1784395673399 0.0001377678127028048 2338
1784395673406 0.0005731040146201849 2339
1784395673413 0.0002691812696866691 2340
1784395673421 0.00040262716356664896 2341
1784395673429 0.0002499563852325082 2342
1784395673436 0.00016016274457797408 2343
1784395673443 0.00024625437799841166 2344
1784395673452 0.00014424194523599 2345
1784395673460 0.000269167881924659 2346
1784395673468 0.00045242736814543605 2347
1784395673476 0.0003588944091461599 2348
1784395673483 0.00032459734939038754 2349
1784395673490 6.0903003031853586e-05 2350
1784395673497 0.00015911893569864333 2351
1784395673503 0.00032523443223908544 2352
1784395673510 0.00019082798098679632 2353
1784395673518 0.0001040749775711447 2354
1784395673525 0.00016543417586944997 2355
1784395673532 0.0002374673349549994 2356
1784395673539 0.001499833888374269 2357
1784395673546 0.00048426928697153926 2358
1784395673552 7.915872265584767e-05 2359
1784395673559 0.000565559952519834 2360
1784395673566 0.0004480801580939442 2361
1784395673575 0.00013212878548074514 2362
1784395673583 0.0002535511739552021 2363
1784395673590 0.00016671326011419296 2364
1784395673599 0.00023644333123229444 2365
1784395673606 0.00038895654142834246 2366
1784395673613 0.00012162409257143736 2367
1784395673621 0.00017678567382972687 2368
1784395673629 0.00012754998169839382 2369
1784395673637 0.00011020648526027799 2370
1784395673644 5.902135308133438e-05 2371
1784395673651 0.0006626551039516926 2372
1784395673659 0.0003313946654088795 2373
1784395673666 7.519831706304103e-05 2374
1784395673675 0.00012219489144627005 2375
1784395673684 9.018293349072337e-05 2376
1784395673691 0.0003566814702935517 2377
1784395673698 6.27412591711618e-05 2378
1784395673706 0.00013176113134250045 2379
1784395673714 0.00035889982245862484 2380
1784395673723 0.0002139383868779987 2381
1784395673731 0.000625567277893424 2382
1784395673739 0.00012987757509108633 2383
1784395673747 0.0011557074030861259 2384
1784395673754 0.00040334754157811403 2385
1784395673762 0.00026207187329418957 2386
1784395673769 0.00020012380264233798 2387
1784395673776 0.0004818017187062651 2388
1784395673785 0.00020458111248444766 2389
1784395673793 0.0001582950062584132 2390
1784395673801 0.00012296909699216485 2391
1784395673808 0.00022351875668391585 2392
1784395673816 0.0001326258498011157 2393
1784395673823 6.674579344689846e-05 2394
1784395673829 0.00014254654524847865 2395
1784395673836 0.0002181626041419804 2396
1784395673844 0.0003266634594183415 2397
1784395673850 0.00012624968076124787 2398
1784395673858 0.00044107300345785916 2399
1784395673865 0.0008470704779028893 2400
1784395673872 0.00020829736604355276 2401
1784395673879 0.012917181476950645 2402
1784395673886 0.000315914920065552 2403
1784395673892 0.0001115816121455282 2404
1784395673901 0.00019570390577428043 2405
1784395673909 0.0001525192055851221 2406
1784395673917 0.000447612110292539 2407
1784395673925 0.004866890609264374 2408
1784395673933 0.00011737353634089231 2409
1784395673940 0.00036205333890393376 2410
1784395673947 0.00014450964226853102 2411
1784395673956 0.0005483832210302353 2412
1784395673964 0.00017121068958658725 2413
1784395673972 0.00011566517787287012 2414
1784395673981 8.806145342532545e-05 2415
1784395673989 0.0002041139086941257 2416
1784395673997 0.00014863329124636948 2417
1784395674006 0.00033498575794510543 2418
1784395674014 0.0006845748284831643 2419
1784395674022 9.427508484805003e-05 2420
1784395674029 0.0002485126897227019 2421
1784395674037 0.000484809628687799 2422
1784395674044 3.9060974813764915e-05 2423
1784395674050 0.00016556333866901696 2424
1784395674059 0.001102146110497415 2425
1784395674067 0.00010454616858623922 2426
1784395674076 0.0003453691315371543 2427
1784395674083 9.050503285834566e-05 2428
1784395674090 0.00012028901255689561 2429
1784395674097 5.248817251413129e-05 2430
1784395674104 0.00012917323329020292 2431
1784395674111 0.000473103194963187 2432
1784395674119 8.041216642595828e-05 2433
1784395674125 7.637273665750399e-05 2434
1784395674133 0.0026869112625718117 2435
1784395674140 0.00010461795318406075 2436
1784395674148 0.00015001907013356686 2437
1784395674156 9.212853910867125e-05 2438
1784395674164 0.0002312060969416052 2439
1784395674172 0.00018731704039964825 2440
1784395674180 0.0001839572942117229 2441
1784395674186 0.0002499987604096532 2442
1784395674193 0.00019469014659989625 2443
1784395674200 0.00011355969036230817 2444
1784395674207 0.00029403777443803847 2445
1784395674214 0.00040779958362691104 2446
1784395674222 0.0001241096470039338 2447
1784395674230 0.0006772176129743457 2448
1784395674239 0.00017423831741325557 2449
1784395674247 0.00010547781857894734 2450
1784395674255 0.0004087683046236634 2451
1784395674265 0.00014728878159075975 2452
1784395674273 0.0002800369984470308 2453
1784395674280 0.00014105020090937614 2454
1784395674289 0.00042671672417782247 2455
1784395674297 0.0001505071559222415 2456
1784395674306 7.023997750366107e-05 2457
1784395674314 0.00019687203166540712 2458
1784395674322 0.00010037356696557254 2459
1784395674330 3.738857776625082e-05 2460
1784395674338 0.00011944553261855617 2461
1784395674346 0.0011013711337000132 2462
1784395674353 0.00012497615534812212 2463
1784395674361 6.23910382273607e-05 2464
1784395674368 0.0006276715430431068 2465
1784395674375 0.0001531997404526919 2466
1784395674382 0.0001349110680166632 2467
1784395674389 0.0002959748962894082 2468
1784395674398 0.00028542347718030214 2469
1784395674406 6.146497617010027e-05 2470
1784395674415 8.224248449550942e-05 2471
1784395674423 0.0006643328815698624 2472
1784395674432 9.345007129013538e-05 2473
1784395674440 0.00010873837891267613 2474
1784395674447 0.0002731317363213748 2475
1784395674454 0.00014540116535499692 2476
1784395674461 0.00047649332555010915 2477
1784395674468 0.000114863520138897 2478
1784395674475 0.00045883579878136516 2479
1784395674482 6.370845949277282e-05 2480
1784395674489 3.8381647755159065e-05 2481
1784395674497 0.0013280558632686734 2482
1784395674503 0.000102504352980759 2483
1784395674510 0.00012255138426553458 2484
1784395674519 0.0002838524233084172 2485
1784395674527 0.0002045925793936476 2486
1784395674534 0.0001632752682780847 2487
1784395674542 8.481719123665243e-05 2488
1784395674549 0.0005139735294505954 2489
1784395674557 0.00010658902465365827 2490
1784395674563 0.00024281122023239732 2491
1784395674570 0.0002461498079355806 2492
1784395674578 9.36582509893924e-05 2493
1784395674585 0.000354979740222916 2494
1784395674593 7.723152521066368e-05 2495
1784395674600 0.0001123881884268485 2496
1784395674607 0.00011806975089712068 2497
1784395674616 0.0002768476551864296 2498
1784395674623 0.00011344067752361298 2499
1784395674629 5.195937410462648e-05 2500
1784395674637 0.0001487247209297493 2501
1784395674643 0.00037053594132885337 2502
1784395674650 0.00015185671509243548 2503
1784395674658 0.00023929087910801172 2504
1784395674665 0.00022187712602317333 2505
1784395674672 7.563132385257632e-05 2506
1784395674679 8.368519775103778e-05 2507
1784395674686 0.00014414505858439952 2508
1784395674693 3.510419628582895e-05 2509
1784395674701 0.00019668035383801907 2510
1784395674708 0.00010453448339831084 2511
1784395674715 6.873948586871848e-05 2512
1784395674722 0.0001433808502042666 2513
1784395674729 7.979873043950647e-05 2514
1784395674738 8.256579894805327e-05 2515
1784395674746 0.00021272242884151638 2516
1784395674754 0.00032134566572494805 2517
1784395674762 0.00018312242173124105 2518
1784395674770 0.0001027057587634772 2519
1784395674778 0.00016784091712906957 2520
1784395674786 5.8525980421109125e-05 2521
1784395674793 0.0006471638334915042 2522
1784395674800 0.0002498556859791279 2523
1784395674807 8.564353629481047e-05 2524
1784395674814 9.34386407607235e-05 2525
1784395674821 0.00010190412285737693 2526
1784395674827 0.00011240169988013804 2527
1784395674835 8.234858978539705e-05 2528
1784395674843 9.13568728719838e-05 2529
1784395674849 0.0001357230794383213 2530
1784395674857 0.0006796384695917368 2531
1784395674864 9.418962144991383e-05 2532
1784395674871 0.0002049934701062739 2533
1784395674880 8.60549189383164e-05 2534
1784395674889 0.00012927385978400707 2535
1784395674896 0.00013299008423928171 2536
1784395674903 0.00013465777738019824 2537
1784395674910 0.0002872123150154948 2538
1784395674917 6.438884884119034e-05 2539
1784395674925 0.00025936757447198033 2540
1784395674932 0.0008640317828394473 2541
1784395674939 7.183015259215608e-05 2542
1784395674946 9.166589006781578e-05 2543
1784395674954 0.00014204283070284873 2544
1784395674961 0.0001457354228477925 2545
1784395674967 0.00023634334502276033 2546
1784395674975 6.884735194034874e-05 2547
1784395674982 7.807915972080082e-05 2548
1784395674989 0.0002994905225932598 2549
1784395674996 0.00017265592759940773 2550
1784395675003 5.2882216550642624e-05 2551
1784395675010 8.360691572306678e-05 2552
1784395675018 0.0001338528236374259 2553
1784395675025 6.152241985546425e-05 2554
1784395675032 0.0002250463585369289 2555
1784395675039 0.00012152933049947023 2556
1784395675046 9.106276411330327e-05 2557
1784395675053 8.140721183735877e-05 2558
1784395675060 8.037691441131756e-05 2559
1784395675067 0.0001790200622053817 2560
1784395675074 0.000374387891497463 2561
1784395675081 7.600044773425907e-05 2562
1784395675088 9.595404117135331e-05 2563
1784395675096 0.00011724288924597204 2564
1784395675103 0.00012598439934663475 2565
1784395675110 3.7101977795828134e-05 2566
1784395675117 6.1006641772110015e-05 2567
1784395675124 0.00015223781520035118 2568
1784395675133 0.00012891860387753695 2569
1784395675140 0.00010451792331878096 2570
1784395675146 0.0002522073918953538 2571
1784395675155 4.481204450712539e-05 2572
1784395675162 3.071345781791024e-05 2573
1784395675169 0.00016078371845651418 2574
1784395675176 6.884977483423427e-05 2575
1784395675185 6.471226515714079e-05 2576
1784395675193 0.00010190058674197644 2577
1784395675200 0.00012011416401946917 2578
1784395675207 0.00021694792667403817 2579
1784395675214 9.791012416826561e-05 2580
1784395675221 9.298734948970377e-05 2581
1784395675228 0.00019010264077223837 2582
1784395675235 0.00012647610856220126 2583
1784395675242 0.0003217501216568053 2584
1784395675248 9.721098467707634e-05 2585
1784395675255 0.00011852312309201807 2586
1784395675263 7.430755067616701e-05 2587
1784395675271 0.00011924658610951155 2588
1784395675280 0.00020945699361618608 2589
1784395675288 0.00022324018937069923 2590
1784395675296 9.399906411999837e-05 2591
1784395675303 7.317906420212239e-05 2592
1784395675309 4.8089663323480636e-05 2593
1784395675316 5.108365439809859e-05 2594
1784395675324 6.68691354803741e-05 2595
1784395675331 0.00016433042765129358 2596
1784395675339 0.0001771365787135437 2597
1784395675346 0.00014778762124478817 2598
1784395675353 0.00014641141751781106 2599
1784395675360 0.00012914703984279186 2600
1784395675367 5.150280776433647e-05 2601
1784395675374 8.11153877293691e-05 2602
1784395675382 7.530883885920048e-05 2603
1784395675390 0.00011614859249675646 2604
1784395675398 0.00010420891339890659 2605
1784395675405 0.0002019927924266085 2606
1784395675412 9.499594307271764e-05 2607
1784395675419 0.0001789648231351748 2608
1784395675426 7.717793778283522e-05 2609
1784395675434 0.00016103469533845782 2610
1784395675442 2.2634478227701038e-05 2611
1784395675448 0.00014792828005738556 2612
1784395675455 6.96078859618865e-05 2613
1784395675463 4.4748408981831744e-05 2614
1784395675470 0.0001971171295735985 2615
1784395675477 0.00041851773858070374 2616
1784395675484 0.00010586330608930439 2617
1784395675491 7.739537977613509e-05 2618
1784395675499 0.00026566433371044695 2619
1784395675508 4.3559215555433184e-05 2620
1784395675515 7.529876893386245e-05 2621
1784395675522 0.0001433221041224897 2622
1784395675529 5.1030707254540175e-05 2623
1784395675536 9.37760851229541e-05 2624
1784395675543 0.00010048292460851371 2625
1784395675550 0.0006484274636022747 2626
1784395675557 0.0002630719682201743 2627
1784395675564 5.1061404519714415e-05 2628
1784395675571 4.770562009071e-05 2629
1784395675578 0.00013111045700497925 2630
1784395675585 8.768370753386989e-05 2631
1784395675594 7.62157142162323e-05 2632
1784395675602 0.00019269401673227549 2633
1784395675610 0.00016072511789388955 2634
1784395675617 7.773261313559487e-05 2635
1784395675624 9.244347165804356e-05 2636
1784395675631 0.00030337617499753833 2637
1784395675638 0.00035327087971381843 2638
1784395675647 0.0001230730558745563 2639
1784395675655 0.00020547790336422622 2640
1784395675663 0.00016638878150843084 2641
1784395675671 8.316968160215765e-05 2642
1784395675679 0.00012952106771990657 2643
1784395675687 7.223585271276534e-05 2644
1784395675696 3.969364843214862e-05 2645
1784395675703 0.0001384808128932491 2646
1784395675710 2.940456397482194e-05 2647
1784395675719 5.238437734078616e-05 2648
1784395675727 0.00037298016832210124 2649
1784395675735 0.00014464308333117515 2650
1784395675743 4.200801777187735e-05 2651
1784395675750 0.00013427843805402517 2652
1784395675758 5.7880617532646284e-05 2653
1784395675765 9.641820361139253e-05 2654
1784395675772 8.954798249760643e-05 2655
1784395675780 5.3528779972111806e-05 2656
1784395675787 0.00020567122555803508 2657
1784395675794 8.89844523044303e-05 2658
1784395675801 8.177670679287985e-05 2659
1784395675808 9.2073627456557e-05 2660
1784395675815 0.00021824552095495164 2661
1784395675822 3.7968889955664054e-05 2662
1784395675830 5.9652593336068094e-05 2663
1784395675837 8.834312757244334e-05 2664
1784395675845 7.266139436978847e-05 2665
1784395675852 0.00047069237916730344 2666
1784395675860 0.00014063750859349966 2667
1784395675866 0.007615195121616125 2668
1784395675874 9.4744966190774e-05 2669
1784395675880 7.569562876597047e-05 2670
1784395675887 7.356576679740101e-05 2671
1784395675895 0.00020990098710171878 2672
1784395675903 0.00022602670651394874 2673
1784395675911 0.00031870295060798526 2674
1784395675920 0.00016150537703651935 2675
1784395675928 8.691707625985146e-05 2676
1784395675935 0.00020156953542027622 2677
1784395675942 0.00025256347726099193 2678
1784395675949 9.566227527102455e-05 2679
1784395675956 0.0003078230656683445 2680
1784395675963 8.487461309414357e-05 2681
1784395675970 8.272020204458386e-05 2682
1784395675977 0.0002787504927255213 2683
1784395675984 0.00023683920153416693 2684
1784395675991 6.59261058899574e-05 2685
1784395675999 0.0002066605375148356 2686
1784395676005 0.00014974740042816848 2687
1784395676012 0.0002102857833961025 2688
1784395676020 0.00044926561531610787 2689
1784395676026 3.9091308281058446e-05 2690
1784395676033 0.00012029368372168392 2691
1784395676040 0.0001971999299712479 2692
1784395676047 0.00010146241402253509 2693
1784395676056 0.0003849871864076704 2694
1784395676064 0.00017981900600716472 2695
1784395676071 0.00034605799010023475 2696
1784395676079 3.6336314224172384e-05 2697
1784395676086 8.605715265730396e-06 2698
1784395676093 0.000344308209605515 2699
1784395676101 0.0002337737678317353 2700
1784395676108 7.875334995333105e-05 2701
1784395676116 9.169183613266796e-05 2702
1784395676124 6.949991075089201e-05 2703
1784395676132 0.00015605425869580358 2704
1784395676139 0.00029317830922082067 2705
1784395676147 0.00020884086552541703 2706
1784395676154 0.00010176240175496787 2707
1784395676162 0.00015795088256709278 2708
1784395676170 0.00023191030777525157 2709
1784395676178 0.00012794490612577647 2710
1784395676186 7.595334318466485e-05 2711
1784395676194 6.773712084395811e-05 2712
1784395676202 0.00017422411474399269 2713
1784395676210 0.00012881842849310488 2714
1784395676219 0.00011737138265743852 2715
1784395676227 7.88098550401628e-05 2716
1784395676235 6.25948523520492e-05 2717
1784395676242 0.0008018605294637382 2718
1784395676249 0.00011533515498740599 2719
1784395676257 7.515516335843131e-05 2720
1784395676265 9.179106564261019e-05 2721
1784395676273 7.954279863042757e-05 2722
1784395676282 0.00016707213944755495 2723
1784395676289 8.946729940362275e-05 2724
1784395676297 0.00018145960348192602 2725
1784395676305 4.777211870532483e-05 2726
1784395676311 0.0001026740501401946 2727
1784395676319 0.00022322859149426222 2728
1784395676326 0.00025665652356110513 2729
1784395676333 0.00023567953030578792 2730
1784395676340 8.696796430740505e-05 2731
1784395676347 0.00019766908371821046 2732
1784395676354 0.00019698392134159803 2733
1784395676362 5.501494524651207e-05 2734
1784395676370 0.00010989153815899044 2735
1784395676378 3.9110436773626134e-05 2736
1784395676387 0.00048257297021336854 2737
1784395676394 5.459803651319817e-05 2738
1784395676401 8.659913146402687e-05 2739
1784395676408 0.00035817036405205727 2740
1784395676416 0.00012130870163673535 2741
1784395676423 3.512768307700753e-05 2742
1784395676430 0.00018303722026757896 2743
1784395676439 3.6980389268137515e-05 2744
1784395676447 2.7810014216811396e-05 2745
1784395676455 0.0001364988274872303 2746
1784395676463 8.334307494806126e-05 2747
1784395676471 8.128865738399327e-05 2748
1784395676480 5.241296094027348e-05 2749
1784395676488 3.648342317319475e-05 2750
1784395676496 9.475289698457345e-05 2751
1784395676504 7.135416672099382e-05 2752
1784395676510 4.658090620068833e-05 2753
1784395676517 0.00014050083700567484 2754
1784395676524 0.0005569205386564136 2755
1784395676532 2.9291530154296197e-05 2756
1784395676540 4.4065614929422736e-05 2757
1784395676547 9.040519944392145e-05 2758
1784395676554 0.00011456091306172311 2759
1784395676561 0.00023861399677116424 2760
1784395676569 4.109781002625823e-05 2761
1784395676576 6.185218808241189e-05 2762
1784395676583 0.0002344014501431957 2763
1784395676590 3.965483483625576e-05 2764
1784395676597 3.669964280561544e-05 2765
1784395676605 0.00041862495709210634 2766
1784395676612 5.544546729652211e-05 2767
1784395676619 0.0001770133967511356 2768
1784395676626 0.00037302638520486653 2769
1784395676633 3.2882977393455803e-05 2770
1784395676641 3.715579441632144e-05 2771
1784395676649 0.0001973174512386322 2772
1784395676656 0.0001474749151384458 2773
1784395676663 3.739526800927706e-05 2774
1784395676671 3.040807496290654e-05 2775
1784395676680 0.00014091719640418887 2776
1784395676688 0.0005056415102444589 2777
1784395676697 7.742116576991975e-05 2778
1784395676704 0.00020336972374934703 2779
1784395676710 0.00024090538499876857 2780
1784395676717 0.000442943477537483 2781
1784395676724 7.322730380110443e-05 2782
1784395676731 7.22564582247287e-05 2783
1784395676739 0.0007735218969173729 2784
1784395676746 3.928194200852886e-05 2785
1784395676753 8.027446892810985e-05 2786
1784395676760 0.00011167821503477171 2787
1784395676768 3.1448365916730836e-05 2788
1784395676777 2.5732439098646864e-05 2789
1784395676784 0.00021444652520585805 2790
1784395676791 6.384159496519715e-05 2791
1784395676799 0.00029435951728373766 2792
1784395676807 0.00010658943210728467 2793
1784395676814 4.83470648759976e-05 2794
1784395676821 4.551885649561882e-05 2795
1784395676828 6.419883720809594e-05 2796
1784395676838 4.17218470829539e-05 2797
1784395676846 5.325475649442524e-05 2798
1784395676855 4.523319148574956e-05 2799
1784395676863 0.0031860843300819397 2800
1784395676871 0.00013319848221726716 2801
1784395676879 0.00025921984342858195 2802
1784395676886 8.190897642634809e-05 2803
1784395676893 0.00024040666176006198 2804
1784395676902 8.763995720073581e-05 2805
1784395676909 7.382228795904666e-05 2806
1784395676916 9.501524618826807e-05 2807
1784395676923 0.000126224709674716 2808
1784395676930 7.276150427060202e-05 2809
1784395676936 0.00048167179920710623 2810
