1784393619379 3333.1591796875 0
1784393619382 3152.969970703125 1
1784393619384 2972.048583984375 2
1784393619387 2635.4462890625 3
1784393619389 2569.598388671875 4
1784393619393 2388.87548828125 5
1784393619395 2421.90673828125 6
1784393619398 2222.04052734375 7
1784393619401 2035.09375 8
1784393619404 1891.697998046875 9
1784393619407 1658.1175537109375 10
1784393619409 1602.923583984375 11
1784393619412 1545.979736328125 12
1784393619415 1400.98681640625 13
1784393619417 1352.4742431640625 14
1784393619419 1220.7098388671875 15
1784393619421 1139.09814453125 16
1784393619423 1012.4767456054688 17
1784393619425 886.154052734375 18
1784393619427 839.1791381835938 19
1784393619429 787.6815185546875 20
1784393619431 687.51806640625 21
1784393619433 597.2349853515625 22
1784393619436 554.2335205078125 23
1784393619437 459.435546875 24
1784393619439 459.65655517578125 25
1784393619441 402.60693359375 26
1784393619443 372.2644958496094 27
1784393619445 342.0260925292969 28
1784393619448 299.1365051269531 29
1784393619449 246.82394409179688 30
1784393619451 195.9629669189453 31
1784393619453 160.77369689941406 32
1784393619456 182.89364624023438 33
1784393619458 214.93214416503906 34
1784393619460 239.49130249023438 35
1784393619462 228.49691772460938 36
1784393619464 198.07162475585938 37
1784393619467 196.42886352539062 38
1784393619469 189.08056640625 39
1784393619471 160.17098999023438 40
1784393619473 173.42776489257812 41
1784393619475 160.59829711914062 42
1784393619478 151.0797882080078 43
1784393619479 150.9020538330078 44
1784393619481 135.36614990234375 45
1784393619484 107.06148529052734 46
1784393619486 90.4669189453125 47
1784393619487 77.78260803222656 48
1784393619489 63.27954864501953 49
1784393619491 67.02886199951172 50
1784393619493 84.29035949707031 51
1784393619495 97.388671875 52
1784393619497 84.58389282226562 53
1784393619499 89.04901885986328 54
1784393619501 81.6197280883789 55
1784393619504 73.29783630371094 56
1784393619506 54.67983627319336 57
1784393619510 52.965293884277344 58
1784393619512 41.88102722167969 59
1784393619516 43.12467956542969 60
1784393619518 51.593109130859375 61
1784393619521 40.578121185302734 62
1784393619523 43.57371520996094 63
1784393619525 39.57540512084961 64
1784393619528 39.17085647583008 65
1784393619530 38.08922576904297 66
1784393619532 26.817188262939453 67
1784393619534 28.10856819152832 68
1784393619536 26.2615966796875 69
1784393619538 26.52496337890625 70
1784393619540 27.062057495117188 71
1784393619542 25.182659149169922 72
1784393619544 25.502399444580078 73
1784393619546 18.95690155029297 74
1784393619548 16.92087745666504 75
1784393619550 23.06680679321289 76
1784393619553 22.63062858581543 77
1784393619555 17.090295791625977 78
1784393619558 18.120759963989258 79
1784393619559 15.937284469604492 80
1784393619561 15.502923965454102 81
1784393619563 16.104225158691406 82
1784393619566 14.512948989868164 83
1784393619568 17.222366333007812 84
1784393619570 15.570205688476562 85
1784393619572 12.611371040344238 86
1784393619574 15.066577911376953 87
1784393619576 15.237679481506348 88
1784393619577 14.4345703125 89
1784393619579 13.505550384521484 90
1784393619581 13.815324783325195 91
1784393619583 11.756440162658691 92
1784393619585 12.694852828979492 93
1784393619587 10.686983108520508 94
1784393619589 13.83109188079834 95
1784393619591 11.838444709777832 96
1784393619593 12.140995979309082 97
1784393619594 13.521968841552734 98
1784393619596 10.202167510986328 99
1784393619598 13.787322998046875 100
1784393619600 13.20624828338623 101
1784393619602 10.09376335144043 102
1784393619604 12.720952033996582 103
1784393619606 10.262741088867188 104
1784393619607 11.538351058959961 105
1784393619609 11.666505813598633 106
1784393619612 10.700723648071289 107
1784393619613 11.71208381652832 108
1784393619615 8.58882999420166 109
1784393619617 11.221435546875 110
1784393619619 9.643217086791992 111
1784393619621 10.810674667358398 112
1784393619623 11.191522598266602 113
1784393619625 9.532547950744629 114
1784393619627 12.782885551452637 115
1784393619629 11.157960891723633 116
1784393619631 10.855331420898438 117
1784393619633 11.419777870178223 118
1784393619635 11.6796875 119
1784393619637 9.815227508544922 120
1784393619638 8.835226058959961 121
1784393619640 10.344050407409668 122
1784393619642 8.951065063476562 123
1784393619644 10.957687377929688 124
1784393619646 10.021270751953125 125
1784393619648 8.038105964660645 126
1784393619650 9.629559516906738 127
1784393619652 7.401100158691406 128
1784393619654 10.662063598632812 129
1784393619656 8.127006530761719 130
1784393619657 9.964790344238281 131
1784393619660 9.099610328674316 132
1784393619662 9.589974403381348 133
1784393619663 9.426548957824707 134
1784393619666 9.343010902404785 135
1784393619668 8.451515197753906 136
1784393619670 8.790449142456055 137
1784393619673 10.115394592285156 138
1784393619675 8.123340606689453 139
1784393619677 11.007345199584961 140
1784393619679 9.543262481689453 141
1784393619681 10.896666526794434 142
1784393619683 11.003602981567383 143
1784393619685 9.693405151367188 144
1784393619687 12.141999244689941 145
1784393619689 10.512182235717773 146
1784393619691 12.044441223144531 147
1784393619693 12.690361022949219 148
1784393619695 10.485791206359863 149
1784393619697 13.855844497680664 150
1784393619699 10.957995414733887 151
1784393619701 11.04981517791748 152
1784393619704 10.823193550109863 153
1784393619705 12.15846061706543 154
1784393619707 10.400080680847168 155
1784393619709 13.928810119628906 156
1784393619712 11.045438766479492 157
1784393619714 12.496000289916992 158
1784393619716 10.947096824645996 159
1784393619718 10.406524658203125 160
1784393619720 11.180344581604004 161
1784393619722 13.512932777404785 162
1784393619725 9.903769493103027 163
1784393619727 14.676910400390625 164
1784393619729 14.358766555786133 165
1784393619730 12.631778717041016 166
1784393619733 10.693496704101562 167
1784393619734 13.768805503845215 168
1784393619736 11.872251510620117 169
1784393619738 11.641576766967773 170
1784393619740 14.122380256652832 171
1784393619742 10.87592887878418 172
1784393619744 10.885041236877441 173
1784393619746 12.122676849365234 174
1784393619748 14.015856742858887 175
1784393619750 11.629143714904785 176
1784393619752 11.035486221313477 177
1784393619754 13.555173873901367 178
1784393619756 11.142400741577148 179
1784393619758 11.602987289428711 180
1784393619760 14.779197692871094 181
1784393619762 10.55030345916748 182
1784393619764 13.509307861328125 183
1784393619766 13.483128547668457 184
1784393619768 11.675843238830566 185
1784393619770 16.20035171508789 186
1784393619772 16.061262130737305 187
1784393619774 13.546697616577148 188
1784393619776 18.27446174621582 189
1784393619778 14.027029037475586 190
1784393619780 13.008588790893555 191
1784393619782 18.49069595336914 192
1784393619784 16.350608825683594 193
1784393619786 13.288152694702148 194
1784393619788 16.476301193237305 195
1784393619789 16.107545852661133 196
1784393619791 16.131319046020508 197
1784393619794 16.779342651367188 198
1784393619796 14.127723693847656 199
1784393619797 13.458846092224121 200
1784393619800 17.8548526763916 201
1784393619802 11.937393188476562 202
1784393619803 16.001272201538086 203
1784393619806 18.545194625854492 204
1784393619808 14.869406700134277 205
1784393619810 12.46312141418457 206
1784393619812 14.20434856414795 207
1784393619814 12.722600936889648 208
1784393619816 10.255651473999023 209
1784393619818 13.438250541687012 210
1784393619820 11.664957046508789 211
1784393619822 12.002668380737305 212
1784393619824 13.501788139343262 213
1784393619826 9.094355583190918 214
1784393619828 14.758710861206055 215
1784393619830 15.599237442016602 216
1784393619832 10.826306343078613 217
1784393619833 14.927092552185059 218
1784393619836 12.539549827575684 219
1784393619837 13.069299697875977 220
1784393619839 12.07187271118164 221
1784393619841 14.1015625 222
1784393619843 13.281454086303711 223
1784393619845 11.748940467834473 224
1784393619847 10.61071491241455 225
1784393619849 11.614004135131836 226
1784393619851 10.55578899383545 227
1784393619854 9.552663803100586 228
1784393619856 10.830370903015137 229
1784393619857 8.86371898651123 230
1784393619860 9.964372634887695 231
1784393619862 10.308707237243652 232
1784393619863 9.361048698425293 233
1784393619866 11.2467041015625 234
1784393619868 9.66339111328125 235
1784393619870 11.813661575317383 236
1784393619872 11.128414154052734 237
1784393619874 12.527795791625977 238
1784393619876 11.778885841369629 239
1784393619878 11.205826759338379 240
1784393619880 11.972710609436035 241
1784393619882 10.128325462341309 242
1784393619884 12.083638191223145 243
1784393619886 10.617919921875 244
1784393619888 11.126465797424316 245
1784393619890 11.1716947555542 246
1784393619892 10.958498001098633 247
1784393619894 13.792218208312988 248
1784393619896 10.288021087646484 249
1784393619898 12.825910568237305 250
1784393619899 10.032709121704102 251
1784393619901 11.385636329650879 252
1784393619903 12.473590850830078 253
1784393619905 9.52845573425293 254
1784393619906 11.713072776794434 255
1784393619909 11.834491729736328 256
1784393619910 10.638992309570312 257
1784393619912 9.193340301513672 258
1784393619915 12.298201560974121 259
1784393619916 10.074024200439453 260
1784393619919 12.236777305603027 261
1784393619921 13.240403175354004 262
1784393619923 10.049568176269531 263
1784393619925 12.162016868591309 264
1784393619927 10.859472274780273 265
1784393619929 8.937224388122559 266
1784393619930 10.891487121582031 267
1784393619932 8.761579513549805 268
1784393619934 12.788898468017578 269
1784393619936 13.228212356567383 270
1784393619938 9.779637336730957 271
1784393619940 11.745465278625488 272
1784393619941 9.798418998718262 273
1784393619943 9.231168746948242 274
1784393619945 9.752352714538574 275
1784393619947 9.081348419189453 276
1784393619949 8.223803520202637 277
1784393619951 8.52762508392334 278
1784393619953 10.49786376953125 279
1784393619954 9.545201301574707 280
1784393619957 9.882403373718262 281
1784393619958 11.069930076599121 282
1784393619960 11.143552780151367 283
1784393619963 12.035881042480469 284
1784393619965 11.497039794921875 285
1784393619967 11.257193565368652 286
1784393619970 13.231893539428711 287
1784393619971 9.931402206420898 288
1784393619973 11.877281188964844 289
1784393619976 11.805663108825684 290
1784393619977 8.846670150756836 291
1784393619979 12.562623023986816 292
1784393619981 9.535404205322266 293
1784393619983 9.7948637008667 294
1784393619985 9.203914642333984 295
1784393619987 9.01544189453125 296
1784393619989 7.894229412078857 297
1784393619991 10.770115852355957 298
1784393619993 11.621625900268555 299
1784393619995 8.676970481872559 300
1784393619997 11.263643264770508 301
1784393619999 8.558483123779297 302
1784393620001 10.771502494812012 303
1784393620003 8.76738166809082 304
1784393620005 12.796598434448242 305
1784393620007 9.344026565551758 306
1784393620009 12.574861526489258 307
1784393620011 11.367283821105957 308
1784393620013 10.393146514892578 309
1784393620015 11.949180603027344 310
1784393620017 12.339125633239746 311
1784393620019 12.211843490600586 312
1784393620020 12.141340255737305 313
1784393620022 10.325512886047363 314
1784393620024 13.951169967651367 315
1784393620026 12.94109058380127 316
1784393620028 10.541744232177734 317
1784393620030 13.309106826782227 318
1784393620032 14.252318382263184 319
1784393620034 13.296987533569336 320
1784393620037 11.276211738586426 321
1784393620038 13.560741424560547 322
1784393620040 12.562753677368164 323
1784393620042 11.18569564819336 324
1784393620044 14.257099151611328 325
1784393620046 12.858417510986328 326
1784393620048 10.716490745544434 327
1784393620050 11.945211410522461 328
1784393620052 12.572230339050293 329
1784393620054 10.52714729309082 330
1784393620056 8.946615219116211 331
1784393620057 12.2825345993042 332
1784393620059 10.838050842285156 333
1784393620061 9.85811710357666 334
1784393620063 7.806173324584961 335
1784393620064 12.092365264892578 336
1784393620066 11.352540969848633 337
1784393620068 11.81756591796875 338
1784393620070 12.659565925598145 339
1784393620072 9.935517311096191 340
1784393620074 13.642579078674316 341
1784393620076 11.952126502990723 342
1784393620078 8.522262573242188 343
1784393620080 13.229036331176758 344
1784393620081 10.622408866882324 345
1784393620084 9.198629379272461 346
1784393620086 13.891366004943848 347
1784393620087 10.788394927978516 348
1784393620089 13.1178560256958 349
1784393620091 11.688745498657227 350
1784393620093 12.380586624145508 351
1784393620095 10.904031753540039 352
1784393620097 10.965423583984375 353
1784393620099 10.108158111572266 354
1784393620101 10.835733413696289 355
1784393620103 12.875866889953613 356
1784393620105 11.250215530395508 357
1784393620106 10.08375358581543 358
1784393620109 11.018306732177734 359
1784393620111 10.056459426879883 360
1784393620113 11.462223052978516 361
1784393620115 10.553448677062988 362
1784393620117 10.622258186340332 363
1784393620118 11.266091346740723 364
1784393620120 10.948182106018066 365
1784393620122 11.858882904052734 366
1784393620124 9.759773254394531 367
1784393620126 12.704324722290039 368
1784393620128 14.09907341003418 369
1784393620130 10.9207124710083 370
1784393620132 13.695417404174805 371
1784393620134 16.778589248657227 372
1784393620135 10.956293106079102 373
1784393620137 11.92416763305664 374
1784393620140 17.85262107849121 375
1784393620142 13.142654418945312 376
1784393620143 11.795754432678223 377
1784393620146 15.869309425354004 378
1784393620148 13.773750305175781 379
1784393620150 12.564885139465332 380
1784393620152 13.203898429870605 381
1784393620154 13.489823341369629 382
1784393620156 13.004890441894531 383
1784393620158 12.293611526489258 384
1784393620160 12.803110122680664 385
1784393620162 10.395360946655273 386
1784393620164 12.218741416931152 387
1784393620166 9.701202392578125 388
1784393620168 11.222785949707031 389
1784393620170 12.98015308380127 390
1784393620172 10.174506187438965 391
1784393620174 9.573467254638672 392
1784393620176 10.071724891662598 393
1784393620178 9.202939987182617 394
1784393620179 10.010513305664062 395
1784393620182 11.817216873168945 396
1784393620183 11.2676362991333 397
1784393620185 10.854996681213379 398
1784393620187 13.416921615600586 399
1784393620189 10.737990379333496 400
1784393620191 14.884031295776367 401
1784393620193 11.568206787109375 402
1784393620195 13.513909339904785 403
1784393620197 12.785545349121094 404
1784393620199 11.776885032653809 405
1784393620201 12.672191619873047 406
1784393620202 10.342592239379883 407
1784393620204 11.534500122070312 408
1784393620206 10.766950607299805 409
1784393620208 12.519439697265625 410
1784393620210 9.632686614990234 411
1784393620212 11.22995376586914 412
1784393620214 12.887736320495605 413
1784393620215 10.80970573425293 414
1784393620218 12.188504219055176 415
1784393620219 11.701835632324219 416
1784393620221 12.226142883300781 417
1784393620223 12.541696548461914 418
1784393620225 12.52000617980957 419
1784393620226 13.252617835998535 420
1784393620228 10.510862350463867 421
1784393620230 12.836930274963379 422
1784393620232 10.608697891235352 423
1784393620234 11.507295608520508 424
1784393620236 9.160400390625 425
1784393620238 12.101856231689453 426
1784393620240 10.16303825378418 427
1784393620242 12.66905403137207 428
1784393620244 13.535114288330078 429
1784393620246 9.940122604370117 430
1784393620248 11.666457176208496 431
1784393620250 12.109516143798828 432
1784393620252 10.217430114746094 433
1784393620254 11.012115478515625 434
1784393620256 9.7869291305542 435
1784393620258 10.254664421081543 436
1784393620260 10.972091674804688 437
1784393620262 10.054815292358398 438
1784393620264 10.223039627075195 439
1784393620266 10.54090690612793 440
1784393620269 11.23247241973877 441
1784393620270 13.126289367675781 442
1784393620273 10.016231536865234 443
1784393620274 10.821409225463867 444
1784393620276 10.638665199279785 445
1784393620279 10.734357833862305 446
1784393620280 10.324819564819336 447
1784393620282 11.09582805633545 448
1784393620285 10.117436408996582 449
1784393620287 11.7042818069458 450
1784393620288 9.87183952331543 451
1784393620291 11.331583023071289 452
1784393620293 11.288721084594727 453
1784393620295 9.617057800292969 454
1784393620297 10.862833976745605 455
1784393620299 8.378934860229492 456
1784393620301 10.098430633544922 457
1784393620303 8.766986846923828 458
1784393620305 11.65827751159668 459
1784393620306 10.496574401855469 460
1784393620309 11.083910942077637 461
1784393620311 9.906068801879883 462
1784393620313 9.774836540222168 463
1784393620315 8.8131685256958 464
1784393620317 11.06684684753418 465
1784393620318 13.070401191711426 466
1784393620321 10.182486534118652 467
1784393620322 12.128211975097656 468
1784393620324 11.806572914123535 469
1784393620326 11.62399673461914 470
1784393620328 12.46647834777832 471
1784393620330 12.06842041015625 472
1784393620332 11.012453079223633 473
1784393620334 11.308252334594727 474
1784393620336 11.737768173217773 475
1784393620338 10.186919212341309 476
1784393620340 10.958242416381836 477
1784393620343 9.47866439819336 478
1784393620345 12.071273803710938 479
1784393620347 8.782697677612305 480
1784393620349 11.199007034301758 481
1784393620351 12.385895729064941 482
1784393620361 11.1790132522583 483
1784393620364 9.454463958740234 484
1784393620366 13.091598510742188 485
1784393620369 13.981136322021484 486
1784393620371 8.866881370544434 487
1784393620373 12.846455574035645 488
1784393620375 12.009339332580566 489
1784393620377 9.8103666305542 490
1784393620379 13.33047103881836 491
1784393620381 11.386528015136719 492
1784393620383 14.643839836120605 493
1784393620384 9.703387260437012 494
1784393620386 12.82966136932373 495
1784393620388 11.50684642791748 496
1784393620390 10.347929954528809 497
1784393620392 11.078405380249023 498
1784393620394 11.60302448272705 499
1784393620396 8.371244430541992 500
1784393620398 12.654767990112305 501
1784393620400 9.562281608581543 502
1784393620402 11.690589904785156 503
1784393620404 9.854371070861816 504
1784393620406 11.509781837463379 505
1784393620408 11.911317825317383 506
1784393620410 9.784625053405762 507
1784393620412 13.189871788024902 508
1784393620414 11.311044692993164 509
1784393620416 15.495269775390625 510
1784393620419 12.206825256347656 511
1784393620420 13.53875732421875 512
1784393620422 15.528305053710938 513
1784393620425 12.507226943969727 514
1784393620426 14.353452682495117 515
1784393620428 12.948870658874512 516
1784393620430 10.954460144042969 517
1784393620432 12.397520065307617 518
1784393620434 10.07891845703125 519
1784393620436 10.268057823181152 520
1784393620438 12.823391914367676 521
1784393620440 11.546476364135742 522
1784393620442 12.34481143951416 523
1784393620444 15.120023727416992 524
1784393620445 14.05421257019043 525
1784393620447 12.479829788208008 526
1784393620449 11.983636856079102 527
1784393620451 14.504753112792969 528
1784393620453 12.63742733001709 529
1784393620455 12.957852363586426 530
1784393620457 14.563377380371094 531
1784393620459 13.349699020385742 532
1784393620461 11.778979301452637 533
1784393620463 13.325279235839844 534
1784393620465 13.327789306640625 535
1784393620467 9.737813949584961 536
1784393620469 14.169651985168457 537
1784393620471 12.585020065307617 538
1784393620473 12.058345794677734 539
1784393620475 13.27859878540039 540
1784393620477 13.338367462158203 541
1784393620479 11.868143081665039 542
1784393620481 12.348169326782227 543
1784393620483 11.867734909057617 544
1784393620485 12.657766342163086 545
1784393620487 12.023597717285156 546
1784393620489 12.304184913635254 547
1784393620491 11.493513107299805 548
1784393620493 11.604046821594238 549
1784393620495 14.155417442321777 550
1784393620497 10.117513656616211 551
1784393620499 10.64721965789795 552
1784393620501 11.651920318603516 553
1784393620504 8.539346694946289 554
1784393620506 11.859663009643555 555
1784393620508 8.78042221069336 556
1784393620510 10.008208274841309 557
1784393620512 9.115545272827148 558
1784393620515 10.936666488647461 559
1784393620517 9.381757736206055 560
1784393620519 10.775284767150879 561
1784393620521 12.983701705932617 562
1784393620523 9.452539443969727 563
1784393620525 13.819814682006836 564
1784393620527 10.718637466430664 565
1784393620529 9.881446838378906 566
1784393620531 10.933107376098633 567
1784393620534 9.21714973449707 568
1784393620536 10.470890998840332 569
1784393620538 9.460628509521484 570
1784393620540 10.916725158691406 571
1784393620541 10.360071182250977 572
1784393620543 8.87307357788086 573
1784393620546 12.359905242919922 574
1784393620547 9.656729698181152 575
1784393620549 12.584016799926758 576
1784393620552 10.998725891113281 577
1784393620554 9.848649024963379 578
1784393620555 10.162630081176758 579
1784393620558 10.3907470703125 580
1784393620560 9.807455062866211 581
1784393620561 10.427258491516113 582
1784393620564 8.996879577636719 583
1784393620566 10.312836647033691 584
1784393620567 11.999527931213379 585
1784393620570 11.275100708007812 586
1784393620572 12.7816743850708 587
1784393620574 12.644928932189941 588
1784393620576 13.095464706420898 589
1784393620578 11.965426445007324 590
1784393620580 10.718950271606445 591
1784393620582 11.281139373779297 592
1784393620584 10.945935249328613 593
1784393620586 10.633881568908691 594
1784393620588 11.80098819732666 595
1784393620590 10.233697891235352 596
1784393620592 8.730911254882812 597
1784393620595 10.159643173217773 598
1784393620596 10.815135955810547 599
1784393620599 9.951247215270996 600
1784393620601 12.717473983764648 601
1784393620603 11.810504913330078 602
1784393620605 11.76901626586914 603
1784393620608 11.211994171142578 604
1784393620610 12.872262954711914 605
1784393620612 11.20009708404541 606
1784393620614 13.56308364868164 607
1784393620616 9.760151863098145 608
1784393620618 13.560508728027344 609
1784393620620 11.1459379196167 610
1784393620622 11.33892822265625 611
1784393620624 10.955326080322266 612
1784393620626 10.050629615783691 613
1784393620628 10.52431869506836 614
1784393620631 9.299607276916504 615
1784393620632 11.446314811706543 616
1784393620634 10.682539939880371 617
1784393620636 12.434556007385254 618
1784393620638 12.287710189819336 619
1784393620640 9.772159576416016 620
1784393620643 9.890371322631836 621
1784393620644 11.3529052734375 622
1784393620646 10.957033157348633 623
1784393620649 13.057869911193848 624
1784393620650 12.878787994384766 625
1784393620652 9.21785831451416 626
1784393620654 11.201690673828125 627
1784393620656 13.06540584564209 628
1784393620658 9.998035430908203 629
1784393620660 15.858808517456055 630
1784393620662 10.84394645690918 631
1784393620664 10.99191665649414 632
1784393620666 12.59924602508545 633
1784393620668 9.114176750183105 634
1784393620670 13.648889541625977 635
1784393620672 12.457724571228027 636
1784393620674 13.54141616821289 637
1784393620676 12.724135398864746 638
1784393620679 11.322917938232422 639
1784393620680 12.896222114562988 640
1784393620682 13.756604194641113 641
1784393620685 12.803913116455078 642
1784393620686 13.087665557861328 643
1784393620688 11.614031791687012 644
1784393620691 10.966257095336914 645
1784393620693 10.889851570129395 646
1784393620695 11.096012115478516 647
1784393620697 10.871219635009766 648
1784393620699 10.928206443786621 649
1784393620701 11.782587051391602 650
1784393620703 10.602909088134766 651
1784393620705 14.192914962768555 652
1784393620707 9.876426696777344 653
1784393620710 10.788082122802734 654
1784393620712 9.569095611572266 655
1784393620714 11.243849754333496 656
1784393620716 9.83053207397461 657
1784393620718 9.85556697845459 658
1784393620720 8.699320793151855 659
1784393620722 12.574495315551758 660
1784393620725 8.708227157592773 661
1784393620727 11.800535202026367 662
1784393620729 8.749862670898438 663
1784393620730 9.874006271362305 664
1784393620733 8.648667335510254 665
1784393620735 9.709821701049805 666
1784393620736 8.93485164642334 667
1784393620739 8.631368637084961 668
1784393620741 9.838430404663086 669
1784393620743 10.272103309631348 670
1784393620745 9.780511856079102 671
1784393620747 10.712321281433105 672
1784393620749 8.934603691101074 673
1784393620751 9.318644523620605 674
1784393620753 9.412344932556152 675
1784393620755 8.340231895446777 676
1784393620757 9.164691925048828 677
1784393620759 8.0685396194458 678
1784393620761 10.432106971740723 679
1784393620763 11.273333549499512 680
1784393620765 9.297855377197266 681
1784393620767 13.558845520019531 682
1784393620769 10.599950790405273 683
1784393620771 11.446807861328125 684
1784393620773 12.656184196472168 685
1784393620775 11.849095344543457 686
1784393620777 12.380946159362793 687
1784393620779 9.36662483215332 688
1784393620781 13.388359069824219 689
1784393620783 11.887272834777832 690
1784393620785 11.299875259399414 691
1784393620786 12.797533988952637 692
1784393620789 17.496871948242188 693
1784393620790 13.12162971496582 694
1784393620792 14.557666778564453 695
1784393620795 14.787562370300293 696
1784393620796 14.506155014038086 697
1784393620798 15.407197952270508 698
1784393620801 12.851434707641602 699
1784393620803 13.58579158782959 700
1784393620805 13.159494400024414 701
1784393620807 14.31389045715332 702
1784393620809 13.14188003540039 703
1784393620811 10.90020751953125 704
1784393620813 13.711973190307617 705
1784393620815 14.342592239379883 706
1784393620817 9.499086380004883 707
1784393620819 15.07194709777832 708
1784393620821 11.996378898620605 709
1784393620822 12.899591445922852 710
1784393620825 12.45965576171875 711
1784393620827 9.9886474609375 712
1784393620829 12.681574821472168 713
1784393620831 9.501724243164062 714
1784393620833 13.388772010803223 715
1784393620835 10.713190078735352 716
1784393620837 12.181869506835938 717
1784393620839 12.425479888916016 718
1784393620841 12.366979598999023 719
1784393620843 13.208976745605469 720
1784393620845 10.837820053100586 721
1784393620847 13.07304859161377 722
1784393620849 10.172752380371094 723
1784393620851 13.821378707885742 724
1784393620853 15.215644836425781 725
1784393620855 11.370492935180664 726
1784393620857 15.985564231872559 727
1784393620859 14.748255729675293 728
1784393620861 13.509787559509277 729
1784393620863 15.152645111083984 730
1784393620865 15.960110664367676 731
1784393620867 12.98577880859375 732
1784393620869 14.129425048828125 733
1784393620871 16.175058364868164 734
1784393620873 13.659947395324707 735
1784393620875 12.127959251403809 736
1784393620877 16.03058624267578 737
1784393620879 12.464530944824219 738
1784393620881 13.301629066467285 739
1784393620882 13.116779327392578 740
1784393620884 10.37509822845459 741
1784393620886 10.33350944519043 742
1784393620888 10.64590835571289 743
1784393620890 10.944104194641113 744
1784393620892 11.123936653137207 745
1784393620893 10.144535064697266 746
1784393620895 10.133735656738281 747
1784393620898 11.637568473815918 748
1784393620899 9.489263534545898 749
1784393620901 10.059378623962402 750
1784393620903 8.75477409362793 751
1784393620905 10.32026481628418 752
1784393620907 9.20005989074707 753
1784393620909 11.111011505126953 754
1784393620911 8.529306411743164 755
1784393620912 10.703104019165039 756
1784393620915 10.503005027770996 757
1784393620916 8.421205520629883 758
1784393620918 10.016714096069336 759
1784393620920 11.80744457244873 760
1784393620922 9.113123893737793 761
1784393620924 10.424964904785156 762
1784393620926 11.965039253234863 763
1784393620928 10.053080558776855 764
1784393620931 11.379096984863281 765
1784393620934 8.291204452514648 766
1784393620936 8.839346885681152 767
1784393620938 12.38552188873291 768
1784393620940 9.832898139953613 769
1784393620942 11.516035079956055 770
1784393620944 10.947578430175781 771
1784393620946 10.458192825317383 772
1784393620948 11.672765731811523 773
1784393620950 9.718222618103027 774
1784393620952 12.305461883544922 775
1784393620954 10.026690483093262 776
1784393620956 8.703855514526367 777
1784393620958 10.20395278930664 778
1784393620960 8.481969833374023 779
1784393620962 9.854519844055176 780
1784393620964 8.999319076538086 781
1784393620966 11.182259559631348 782
1784393620967 9.851786613464355 783
1784393620969 11.12386417388916 784
1784393620971 11.160625457763672 785
1784393620973 10.260132789611816 786
1784393620975 12.141754150390625 787
1784393620977 9.700371742248535 788
1784393620979 9.465681076049805 789
1784393620980 11.23348331451416 790
1784393620983 10.76701545715332 791
1784393620984 10.377599716186523 792
1784393620986 12.318586349487305 793
1784393620988 10.09571647644043 794
1784393620990 9.559660911560059 795
1784393620992 9.981289863586426 796
1784393620994 8.418861389160156 797
1784393620996 8.110103607177734 798
1784393620998 11.183509826660156 799
1784393621000 8.808847427368164 800
1784393621002 10.623014450073242 801
1784393621004 11.650596618652344 802
1784393621006 9.600269317626953 803
1784393621009 11.244247436523438 804
1784393621010 12.162382125854492 805
1784393621013 9.785160064697266 806
1784393621015 12.824219703674316 807
1784393621017 11.566797256469727 808
1784393621019 12.732415199279785 809
1784393621021 8.796493530273438 810
1784393621023 10.457118034362793 811
1784393621025 9.655840873718262 812
1784393621027 7.666706085205078 813
1784393621029 9.248326301574707 814
1784393621031 8.454201698303223 815
1784393621033 7.839927673339844 816
1784393621035 10.088337898254395 817
1784393621037 6.339411735534668 818
1784393621039 10.348801612854004 819
1784393621041 9.082038879394531 820
1784393621043 8.686115264892578 821
1784393621045 11.439077377319336 822
1784393621047 9.006424903869629 823
1784393621050 10.21194076538086 824
1784393621051 8.086629867553711 825
1784393621053 11.060139656066895 826
1784393621055 10.426702499389648 827
1784393621057 10.968052864074707 828
1784393621059 10.957581520080566 829
1784393621061 11.253405570983887 830
1784393621063 9.7987699508667 831
1784393621064 11.065942764282227 832
1784393621066 9.69140338897705 833
1784393621068 10.915131568908691 834
1784393621069 9.667947769165039 835
1784393621071 11.18425464630127 836
1784393621074 10.01611328125 837
1784393621075 9.654648780822754 838
1784393621077 9.916711807250977 839
1784393621079 10.738286018371582 840
1784393621081 10.223520278930664 841
1784393621083 11.728738784790039 842
1784393621085 14.43876838684082 843
1784393621087 10.633895874023438 844
1784393621089 11.86717700958252 845
1784393621091 11.910950660705566 846
1784393621093 13.10938549041748 847
1784393621095 8.476908683776855 848
1784393621097 13.36631965637207 849
1784393621099 11.243448257446289 850
1784393621100 11.640349388122559 851
1784393621103 12.876785278320312 852
1784393621105 12.436614990234375 853
1784393621106 12.62093734741211 854
1784393621108 10.405014991760254 855
1784393621110 11.468707084655762 856
1784393621112 10.21009635925293 857
1784393621114 9.827129364013672 858
1784393621116 11.107122421264648 859
1784393621117 10.65821361541748 860
1784393621119 10.73910140991211 861
1784393621122 13.407669067382812 862
1784393621123 11.524065017700195 863
1784393621125 11.104504585266113 864
1784393621127 13.570590019226074 865
1784393621129 10.194308280944824 866
1784393621131 11.10125732421875 867
1784393621133 10.350017547607422 868
1784393621135 9.214126586914062 869
1784393621136 12.321600914001465 870
1784393621138 9.23836898803711 871
1784393621140 10.385307312011719 872
1784393621142 10.419197082519531 873
1784393621144 10.32349681854248 874
1784393621147 10.92544174194336 875
1784393621149 12.44603157043457 876
1784393621151 9.30782699584961 877
1784393621153 12.063409805297852 878
1784393621154 11.377182006835938 879
1784393621156 8.792140007019043 880
1784393621158 11.738990783691406 881
1784393621160 14.247923851013184 882
1784393621162 11.57215404510498 883
1784393621164 14.923014640808105 884
1784393621168 19.781696319580078 885
1784393621170 12.473273277282715 886
1784393621172 15.423564910888672 887
1784393621174 14.394038200378418 888
1784393621176 12.300398826599121 889
1784393621178 15.589437484741211 890
1784393621180 16.624252319335938 891
1784393621182 10.07750129699707 892
1784393621184 13.756709098815918 893
1784393621186 12.707842826843262 894
1784393621188 10.086935043334961 895
1784393621190 10.141096115112305 896
1784393621192 9.24002456665039 897
1784393621195 9.022201538085938 898
1784393621196 11.915864944458008 899
1784393621198 10.498930931091309 900
1784393621201 9.725167274475098 901
1784393621202 9.768723487854004 902
1784393621204 9.317529678344727 903
1784393621208 10.235037803649902 904
1784393621210 10.066096305847168 905
1784393621213 11.553542137145996 906
1784393621215 12.358019828796387 907
1784393621217 12.397638320922852 908
1784393621219 11.856170654296875 909
1784393621221 14.787972450256348 910
1784393621223 12.323205947875977 911
1784393621225 10.279716491699219 912
1784393621227 13.543830871582031 913
1784393621228 11.429807662963867 914
1784393621231 13.252280235290527 915
1784393621232 12.726685523986816 916
1784393621234 13.222047805786133 917
1784393621236 14.615918159484863 918
1784393621238 13.413640022277832 919
1784393621240 15.865775108337402 920
1784393621242 12.243517875671387 921
1784393621244 13.228209495544434 922
1784393621246 12.461692810058594 923
1784393621247 15.525687217712402 924
1784393621249 13.136441230773926 925
1784393621251 9.599449157714844 926
1784393621253 14.796941757202148 927
1784393621255 11.93530559539795 928
1784393621257 10.99476146697998 929
1784393621259 12.646567344665527 930
1784393621261 13.031675338745117 931
1784393621263 13.16589069366455 932
1784393621264 14.180780410766602 933
1784393621267 12.165485382080078 934
1784393621268 16.94980239868164 935
1784393621270 12.272992134094238 936
1784393621272 13.518515586853027 937
1784393621274 16.318645477294922 938
1784393621276 11.425448417663574 939
1784393621279 16.913116455078125 940
1784393621281 16.45781707763672 941
1784393621282 11.591133117675781 942
1784393621284 14.241798400878906 943
1784393621286 14.141037940979004 944
1784393621288 12.995648384094238 945
1784393621290 13.454691886901855 946
1784393621292 15.7034912109375 947
1784393621294 14.135647773742676 948
1784393621296 12.688753128051758 949
1784393621298 17.894338607788086 950
1784393621301 13.054080963134766 951
1784393621303 13.19334888458252 952
1784393621305 15.614745140075684 953
1784393621307 12.811945915222168 954
1784393621309 12.60951042175293 955
1784393621311 13.646668434143066 956
1784393621313 12.436925888061523 957
1784393621315 13.727853775024414 958
1784393621317 12.1347074508667 959
1784393621319 11.591638565063477 960
1784393621321 11.315767288208008 961
1784393621323 10.237080574035645 962
1784393621325 12.492304801940918 963
1784393621327 9.285194396972656 964
1784393621329 11.025609016418457 965
1784393621331 10.62743091583252 966
1784393621333 11.850348472595215 967
1784393621335 11.793950080871582 968
1784393621337 12.174049377441406 969
1784393621339 11.438629150390625 970
1784393621341 12.668916702270508 971
1784393621343 12.84457015991211 972
1784393621345 12.280184745788574 973
1784393621347 12.558332443237305 974
1784393621350 9.948907852172852 975
1784393621352 9.767141342163086 976
1784393621354 10.702932357788086 977
1784393621356 9.723787307739258 978
1784393621358 9.153436660766602 979
1784393621360 8.364450454711914 980
1784393621362 8.155495643615723 981
1784393621364 9.75652027130127 982
1784393621366 8.365531921386719 983
1784393621368 10.118636131286621 984
1784393621371 11.870457649230957 985
1784393621373 9.580830574035645 986
1784393621374 12.076449394226074 987
1784393621377 12.168451309204102 988
1784393621379 8.045827865600586 989
1784393621381 11.025830268859863 990
1784393621383 8.086446762084961 991
1784393621385 9.837288856506348 992
1784393621387 8.981267929077148 993
1784393621389 9.321248054504395 994
1784393621391 10.306808471679688 995
1784393621393 9.108760833740234 996
1784393621395 11.666683197021484 997
1784393621397 8.987436294555664 998
1784393621399 9.485127449035645 999
1784393621401 10.144880294799805 1000
1784393621403 10.369549751281738 1001
1784393621405 9.539193153381348 1002
1784393621407 11.300211906433105 1003
1784393621409 9.299554824829102 1004
1784393621410 9.291119575500488 1005
1784393621413 9.04902172088623 1006
1784393621414 9.372750282287598 1007
1784393621416 8.72989273071289 1008
1784393621418 9.889313697814941 1009
1784393621420 9.442459106445312 1010
1784393621422 9.876534461975098 1011
1784393621425 9.344640731811523 1012
1784393621427 9.402912139892578 1013
1784393621428 9.257288932800293 1014
1784393621431 10.360251426696777 1015
1784393621433 10.10379695892334 1016
1784393621436 12.81834602355957 1017
1784393621438 14.51842212677002 1018
1784393621440 13.151541709899902 1019
1784393621442 14.922121047973633 1020
1784393621444 12.481124877929688 1021
1784393621446 12.791950225830078 1022
1784393621448 12.790786743164062 1023
1784393621450 14.486947059631348 1024
1784393621452 9.417593002319336 1025
1784393621454 13.687224388122559 1026
1784393621456 14.264957427978516 1027
1784393621458 9.036928176879883 1028
1784393621461 13.855401039123535 1029
1784393621463 12.80328369140625 1030
1784393621465 11.266361236572266 1031
1784393621467 13.214797973632812 1032
1784393621469 8.677390098571777 1033
1784393621471 12.183231353759766 1034
1784393621474 10.516679763793945 1035
1784393621476 12.335474967956543 1036
1784393621477 9.093156814575195 1037
1784393621480 11.185985565185547 1038
1784393621482 11.02004337310791 1039
1784393621484 9.280925750732422 1040
1784393621486 10.607568740844727 1041
1784393621488 10.424407005310059 1042
1784393621490 9.623069763183594 1043
1784393621492 9.594043731689453 1044
1784393621494 10.008403778076172 1045
1784393621495 10.967175483703613 1046
1784393621498 11.222444534301758 1047
1784393621500 10.422720909118652 1048
1784393621502 9.164011001586914 1049
1784393621504 10.43820858001709 1050
1784393621506 8.668562889099121 1051
1784393621507 10.255681991577148 1052
1784393621510 9.744644165039062 1053
1784393621511 13.34217643737793 1054
1784393621513 12.965906143188477 1055
1784393621515 11.569718360900879 1056
1784393621517 12.151479721069336 1057
1784393621519 11.82201862335205 1058
1784393621521 10.791831016540527 1059
1784393621523 8.232584953308105 1060
1784393621525 9.02198600769043 1061
1784393621526 8.833357810974121 1062
1784393621529 10.24702262878418 1063
1784393621530 9.888687133789062 1064
1784393621532 9.332473754882812 1065
1784393621535 9.290563583374023 1066
1784393621536 10.601585388183594 1067
1784393621539 8.48388957977295 1068
1784393621541 11.73654556274414 1069
1784393621543 7.552309989929199 1070
1784393621545 10.838052749633789 1071
1784393621547 8.627076148986816 1072
1784393621549 9.980085372924805 1073
1784393621551 12.706873893737793 1074
1784393621553 11.629256248474121 1075
1784393621554 11.957133293151855 1076
1784393621556 14.00298023223877 1077
1784393621558 9.608949661254883 1078
1784393621560 10.227913856506348 1079
1784393621562 9.892011642456055 1080
1784393621564 10.25087833404541 1081
1784393621565 9.795677185058594 1082
1784393621567 8.455301284790039 1083
1784393621569 9.148269653320312 1084
1784393621571 10.683083534240723 1085
1784393621573 9.567233085632324 1086
1784393621575 10.584447860717773 1087
1784393621577 9.154228210449219 1088
1784393621578 11.697197914123535 1089
1784393621580 13.471792221069336 1090
1784393621582 10.885849952697754 1091
1784393621584 12.041131019592285 1092
1784393621586 11.819391250610352 1093
1784393621588 9.431814193725586 1094
1784393621590 9.99008846282959 1095
1784393621592 12.754671096801758 1096
1784393621594 10.410691261291504 1097
1784393621596 14.202308654785156 1098
1784393621598 11.127967834472656 1099
1784393621600 12.555265426635742 1100
1784393621602 10.0636568069458 1101
1784393621605 10.716522216796875 1102
1784393621607 12.745838165283203 1103
1784393621609 9.657758712768555 1104
1784393621611 13.178633689880371 1105
1784393621613 13.487568855285645 1106
1784393621615 10.816786766052246 1107
1784393621617 12.594339370727539 1108
1784393621619 15.809134483337402 1109
1784393621620 11.15052318572998 1110
1784393621622 12.859871864318848 1111
1784393621624 14.811297416687012 1112
1784393621626 14.75136947631836 1113
1784393621628 13.323892593383789 1114
1784393621630 13.366663932800293 1115
1784393621632 12.820700645446777 1116
1784393621634 12.570168495178223 1117
1784393621636 15.065526962280273 1118
1784393621638 10.963238716125488 1119
1784393621640 12.482515335083008 1120
1784393621642 13.540629386901855 1121
1784393621645 11.517951965332031 1122
1784393621646 12.627936363220215 1123
1784393621649 14.779621124267578 1124
1784393621651 11.538519859313965 1125
1784393621653 13.831738471984863 1126
1784393621656 10.49130916595459 1127
1784393621658 10.406890869140625 1128
1784393621659 10.883739471435547 1129
1784393621662 9.631875991821289 1130
1784393621663 12.945850372314453 1131
1784393621665 12.145849227905273 1132
1784393621668 9.68166732788086 1133
1784393621669 11.481401443481445 1134
1784393621671 10.724854469299316 1135
1784393621674 11.06069278717041 1136
1784393621675 13.763111114501953 1137
1784393621677 9.394777297973633 1138
1784393621679 11.883631706237793 1139
1784393621681 13.013904571533203 1140
1784393621682 9.884054183959961 1141
1784393621685 13.598044395446777 1142
1784393621687 10.682577133178711 1143
1784393621688 15.596680641174316 1144
1784393621690 13.579349517822266 1145
1784393621692 11.355707168579102 1146
1784393621694 13.431259155273438 1147
1784393621696 10.38975715637207 1148
1784393621698 13.862983703613281 1149
1784393621700 12.410810470581055 1150
1784393621702 9.927233695983887 1151
1784393621705 15.111369132995605 1152
1784393621707 12.78023910522461 1153
1784393621709 11.077722549438477 1154
1784393621711 14.531758308410645 1155
1784393621712 8.437392234802246 1156
1784393621714 12.36458969116211 1157
1784393621717 13.571321487426758 1158
1784393621719 9.617193222045898 1159
1784393621721 10.926968574523926 1160
1784393621723 13.751562118530273 1161
1784393621725 10.948155403137207 1162
1784393621728 13.361340522766113 1163
1784393621730 15.061031341552734 1164
1784393621731 10.766603469848633 1165
1784393621734 11.820812225341797 1166
1784393621735 12.114274978637695 1167
1784393621737 11.115097999572754 1168
1784393621739 10.897378921508789 1169
1784393621741 9.687877655029297 1170
1784393621743 14.386053085327148 1171
1784393621746 10.229267120361328 1172
1784393621748 11.827028274536133 1173
1784393621750 10.999594688415527 1174
1784393621752 16.04022979736328 1175
1784393621754 13.182117462158203 1176
1784393621756 11.373072624206543 1177
1784393621758 10.499062538146973 1178
1784393621760 12.414167404174805 1179
1784393621762 9.727006912231445 1180
1784393621764 9.89046859741211 1181
1784393621766 11.286409378051758 1182
1784393621767 10.08377742767334 1183
1784393621769 10.064350128173828 1184
1784393621771 10.187996864318848 1185
1784393621773 11.438549041748047 1186
1784393621775 9.983423233032227 1187
1784393621777 10.370842933654785 1188
1784393621779 9.747270584106445 1189
1784393621781 11.880571365356445 1190
1784393621784 9.108659744262695 1191
1784393621785 10.316126823425293 1192
1784393621788 8.09427547454834 1193
1784393621789 8.80466365814209 1194
1784393621791 8.413490295410156 1195
1784393621794 8.524988174438477 1196
1784393621796 9.433321952819824 1197
1784393621798 8.815427780151367 1198
1784393621799 10.35377025604248 1199
1784393621801 8.769742965698242 1200
1784393621803 11.439574241638184 1201
1784393621805 12.44025993347168 1202
1784393621807 9.603711128234863 1203
1784393621809 13.772189140319824 1204
1784393621811 9.339555740356445 1205
1784393621813 12.202710151672363 1206
1784393621816 9.717598915100098 1207
1784393621818 10.110321044921875 1208
1784393621820 10.904425621032715 1209
1784393621822 9.855485916137695 1210
1784393621824 10.365683555603027 1211
1784393621826 9.006089210510254 1212
1784393621828 9.735265731811523 1213
1784393621830 9.983022689819336 1214
1784393621832 8.998641014099121 1215
1784393621834 8.069302558898926 1216
1784393621838 8.455598831176758 1217
1784393621840 8.397245407104492 1218
1784393621843 9.73287582397461 1219
1784393621845 8.555349349975586 1220
1784393621846 7.751183032989502 1221
1784393621848 8.700553894042969 1222
1784393621850 8.041257858276367 1223
1784393621852 7.56055212020874 1224
1784393621854 9.568153381347656 1225
1784393621856 8.373111724853516 1226
1784393621858 10.638801574707031 1227
1784393621859 9.860281944274902 1228
1784393621862 10.132987976074219 1229
1784393621864 10.627750396728516 1230
1784393621866 10.216946601867676 1231
1784393621868 12.046059608459473 1232
1784393621870 10.923951148986816 1233
1784393621871 10.063207626342773 1234
1784393621874 10.504847526550293 1235
1784393621875 9.345903396606445 1236
1784393621877 9.648080825805664 1237
1784393621879 9.293972969055176 1238
1784393621881 10.68876838684082 1239
1784393621882 9.674603462219238 1240
1784393621885 10.49597454071045 1241
1784393621887 11.136439323425293 1242
1784393621889 7.62617301940918 1243
1784393621891 11.98251724243164 1244
1784393621893 10.560205459594727 1245
1784393621895 7.278723239898682 1246
1784393621897 10.42298412322998 1247
1784393621899 7.237638473510742 1248
1784393621901 11.061887741088867 1249
1784393621903 10.383099555969238 1250
1784393621905 9.209822654724121 1251
1784393621907 12.963427543640137 1252
1784393621909 16.848527908325195 1253
1784393621911 11.937061309814453 1254
1784393621913 12.099321365356445 1255
1784393621915 15.260775566101074 1256
1784393621917 12.513809204101562 1257
1784393621919 11.971609115600586 1258
1784393621921 14.287954330444336 1259
1784393621923 10.527382850646973 1260
1784393621925 12.763014793395996 1261
1784393621928 10.85015869140625 1262
1784393621931 10.328049659729004 1263
1784393621933 11.847564697265625 1264
1784393621935 10.014681816101074 1265
1784393621937 10.430221557617188 1266
1784393621939 9.181634902954102 1267
1784393621941 9.131455421447754 1268
1784393621942 10.47507095336914 1269
1784393621944 7.915943622589111 1270
1784393621946 9.230598449707031 1271
1784393621948 7.626190185546875 1272
1784393621950 8.473651885986328 1273
1784393621952 10.0994234085083 1274
1784393621954 8.981359481811523 1275
1784393621956 10.256650924682617 1276
1784393621958 10.391351699829102 1277
1784393621960 9.361992835998535 1278
1784393621962 11.35042953491211 1279
1784393621964 11.53639030456543 1280
1784393621966 10.157691955566406 1281
1784393621968 10.023910522460938 1282
1784393621970 9.317859649658203 1283
1784393621972 8.429573059082031 1284
1784393621974 10.290964126586914 1285
1784393621976 9.506505012512207 1286
1784393621978 8.93108081817627 1287
1784393621980 8.210670471191406 1288
1784393621983 8.009099960327148 1289
1784393621985 8.220856666564941 1290
1784393621987 8.115674018859863 1291
1784393621989 9.449922561645508 1292
1784393621991 8.194673538208008 1293
1784393621993 13.357020378112793 1294
1784393621995 9.665973663330078 1295
1784393621997 12.697555541992188 1296
1784393621999 12.194914817810059 1297
1784393622001 9.890759468078613 1298
1784393622003 13.302303314208984 1299
1784393622005 11.536145210266113 1300
1784393622007 13.7852783203125 1301
1784393622009 12.294344902038574 1302
1784393622010 12.268266677856445 1303
1784393622012 13.447338104248047 1304
1784393622015 12.977953910827637 1305
1784393622017 11.970819473266602 1306
1784393622019 11.391561508178711 1307
1784393622021 12.39203929901123 1308
1784393622023 11.579164505004883 1309
1784393622025 12.090470314025879 1310
1784393622027 11.817320823669434 1311
1784393622029 11.608466148376465 1312
1784393622031 11.188063621520996 1313
1784393622034 11.595636367797852 1314
1784393622036 10.425211906433105 1315
1784393622038 13.719762802124023 1316
1784393622040 10.159255981445312 1317
1784393622042 12.65378475189209 1318
1784393622044 13.154438972473145 1319
1784393622046 10.158184051513672 1320
1784393622048 10.107708930969238 1321
1784393622051 9.573957443237305 1322
1784393622052 10.996336936950684 1323
1784393622055 11.005156517028809 1324
1784393622057 12.488175392150879 1325
1784393622058 12.463208198547363 1326
1784393622060 9.399020195007324 1327
1784393622062 11.9578275680542 1328
1784393622064 10.274215698242188 1329
1784393622066 10.612247467041016 1330
1784393622068 10.559313774108887 1331
1784393622070 10.076656341552734 1332
1784393622071 13.100015640258789 1333
1784393622074 9.713349342346191 1334
1784393622075 13.681525230407715 1335
1784393622077 11.031749725341797 1336
1784393622079 9.912590980529785 1337
1784393622081 11.37503433227539 1338
1784393622083 11.425312042236328 1339
1784393622085 10.073025703430176 1340
1784393622087 10.27399730682373 1341
1784393622089 9.70212459564209 1342
1784393622092 9.925580024719238 1343
1784393622094 10.606995582580566 1344
1784393622095 10.226730346679688 1345
1784393622098 10.986495971679688 1346
1784393622099 9.331531524658203 1347
1784393622101 9.694894790649414 1348
1784393622103 9.464837074279785 1349
1784393622105 8.723475456237793 1350
1784393622107 8.36728286743164 1351
1784393622108 9.355899810791016 1352
1784393622111 8.644218444824219 1353
1784393622113 8.571538925170898 1354
1784393622115 7.921918869018555 1355
1784393622117 7.114435195922852 1356
1784393622119 8.77320384979248 1357
1784393622121 7.8974432945251465 1358
1784393622123 8.986968040466309 1359
1784393622125 7.272540092468262 1360
1784393622127 10.745916366577148 1361
1784393622129 10.29720687866211 1362
1784393622131 9.034116744995117 1363
1784393622133 10.734726905822754 1364
1784393622135 8.66758918762207 1365
1784393622137 11.857521057128906 1366
1784393622139 10.720951080322266 1367
1784393622141 8.534915924072266 1368
1784393622143 8.743524551391602 1369
1784393622145 9.120508193969727 1370
1784393622147 8.326266288757324 1371
1784393622149 9.323777198791504 1372
1784393622151 8.282169342041016 1373
1784393622153 10.014569282531738 1374
1784393622155 9.977912902832031 1375
1784393622158 10.033404350280762 1376
1784393622160 10.368962287902832 1377
1784393622162 10.411375045776367 1378
1784393622164 10.246240615844727 1379
1784393622166 10.15468692779541 1380
1784393622168 8.19387435913086 1381
1784393622170 9.556421279907227 1382
1784393622172 8.15149211883545 1383
1784393622174 7.8618035316467285 1384
1784393622177 8.745803833007812 1385
1784393622179 7.161096572875977 1386
1784393622181 9.168131828308105 1387
1784393622183 6.716825485229492 1388
1784393622185 9.13656997680664 1389
1784393622187 8.121292114257812 1390
1784393622189 11.315631866455078 1391
1784393622191 11.299508094787598 1392
1784393622193 12.364323616027832 1393
1784393622196 13.208586692810059 1394
1784393622198 13.660913467407227 1395
1784393622200 12.841214179992676 1396
1784393622202 15.50304126739502 1397
1784393622204 11.147587776184082 1398
1784393622206 13.402058601379395 1399
1784393622208 15.214906692504883 1400
1784393622210 15.062474250793457 1401
1784393622212 12.483711242675781 1402
1784393622214 13.463191032409668 1403
1784393622216 16.357851028442383 1404
1784393622218 16.41888999938965 1405
1784393622220 11.87673568725586 1406
1784393622222 16.675804138183594 1407
1784393622225 19.85364532470703 1408
1784393622227 16.56586456298828 1409
1784393622229 18.822500228881836 1410
1784393622231 22.349254608154297 1411
1784393622233 21.552364349365234 1412
1784393622235 14.477705001831055 1413
1784393622237 21.50853157043457 1414
1784393622239 20.679901123046875 1415
1784393622241 17.51930046081543 1416
1784393622243 20.080167770385742 1417
1784393622245 15.709094047546387 1418
1784393622247 14.690340995788574 1419
1784393622249 16.02263832092285 1420
1784393622252 14.415609359741211 1421
1784393622253 12.875325202941895 1422
1784393622256 14.761682510375977 1423
1784393622258 11.935097694396973 1424
1784393622260 11.793209075927734 1425
1784393622262 11.147867202758789 1426
1784393622264 10.08008861541748 1427
1784393622266 11.581525802612305 1428
1784393622268 11.184798240661621 1429
1784393622270 9.576895713806152 1430
1784393622272 9.558900833129883 1431
1784393622274 10.224160194396973 1432
1784393622276 9.889360427856445 1433
1784393622278 10.350065231323242 1434
1784393622280 10.380331039428711 1435
1784393622282 11.18127727508545 1436
1784393622284 11.2985258102417 1437
1784393622286 11.591303825378418 1438
1784393622288 10.124855995178223 1439
1784393622290 9.432310104370117 1440
1784393622293 10.045087814331055 1441
1784393622295 9.940150260925293 1442
1784393622297 9.924074172973633 1443
1784393622299 8.038439750671387 1444
1784393622301 9.199507713317871 1445
1784393622303 8.469633102416992 1446
1784393622305 10.518357276916504 1447
1784393622307 8.635894775390625 1448
1784393622309 9.890753746032715 1449
1784393622312 9.818035125732422 1450
1784393622313 10.121779441833496 1451
1784393622315 8.656320571899414 1452
1784393622317 9.775773048400879 1453
1784393622319 8.122142791748047 1454
1784393622322 9.38619613647461 1455
1784393622324 9.391945838928223 1456
1784393622326 10.478290557861328 1457
1784393622328 9.486690521240234 1458
1784393622330 11.232315063476562 1459
1784393622332 10.939064979553223 1460
1784393622335 12.584213256835938 1461
1784393622337 11.68328857421875 1462
1784393622339 12.418294906616211 1463
1784393622341 11.128297805786133 1464
1784393622343 14.680027961730957 1465
1784393622345 14.224206924438477 1466
1784393622347 12.978551864624023 1467
1784393622349 15.03930950164795 1468
1784393622351 11.368339538574219 1469
1784393622354 13.135714530944824 1470
1784393622356 12.922545433044434 1471
1784393622358 10.97848892211914 1472
1784393622361 14.692634582519531 1473
1784393622363 12.318798065185547 1474
1784393622365 13.643926620483398 1475
1784393622368 13.958890914916992 1476
1784393622370 11.85000228881836 1477
1784393622372 15.722832679748535 1478
1784393622374 16.938282012939453 1479
1784393622377 12.79430103302002 1480
1784393622379 14.39919376373291 1481
1784393622381 17.280784606933594 1482
1784393622384 13.697308540344238 1483
1784393622386 16.189434051513672 1484
1784393622388 13.481237411499023 1485
1784393622390 15.626392364501953 1486
1784393622392 13.97230052947998 1487
1784393622395 11.762882232666016 1488
1784393622397 15.01023006439209 1489
1784393622399 14.921642303466797 1490
1784393622401 11.069452285766602 1491
1784393622403 13.671030044555664 1492
1784393622405 11.460138320922852 1493
1784393622407 11.66046142578125 1494
1784393622409 12.232778549194336 1495
1784393622411 11.577842712402344 1496
1784393622413 10.286044120788574 1497
1784393622415 11.508476257324219 1498
1784393622417 11.77002239227295 1499
1784393622419 10.483684539794922 1500
1784393622421 10.224339485168457 1501
1784393622423 11.231162071228027 1502
1784393622426 12.42102336883545 1503
1784393622428 8.209885597229004 1504
1784393622430 11.858278274536133 1505
1784393622432 10.72262191772461 1506
1784393622434 11.091878890991211 1507
1784393622436 13.831047058105469 1508
1784393622438 12.378976821899414 1509
1784393622440 14.032995223999023 1510
1784393622442 14.529129028320312 1511
1784393622444 12.696784973144531 1512
1784393622446 14.06717586517334 1513
1784393622447 9.231047630310059 1514
1784393622450 14.310702323913574 1515
1784393622451 12.77001667022705 1516
1784393622453 13.4977445602417 1517
1784393622455 16.230283737182617 1518
1784393622457 8.805246353149414 1519
1784393622459 14.649811744689941 1520
1784393622461 13.133650779724121 1521
1784393622463 12.503335952758789 1522
1784393622465 15.07120132446289 1523
1784393622466 11.479939460754395 1524
1784393622469 12.476912498474121 1525
1784393622471 13.57343864440918 1526
1784393622473 11.40213394165039 1527
1784393622475 10.109747886657715 1528
1784393622477 10.93232250213623 1529
1784393622479 8.662763595581055 1530
1784393622481 11.873138427734375 1531
1784393622483 8.118947982788086 1532
1784393622485 11.897107124328613 1533
1784393622487 8.757896423339844 1534
1784393622489 12.799903869628906 1535
1784393622491 10.639479637145996 1536
1784393622493 13.275834083557129 1537
1784393622494 14.740635871887207 1538
1784393622496 8.384452819824219 1539
1784393622499 11.894576072692871 1540
1784393622501 10.551902770996094 1541
1784393622503 12.069293022155762 1542
1784393622505 13.3884916305542 1543
1784393622507 10.98377799987793 1544
1784393622509 13.290395736694336 1545
1784393622511 11.373603820800781 1546
1784393622513 14.107532501220703 1547
1784393622515 15.032036781311035 1548
1784393622517 13.002046585083008 1549
1784393622519 14.509069442749023 1550
1784393622521 14.69324016571045 1551
1784393622523 14.682269096374512 1552
1784393622525 13.396928787231445 1553
1784393622527 15.561620712280273 1554
1784393622529 13.77670955657959 1555
1784393622531 12.735286712646484 1556
1784393622533 15.860123634338379 1557
1784393622535 10.769217491149902 1558
1784393622537 13.807558059692383 1559
1784393622539 11.19546890258789 1560
1784393622541 12.968688011169434 1561
1784393622543 12.90121078491211 1562
1784393622545 9.732584953308105 1563
1784393622547 10.792106628417969 1564
1784393622549 11.116576194763184 1565
1784393622552 8.986360549926758 1566
1784393622554 11.500682830810547 1567
1784393622556 9.459898948669434 1568
1784393622558 13.685783386230469 1569
1784393622560 10.006543159484863 1570
1784393622562 13.278624534606934 1571
1784393622563 10.699652671813965 1572
1784393622566 14.38122844696045 1573
1784393622568 13.07397174835205 1574
1784393622570 10.97785758972168 1575
1784393622572 12.988967895507812 1576
1784393622574 7.838625431060791 1577
1784393622576 12.262580871582031 1578
1784393622578 8.600762367248535 1579
1784393622580 12.693780899047852 1580
1784393622581 11.811267852783203 1581
1784393622584 8.01730728149414 1582
1784393622585 11.917449951171875 1583
1784393622587 9.7962064743042 1584
1784393622590 10.24103832244873 1585
1784393622592 13.994690895080566 1586
1784393622593 8.73473072052002 1587
1784393622596 11.6646728515625 1588
1784393622597 10.392067909240723 1589
1784393622599 10.669511795043945 1590
1784393622602 13.21925163269043 1591
1784393622604 10.869657516479492 1592
1784393622606 11.894408226013184 1593
1784393622608 11.549825668334961 1594
1784393622610 11.75810718536377 1595
1784393622612 13.708395004272461 1596
1784393622614 11.226760864257812 1597
1784393622616 14.838894844055176 1598
1784393622618 8.748784065246582 1599
1784393622620 14.49028491973877 1600
1784393622622 12.361478805541992 1601
1784393622623 12.95729923248291 1602
1784393622626 13.81435489654541 1603
1784393622628 12.703662872314453 1604
1784393622630 12.001738548278809 1605
1784393622632 10.569731712341309 1606
1784393622634 17.0515193939209 1607
1784393622636 14.56891918182373 1608
1784393622639 13.843745231628418 1609
1784393622640 17.4323787689209 1610
1784393622642 14.247657775878906 1611
1784393622644 13.891576766967773 1612
1784393622646 15.538246154785156 1613
1784393622648 12.813509941101074 1614
1784393622650 13.833587646484375 1615
1784393622652 15.949714660644531 1616
1784393622653 12.51767349243164 1617
1784393622656 13.681102752685547 1618
1784393622657 14.188419342041016 1619
1784393622659 11.66424560546875 1620
1784393622661 14.534423828125 1621
1784393622663 16.352527618408203 1622
1784393622665 12.486221313476562 1623
1784393622667 13.576528549194336 1624
1784393622669 15.930068969726562 1625
1784393622671 13.78371810913086 1626
1784393622673 12.871843338012695 1627
1784393622675 14.880971908569336 1628
1784393622677 11.997754096984863 1629
1784393622679 15.95304012298584 1630
1784393622681 15.59732437133789 1631
1784393622683 14.612678527832031 1632
1784393622685 11.42320728302002 1633
1784393622687 14.706456184387207 1634
1784393622689 12.536314964294434 1635
1784393622690 11.639942169189453 1636
1784393622693 14.837336540222168 1637
1784393622695 10.198433876037598 1638
1784393622697 13.512344360351562 1639
1784393622699 15.684855461120605 1640
1784393622701 12.338235855102539 1641
1784393622703 13.229034423828125 1642
1784393622705 11.557514190673828 1643
1784393622707 11.483701705932617 1644
1784393622708 11.320511817932129 1645
1784393622710 12.486831665039062 1646
1784393622712 13.29946517944336 1647
1784393622714 11.65992259979248 1648
1784393622716 12.509637832641602 1649
1784393622718 13.170736312866211 1650
1784393622720 13.285162925720215 1651
1784393622722 13.599082946777344 1652
1784393622724 9.964131355285645 1653
1784393622726 12.682571411132812 1654
1784393622728 11.725863456726074 1655
1784393622730 12.46246337890625 1656
1784393622732 11.05285930633545 1657
1784393622734 14.79069709777832 1658
1784393622736 12.704458236694336 1659
1784393622738 11.696455001831055 1660
1784393622740 12.838530540466309 1661
1784393622742 10.621475219726562 1662
1784393622744 14.37895393371582 1663
1784393622746 10.354296684265137 1664
1784393622748 11.094951629638672 1665
1784393622750 12.774116516113281 1666
1784393622751 11.58895206451416 1667
1784393622754 10.981836318969727 1668
1784393622756 10.37728500366211 1669
1784393622757 10.12544059753418 1670
1784393622759 8.577924728393555 1671
1784393622761 9.955191612243652 1672
1784393622763 8.819629669189453 1673
1784393622765 9.64560317993164 1674
1784393622767 9.11837387084961 1675
1784393622769 9.142120361328125 1676
1784393622771 9.419262886047363 1677
1784393622773 10.083138465881348 1678
1784393622775 9.409622192382812 1679
1784393622778 9.633488655090332 1680
1784393622779 10.210291862487793 1681
1784393622781 9.061685562133789 1682
1784393622783 10.214289665222168 1683
1784393622785 9.85791015625 1684
1784393622787 11.728111267089844 1685
1784393622789 10.019283294677734 1686
1784393622791 10.609658241271973 1687
1784393622793 11.707864761352539 1688
1784393622795 8.979517936706543 1689
1784393622797 11.362157821655273 1690
1784393622799 11.247836112976074 1691
1784393622802 10.08029556274414 1692
1784393622804 10.789512634277344 1693
1784393622806 9.80831241607666 1694
1784393622808 12.795759201049805 1695
1784393622810 11.075979232788086 1696
1784393622812 12.859723091125488 1697
1784393622817 11.015522003173828 1698
1784393622820 12.753921508789062 1699
1784393622822 9.970784187316895 1700
1784393622824 11.943836212158203 1701
1784393622826 11.260730743408203 1702
1784393622828 10.677787780761719 1703
1784393622830 9.678972244262695 1704
1784393622833 11.77280044555664 1705
1784393622835 9.990474700927734 1706
1784393622837 10.7027587890625 1707
1784393622839 10.866667747497559 1708
1784393622841 10.935639381408691 1709
1784393622844 10.521160125732422 1710
1784393622845 10.376946449279785 1711
1784393622847 11.062167167663574 1712
1784393622849 11.377761840820312 1713
1784393622851 9.910347938537598 1714
1784393622853 12.414130210876465 1715
1784393622856 9.111566543579102 1716
1784393622858 9.859764099121094 1717
1784393622860 9.114956855773926 1718
1784393622862 8.563252449035645 1719
1784393622864 8.392318725585938 1720
1784393622865 8.615179061889648 1721
1784393622867 9.482193946838379 1722
1784393622869 7.884126663208008 1723
1784393622870 9.779168128967285 1724
1784393622872 8.830519676208496 1725
1784393622874 11.578060150146484 1726
1784393622876 8.443869590759277 1727
1784393622878 12.710736274719238 1728
1784393622880 11.069611549377441 1729
1784393622882 9.904449462890625 1730
1784393622884 13.480432510375977 1731
1784393622885 11.050424575805664 1732
1784393622887 13.788349151611328 1733
1784393622889 13.955621719360352 1734
1784393622891 10.186412811279297 1735
1784393622893 11.717942237854004 1736
1784393622895 11.950023651123047 1737
1784393622897 10.66860580444336 1738
1784393622899 15.190166473388672 1739
1784393622900 10.664807319641113 1740
1784393622902 11.327107429504395 1741
1784393622904 11.827055931091309 1742
1784393622906 12.178122520446777 1743
1784393622908 9.31542682647705 1744
1784393622910 11.34572982788086 1745
1784393622912 8.670106887817383 1746
1784393622914 12.869707107543945 1747
1784393622916 9.784423828125 1748
1784393622918 12.780433654785156 1749
1784393622920 12.407072067260742 1750
1784393622922 10.911212921142578 1751
1784393622925 13.296675682067871 1752
1784393622927 11.249053955078125 1753
1784393622929 12.892763137817383 1754
1784393622931 11.532567977905273 1755
1784393622933 14.137022972106934 1756
1784393622935 11.11423397064209 1757
1784393622937 12.671698570251465 1758
1784393622939 12.643455505371094 1759
1784393622941 12.192044258117676 1760
1784393622943 12.00839900970459 1761
1784393622946 13.230924606323242 1762
1784393622948 11.964481353759766 1763
1784393622950 12.181254386901855 1764
1784393622952 14.845646858215332 1765
1784393622954 11.725878715515137 1766
1784393622956 10.924101829528809 1767
1784393622958 13.153730392456055 1768
1784393622960 12.255325317382812 1769
1784393622962 10.029008865356445 1770
1784393622964 10.513808250427246 1771
1784393622966 10.890889167785645 1772
1784393622968 10.875144004821777 1773
1784393622971 11.392318725585938 1774
1784393622972 11.264081954956055 1775
1784393622974 12.699953079223633 1776
1784393622976 10.06179141998291 1777
1784393622978 13.099116325378418 1778
1784393622980 10.441385269165039 1779
1784393622981 10.117767333984375 1780
1784393622984 10.168912887573242 1781
1784393622985 9.547327041625977 1782
1784393622987 11.49205493927002 1783
1784393622990 10.309019088745117 1784
1784393622991 12.195241928100586 1785
1784393622993 12.311880111694336 1786
1784393622995 10.572449684143066 1787
1784393622997 12.181798934936523 1788
1784393622999 7.925278663635254 1789
1784393623002 11.823601722717285 1790
1784393623004 10.087089538574219 1791
1784393623006 11.636524200439453 1792
1784393623008 8.972707748413086 1793
1784393623009 8.556949615478516 1794
1784393623011 12.7717924118042 1795
1784393623014 11.105083465576172 1796
1784393623015 12.315187454223633 1797
1784393623017 10.130067825317383 1798
1784393623019 9.151545524597168 1799
1784393623021 10.612054824829102 1800
1784393623023 10.576364517211914 1801
1784393623026 10.996305465698242 1802
1784393623028 9.938996315002441 1803
1784393623030 10.66426944732666 1804
1784393623032 10.471957206726074 1805
1784393623034 9.254103660583496 1806
1784393623036 11.252655029296875 1807
1784393623038 11.214911460876465 1808
1784393623040 10.488670349121094 1809
1784393623042 11.87725830078125 1810
1784393623045 10.926599502563477 1811
1784393623047 10.94157600402832 1812
1784393623049 10.379611015319824 1813
1784393623051 9.862086296081543 1814
1784393623053 10.599451065063477 1815
1784393623054 11.475116729736328 1816
1784393623056 9.130500793457031 1817
1784393623058 12.446746826171875 1818
1784393623060 11.642606735229492 1819
1784393623062 9.216064453125 1820
1784393623064 11.100250244140625 1821
1784393623065 10.894927978515625 1822
1784393623067 11.219711303710938 1823
1784393623069 10.9098482131958 1824
1784393623071 13.37836742401123 1825
1784393623074 11.195645332336426 1826
1784393623075 10.971014022827148 1827
1784393623077 15.753121376037598 1828
1784393623078 11.71586799621582 1829
1784393623080 12.3906831741333 1830
1784393623082 11.979758262634277 1831
1784393623084 9.998519897460938 1832
1784393623086 13.518036842346191 1833
1784393623088 13.310699462890625 1834
1784393623090 10.108010292053223 1835
1784393623093 13.24559497833252 1836
1784393623095 11.302556037902832 1837
1784393623097 10.882360458374023 1838
1784393623099 11.81345272064209 1839
1784393623101 10.963846206665039 1840
1784393623102 10.62507438659668 1841
1784393623105 14.311325073242188 1842
1784393623107 11.75903034210205 1843
1784393623109 14.30539321899414 1844
1784393623111 14.131806373596191 1845
1784393623113 11.367457389831543 1846
1784393623115 12.436986923217773 1847
1784393623117 10.594265937805176 1848
1784393623118 12.638446807861328 1849
1784393623120 10.733099937438965 1850
1784393623122 10.956783294677734 1851
1784393623124 10.082927703857422 1852
1784393623126 9.994787216186523 1853
1784393623128 10.852261543273926 1854
1784393623130 10.122632026672363 1855
1784393623132 9.265939712524414 1856
1784393623134 9.430176734924316 1857
1784393623136 9.563751220703125 1858
1784393623138 9.938234329223633 1859
1784393623140 9.159342765808105 1860
1784393623143 9.467143058776855 1861
1784393623144 7.807497501373291 1862
1784393623147 8.996926307678223 1863
1784393623149 9.087408065795898 1864
1784393623151 10.482342720031738 1865
1784393623153 8.429908752441406 1866
1784393623154 9.655540466308594 1867
1784393623156 7.8920793533325195 1868
1784393623158 8.754332542419434 1869
1784393623160 8.653238296508789 1870
1784393623162 9.222698211669922 1871
1784393623164 9.521903991699219 1872
1784393623166 10.830496788024902 1873
1784393623168 9.253807067871094 1874
1784393623343 9.360289573669434 1875
1784393623345 8.716558456420898 1876
1784393623348 9.043758392333984 1877
1784393623350 9.495267868041992 1878
1784393623353 11.425204277038574 1879
1784393623355 8.281460762023926 1880
1784393623357 11.348011016845703 1881
1784393623358 9.28416919708252 1882
1784393623360 9.214974403381348 1883
1784393623362 11.75948429107666 1884
1784393623364 11.9741849899292 1885
1784393623366 11.98334789276123 1886
1784393623368 10.874252319335938 1887
1784393623370 9.911867141723633 1888
1784393623373 12.993751525878906 1889
1784393623374 9.132905960083008 1890
1784393623377 13.375243186950684 1891
1784393623379 12.604593276977539 1892
1784393623381 13.425871849060059 1893
1784393623383 18.91210174560547 1894
1784393623385 12.167800903320312 1895
1784393623386 14.887659072875977 1896
1784393623388 14.313762664794922 1897
1784393623390 11.761672973632812 1898
1784393623392 11.593267440795898 1899
1784393623393 12.999162673950195 1900
1784393623395 12.735306739807129 1901
1784393623397 10.001636505126953 1902
1784393623399 11.277084350585938 1903
1784393623400 14.396551132202148 1904
1784393623402 11.718194961547852 1905
1784393623404 10.273083686828613 1906
1784393623405 13.449542045593262 1907
1784393623407 11.915771484375 1908
1784393623410 12.977840423583984 1909
1784393623411 15.409224510192871 1910
1784393623413 15.198556900024414 1911
1784393623416 11.558284759521484 1912
1784393623418 13.647602081298828 1913
1784393623419 13.257255554199219 1914
1784393623421 10.16026496887207 1915
1784393623424 12.649238586425781 1916
1784393623426 12.837911605834961 1917
1784393623427 13.607803344726562 1918
1784393623429 14.742311477661133 1919
1784393623431 13.468671798706055 1920
1784393623433 9.662668228149414 1921
1784393623435 13.211541175842285 1922
1784393623436 12.944104194641113 1923
1784393623439 13.654651641845703 1924
1784393623441 12.938469886779785 1925
1784393623443 11.15337085723877 1926
1784393623445 12.769680976867676 1927
1784393623447 11.672270774841309 1928
1784393623449 12.404794692993164 1929
1784393623451 11.670795440673828 1930
1784393623453 8.96324348449707 1931
1784393623454 12.804418563842773 1932
1784393623456 10.182394027709961 1933
1784393623458 9.937688827514648 1934
1784393623460 11.926246643066406 1935
1784393623462 8.013239860534668 1936
1784393623464 9.654945373535156 1937
1784393623466 9.213066101074219 1938
1784393623468 9.489365577697754 1939
1784393623470 9.767871856689453 1940
1784393623471 8.261117935180664 1941
1784393623473 9.827101707458496 1942
1784393623475 9.332029342651367 1943
1784393623476 8.525378227233887 1944
1784393623478 8.724458694458008 1945
1784393623480 9.933749198913574 1946
1784393623482 7.944850921630859 1947
1784393623483 8.157469749450684 1948
1784393623485 8.476933479309082 1949
1784393623487 7.173398971557617 1950
1784393623489 10.069245338439941 1951
1784393623490 8.649466514587402 1952
1784393623492 9.899742126464844 1953
1784393623494 12.422553062438965 1954
1784393623495 11.760843276977539 1955
1784393623497 12.525291442871094 1956
1784393623499 11.031545639038086 1957
1784393623500 13.037725448608398 1958
1784393623502 11.076440811157227 1959
1784393623504 12.12874698638916 1960
1784393623506 12.624351501464844 1961
1784393623508 10.73900032043457 1962
1784393623509 13.282986640930176 1963
1784393623511 9.914161682128906 1964
1784393623513 13.337632179260254 1965
1784393623515 10.259021759033203 1966
1784393623517 13.058197975158691 1967
1784393623519 9.963020324707031 1968
1784393623521 11.074666023254395 1969
1784393623523 12.835487365722656 1970
1784393623525 11.205945014953613 1971
1784393623527 11.671883583068848 1972
1784393623529 11.427107810974121 1973
1784393623531 12.577863693237305 1974
1784393623532 14.79324722290039 1975
1784393623534 14.157110214233398 1976
1784393623536 11.658406257629395 1977
1784393623538 10.795822143554688 1978
1784393623540 11.361821174621582 1979
1784393623542 10.51129150390625 1980
1784393623543 15.683871269226074 1981
1784393623545 10.723616600036621 1982
1784393623547 13.528210639953613 1983
1784393623549 13.760059356689453 1984
1784393623550 10.553841590881348 1985
1784393623552 15.071334838867188 1986
1784393623554 14.962409973144531 1987
1784393623556 9.150969505310059 1988
1784393623558 13.748140335083008 1989
1784393623560 10.988208770751953 1990
1784393623561 10.165243148803711 1991
1784393623563 10.052454948425293 1992
1784393623565 11.422210693359375 1993
1784393623567 9.377914428710938 1994
1784393623568 11.51118278503418 1995
1784393623571 9.232759475708008 1996
1784393623573 10.586329460144043 1997
1784393623574 9.39536190032959 1998
1784393623576 10.504268646240234 1999
1784393623578 10.403580665588379 2000
1784393623580 11.079161643981934 2001
1784393623582 10.7362060546875 2002
1784393623584 10.692269325256348 2003
1784393623586 11.991230964660645 2004
1784393623588 10.365285873413086 2005
1784393623590 12.022783279418945 2006
1784393623592 11.811126708984375 2007
1784393623594 11.144515037536621 2008
1784393623596 12.868345260620117 2009
1784393623597 9.971430778503418 2010
1784393623599 10.861804962158203 2011
1784393623601 10.671374320983887 2012
1784393623603 13.196300506591797 2013
1784393623605 10.947078704833984 2014
1784393623607 13.421576499938965 2015
1784393623609 15.206557273864746 2016
1784393623610 9.310182571411133 2017
1784393623612 13.779212951660156 2018
1784393623614 11.63558578491211 2019
1784393623616 12.637765884399414 2020
1784393623618 14.832170486450195 2021
1784393623620 13.420492172241211 2022
1784393623621 13.855185508728027 2023
1784393623623 12.979361534118652 2024
1784393623625 13.397445678710938 2025
1784393623627 14.114062309265137 2026
1784393623629 13.11965560913086 2027
1784393623631 15.262713432312012 2028
1784393623633 10.755000114440918 2029
1784393623635 14.289941787719727 2030
1784393623636 12.591221809387207 2031
1784393623638 13.982048034667969 2032
1784393623640 15.702566146850586 2033
1784393623642 12.169025421142578 2034
1784393623644 12.567638397216797 2035
1784393623646 12.84267520904541 2036
1784393623647 12.631338119506836 2037
1784393623650 12.341451644897461 2038
1784393623651 12.670088768005371 2039
1784393623653 11.984366416931152 2040
1784393623654 11.551970481872559 2041
1784393623656 11.177684783935547 2042
1784393623658 10.73098087310791 2043
1784393623659 12.733104705810547 2044
1784393623661 10.522684097290039 2045
1784393623663 12.779489517211914 2046
1784393623665 12.055306434631348 2047
1784393623667 10.960274696350098 2048
1784393623669 12.438220024108887 2049
1784393623671 9.185418128967285 2050
1784393623673 11.84489631652832 2051
1784393623675 9.558869361877441 2052
1784393623677 10.268732070922852 2053
1784393623679 9.737483978271484 2054
1784393623681 10.06863784790039 2055
1784393623683 11.504999160766602 2056
1784393623685 10.947036743164062 2057
1784393623687 10.493694305419922 2058
1784393623688 11.723550796508789 2059
1784393623690 8.835125923156738 2060
1784393623692 9.967710494995117 2061
1784393623694 8.522870063781738 2062
1784393623695 9.922141075134277 2063
1784393623697 10.863626480102539 2064
1784393623699 9.623048782348633 2065
1784393623701 11.303581237792969 2066
1784393623703 10.391470909118652 2067
1784393623705 13.294320106506348 2068
1784393623706 12.180195808410645 2069
1784393623708 13.421609878540039 2070
1784393623710 14.087818145751953 2071
1784393623712 13.610156059265137 2072
1784393623714 11.32947063446045 2073
1784393623715 13.857571601867676 2074
1784393623717 12.4177885055542 2075
1784393623719 12.250081062316895 2076
1784393623722 9.741023063659668 2077
1784393623724 10.560400009155273 2078
1784393623725 10.5275239944458 2079
1784393623727 10.752506256103516 2080
1784393623729 9.108979225158691 2081
1784393623731 10.260748863220215 2082
1784393623733 10.152425765991211 2083
1784393623735 9.576742172241211 2084
1784393623737 9.238039016723633 2085
1784393623739 11.259065628051758 2086
1784393623740 8.840108871459961 2087
1784393623742 15.004356384277344 2088
1784393623744 12.016077041625977 2089
1784393623746 10.34978199005127 2090
1784393623748 14.569844245910645 2091
1784393623750 12.777811050415039 2092
1784393623752 14.717474937438965 2093
1784393623754 14.750316619873047 2094
1784393623755 15.661046981811523 2095
1784393623757 16.299774169921875 2096
1784393623759 12.680463790893555 2097
1784393623761 15.650641441345215 2098
1784393623763 15.740694046020508 2099
1784393623764 10.800825119018555 2100
1784393623766 14.40466594696045 2101
1784393623768 13.723658561706543 2102
1784393623770 9.340036392211914 2103
1784393623772 15.46790885925293 2104
1784393623774 10.293325424194336 2105
1784393623775 13.098836898803711 2106
1784393623777 13.16045093536377 2107
1784393623779 15.934659004211426 2108
1784393623780 11.663196563720703 2109
1784393623782 14.138113021850586 2110
1784393623784 14.379409790039062 2111
1784393623786 11.61023998260498 2112
1784393623788 15.375408172607422 2113
1784393623790 11.45688533782959 2114
1784393623792 16.179529190063477 2115
1784393623794 14.597723960876465 2116
1784393623795 13.288835525512695 2117
1784393623797 14.858198165893555 2118
1784393623799 13.190614700317383 2119
1784393623801 14.8464994430542 2120
1784393623803 16.825029373168945 2121
1784393623805 14.310323715209961 2122
1784393623807 15.622873306274414 2123
1784393623809 12.473722457885742 2124
1784393623811 14.226761817932129 2125
1784393623812 11.676904678344727 2126
1784393623815 12.15217113494873 2127
1784393623817 12.587991714477539 2128
1784393623818 9.615635871887207 2129
1784393623820 10.854493141174316 2130
1784393623822 10.34437370300293 2131
1784393623824 11.00117301940918 2132
1784393623825 9.782867431640625 2133
1784393623827 12.892845153808594 2134
1784393623829 9.782422065734863 2135
1784393623830 11.482118606567383 2136
1784393623832 10.285353660583496 2137
1784393623834 11.870537757873535 2138
1784393623836 11.091069221496582 2139
1784393623838 11.333442687988281 2140
1784393623840 14.183716773986816 2141
1784393623841 10.03044319152832 2142
1784393623843 13.100323677062988 2143
1784393623845 10.762553215026855 2144
1784393623847 12.414862632751465 2145
1784393623848 12.802584648132324 2146
1784393623850 10.704182624816895 2147
1784393623852 11.606730461120605 2148
1784393623854 10.238363265991211 2149
1784393623856 12.559700012207031 2150
1784393623858 10.49063491821289 2151
1784393623860 9.455365180969238 2152
1784393623862 9.9367094039917 2153
1784393623864 7.318267345428467 2154
1784393623865 9.020305633544922 2155
1784393623867 6.724529266357422 2156
1784393623869 9.520220756530762 2157
1784393623871 8.289488792419434 2158
1784393623873 12.207247734069824 2159
1784393623875 10.212364196777344 2160
1784393623877 8.795822143554688 2161
1784393623878 9.99893569946289 2162
1784393623880 9.370348930358887 2163
1784393623882 9.627589225769043 2164
1784393623884 8.29192066192627 2165
1784393623886 8.730170249938965 2166
1784393623888 8.864038467407227 2167
1784393623889 7.959157943725586 2168
1784393623891 10.386751174926758 2169
1784393623893 8.428535461425781 2170
1784393623895 7.846168041229248 2171
1784393623897 10.362213134765625 2172
1784393623899 8.003012657165527 2173
1784393623900 10.853389739990234 2174
1784393623902 9.300995826721191 2175
1784393623904 11.252148628234863 2176
1784393623906 13.105400085449219 2177
1784393623908 9.31003189086914 2178
1784393623910 11.448526382446289 2179
1784393623912 11.456435203552246 2180
1784393623914 8.839147567749023 2181
1784393623916 12.324897766113281 2182
1784393623918 9.85110855102539 2183
1784393623920 11.052656173706055 2184
1784393623922 12.622126579284668 2185
1784393623924 10.917940139770508 2186
1784393623926 12.0552396774292 2187
1784393623928 11.918845176696777 2188
1784393623930 8.961268424987793 2189
1784393623931 12.493184089660645 2190
1784393623933 10.168566703796387 2191
1784393623935 12.045494079589844 2192
1784393623936 12.250961303710938 2193
1784393623938 9.465129852294922 2194
1784393623939 12.025296211242676 2195
1784393623942 10.9208402633667 2196
1784393623944 9.835752487182617 2197
1784393623946 12.450652122497559 2198
1784393623948 9.62509822845459 2199
1784393623949 10.27431869506836 2200
1784393623951 11.860806465148926 2201
1784393623953 11.053930282592773 2202
1784393623955 10.88265609741211 2203
1784393623956 10.037081718444824 2204
1784393623958 13.101938247680664 2205
1784393623960 13.003975868225098 2206
1784393623962 9.746217727661133 2207
1784393623963 14.83237361907959 2208
1784393623965 13.259027481079102 2209
1784393623967 12.687582015991211 2210
1784393623969 12.121541976928711 2211
1784393623970 14.65288257598877 2212
1784393623972 12.64516830444336 2213
1784393623974 10.738275527954102 2214
1784393623976 13.544722557067871 2215
1784393623977 13.012617111206055 2216
1784393623979 10.349822998046875 2217
1784393623981 11.23865795135498 2218
1784393623982 12.385299682617188 2219
1784393623984 11.641870498657227 2220
1784393623986 10.782416343688965 2221
1784393623988 11.350015640258789 2222
1784393623991 11.560802459716797 2223
1784393623992 12.993264198303223 2224
1784393623994 14.875686645507812 2225
1784393623996 11.27678394317627 2226
1784393623997 15.188705444335938 2227
1784393623999 14.668126106262207 2228
1784393624000 12.36101245880127 2229
1784393624003 12.55286693572998 2230
1784393624004 13.373993873596191 2231
1784393624006 12.063739776611328 2232
1784393624008 11.912980079650879 2233
1784393624010 12.446855545043945 2234
1784393624011 11.68818473815918 2235
1784393624013 13.413703918457031 2236
1784393624015 9.838479042053223 2237
1784393624017 15.566014289855957 2238
1784393624019 14.073505401611328 2239
1784393624021 11.558499336242676 2240
1784393624022 13.801390647888184 2241
1784393624024 13.054865837097168 2242
1784393624026 12.385089874267578 2243
1784393624028 11.270137786865234 2244
1784393624030 12.65877914428711 2245
1784393624032 12.058032989501953 2246
1784393624034 11.043990135192871 2247
1784393624035 10.614891052246094 2248
1784393624037 9.789666175842285 2249
1784393624039 11.406118392944336 2250
1784393624041 9.895100593566895 2251
1784393624043 9.392446517944336 2252
1784393624045 9.88773250579834 2253
1784393624047 8.912670135498047 2254
1784393624049 8.223267555236816 2255
1784393624051 9.071063041687012 2256
1784393624053 10.329872131347656 2257
1784393624054 9.190642356872559 2258
1784393624057 10.906418800354004 2259
1784393624058 10.837196350097656 2260
1784393624060 8.965667724609375 2261
1784393624061 9.707260131835938 2262
1784393624064 9.203926086425781 2263
1784393624066 11.490559577941895 2264
1784393624082 11.497923851013184 2265
1784393624084 12.749629974365234 2266
1784393624086 11.117382049560547 2267
1784393624088 11.635099411010742 2268
1784393624090 15.728179931640625 2269
1784393624092 11.280624389648438 2270
1784393624094 12.913888931274414 2271
1784393624095 13.649413108825684 2272
1784393624097 12.603826522827148 2273
1784393624099 12.821927070617676 2274
1784393624101 13.432520866394043 2275
1784393624103 12.93078899383545 2276
1784393624105 11.621725082397461 2277
1784393624107 11.477466583251953 2278
1784393624108 10.562716484069824 2279
1784393624110 10.884366035461426 2280
1784393624112 10.619159698486328 2281
1784393624114 11.778679847717285 2282
1784393624115 9.508794784545898 2283
1784393624118 13.2455472946167 2284
1784393624120 9.873374938964844 2285
1784393624121 11.873274803161621 2286
1784393624124 13.301283836364746 2287
1784393624126 11.814634323120117 2288
1784393624128 12.683794021606445 2289
1784393624130 10.491522789001465 2290
1784393624132 11.077911376953125 2291
1784393624134 9.963475227355957 2292
1784393624136 11.607004165649414 2293
1784393624138 10.740415573120117 2294
1784393624140 12.398598670959473 2295
1784393624142 11.20048713684082 2296
1784393624144 9.372159004211426 2297
1784393624146 10.279191970825195 2298
1784393624148 9.967257499694824 2299
1784393624150 9.27356243133545 2300
1784393624152 10.301870346069336 2301
1784393624153 9.230489730834961 2302
1784393624155 9.830506324768066 2303
1784393624157 9.475629806518555 2304
1784393624159 10.039164543151855 2305
1784393624161 8.223325729370117 2306
1784393624163 11.491998672485352 2307
1784393624165 9.42294692993164 2308
1784393624167 11.040780067443848 2309
1784393624168 9.479217529296875 2310
1784393624170 11.587876319885254 2311
1784393624172 13.067092895507812 2312
1784393624174 10.72645378112793 2313
1784393624175 11.168519973754883 2314
1784393624177 9.488602638244629 2315
1784393624179 9.67855167388916 2316
1784393624181 10.272422790527344 2317
1784393624182 6.905416488647461 2318
1784393624184 12.184476852416992 2319
1784393624186 9.966994285583496 2320
1784393624188 8.73674201965332 2321
1784393624190 10.450536727905273 2322
1784393624192 11.932034492492676 2323
1784393624193 9.76834487915039 2324
1784393624195 8.663562774658203 2325
1784393624197 9.372369766235352 2326
1784393624199 8.019498825073242 2327
1784393624201 9.168506622314453 2328
1784393624203 7.441357612609863 2329
1784393624205 7.911506652832031 2330
1784393624207 7.368206024169922 2331
1784393624209 10.398865699768066 2332
1784393624210 9.66869831085205 2333
1784393624212 8.685529708862305 2334
1784393624214 8.836383819580078 2335
1784393624216 8.891403198242188 2336
1784393624217 9.414466857910156 2337
1784393624220 11.071303367614746 2338
1784393624221 9.999849319458008 2339
1784393624223 10.806095123291016 2340
1784393624225 12.019194602966309 2341
1784393624227 8.93272876739502 2342
1784393624229 10.990812301635742 2343
1784393624230 7.307894706726074 2344
1784393624232 12.215973854064941 2345
1784393624234 8.771026611328125 2346
1784393624236 10.73993968963623 2347
1784393624238 10.682095527648926 2348
1784393624240 9.272073745727539 2349
1784393624242 12.086860656738281 2350
1784393624244 7.752485275268555 2351
1784393624246 10.478839874267578 2352
1784393624248 11.144048690795898 2353
1784393624251 8.551115036010742 2354
1784393624253 12.321325302124023 2355
1784393624255 8.363808631896973 2356
1784393624257 11.105215072631836 2357
1784393624259 9.512133598327637 2358
1784393624260 10.284622192382812 2359
1784393624262 12.119546890258789 2360
1784393624264 9.665685653686523 2361
1784393624266 10.49393367767334 2362
1784393624268 8.958456039428711 2363
1784393624270 8.921454429626465 2364
1784393624272 10.954228401184082 2365
1784393624273 9.852152824401855 2366
1784393624275 10.635622024536133 2367
1784393624277 12.209579467773438 2368
1784393624279 9.6973876953125 2369
1784393624280 12.137968063354492 2370
1784393624282 13.294939994812012 2371
1784393624284 10.941168785095215 2372
1784393624286 12.58461856842041 2373
1784393624288 13.421367645263672 2374
1784393624289 14.273691177368164 2375
1784393624291 15.863410949707031 2376
1784393624293 15.750635147094727 2377
1784393624294 12.830367088317871 2378
1784393624296 13.263460159301758 2379
1784393624298 13.959940910339355 2380
1784393624300 9.755409240722656 2381
1784393624301 11.399421691894531 2382
1784393624303 12.595209121704102 2383
1784393624305 11.930908203125 2384
1784393624307 11.247452735900879 2385
1784393624308 12.742350578308105 2386
1784393624310 10.18734073638916 2387
1784393624312 11.40220832824707 2388
1784393624314 12.682977676391602 2389
1784393624316 11.307246208190918 2390
1784393624317 9.30207633972168 2391
1784393624319 11.506760597229004 2392
1784393624321 8.522212028503418 2393
1784393624323 11.750255584716797 2394
1784393624324 8.783149719238281 2395
1784393624326 11.251338958740234 2396
1784393624328 9.229372024536133 2397
1784393624330 9.85640811920166 2398
1784393624331 11.459823608398438 2399
1784393624333 9.883681297302246 2400
1784393624335 9.589719772338867 2401
1784393624337 10.687131881713867 2402
1784393624338 10.421012878417969 2403
1784393624340 9.50670337677002 2404
1784393624343 8.895950317382812 2405
1784393624345 10.37532901763916 2406
1784393624347 8.786951065063477 2407
1784393624349 11.568338394165039 2408
1784393624351 9.73556137084961 2409
1784393624352 10.326706886291504 2410
1784393624354 10.303659439086914 2411
1784393624356 11.336603164672852 2412
1784393624358 12.413942337036133 2413
1784393624360 10.678236961364746 2414
1784393624361 13.048698425292969 2415
1784393624363 13.840968132019043 2416
1784393624365 11.222049713134766 2417
1784393624367 10.80332088470459 2418
1784393624369 15.316925048828125 2419
1784393624371 12.045255661010742 2420
1784393624373 11.786460876464844 2421
1784393624374 13.714435577392578 2422
1784393624376 13.236148834228516 2423
1784393624378 12.54299545288086 2424
1784393624380 15.063920021057129 2425
1784393624381 15.141199111938477 2426
1784393624383 12.702790260314941 2427
1784393624385 15.918998718261719 2428
1784393624388 13.042817115783691 2429
1784393624390 13.924979209899902 2430
1784393624392 11.670417785644531 2431
1784393624394 13.220946311950684 2432
1784393624396 12.049610137939453 2433
1784393624398 10.73354721069336 2434
1784393624400 11.760988235473633 2435
1784393624403 11.93311882019043 2436
1784393624405 13.82174301147461 2437
1784393624407 11.046661376953125 2438
1784393624410 12.532081604003906 2439
1784393624412 9.922873497009277 2440
1784393624414 9.842924118041992 2441
1784393624416 11.811155319213867 2442
1784393624418 9.382132530212402 2443
1784393624420 10.118868827819824 2444
1784393624423 10.658191680908203 2445
1784393624427 8.945079803466797 2446
1784393624428 8.436182022094727 2447
1784393624430 8.561729431152344 2448
1784393624433 8.847371101379395 2449
1784393624435 9.69394588470459 2450
1784393624437 9.351940155029297 2451
1784393624440 9.756011009216309 2452
1784393624442 9.524604797363281 2453
1784393624444 9.208931922912598 2454
1784393624448 9.50102424621582 2455
1784393624451 8.802054405212402 2456
1784393624453 9.254815101623535 2457
1784393624457 7.921599388122559 2458
1784393624460 10.23897933959961 2459
1784393624462 7.803311347961426 2460
1784393624464 9.737421035766602 2461
1784393624466 9.523178100585938 2462
1784393624468 7.984966278076172 2463
1784393624470 11.624495506286621 2464
1784393624472 9.456879615783691 2465
1784393624474 10.96705150604248 2466
1784393624476 10.891201972961426 2467
1784393624477 10.141578674316406 2468
1784393624479 13.674554824829102 2469
1784393624481 13.698678970336914 2470
1784393624483 12.773588180541992 2471
1784393624484 13.572534561157227 2472
1784393624487 13.03933334350586 2473
1784393624489 14.063722610473633 2474
1784393624490 12.413259506225586 2475
1784393624492 11.893839836120605 2476
1784393624494 10.85679817199707 2477
1784393624496 12.45950698852539 2478
1784393624498 11.242959022521973 2479
1784393624500 9.745219230651855 2480
1784393624502 11.293219566345215 2481
1784393624504 8.330591201782227 2482
1784393624506 10.543136596679688 2483
1784393624508 9.762382507324219 2484
1784393624510 10.999168395996094 2485
1784393624512 9.668333053588867 2486
1784393624513 11.183398246765137 2487
1784393624515 9.882163047790527 2488
1784393624517 8.346707344055176 2489
1784393624518 9.999673843383789 2490
1784393624520 9.201725006103516 2491
1784393624522 11.476690292358398 2492
1784393624524 11.663802146911621 2493
1784393624525 11.077665328979492 2494
1784393624527 13.15641975402832 2495
1784393624529 11.656148910522461 2496
1784393624531 14.804901123046875 2497
1784393624532 11.36469841003418 2498
1784393624534 11.348161697387695 2499
1784393624536 10.792895317077637 2500
1784393624538 8.981481552124023 2501
1784393624540 10.012476921081543 2502
1784393624542 10.696197509765625 2503
1784393624544 8.438516616821289 2504
1784393624545 8.286882400512695 2505
1784393624548 9.774273872375488 2506
1784393624550 8.336690902709961 2507
1784393624551 10.274714469909668 2508
1784393624553 9.409184455871582 2509
1784393624555 9.706514358520508 2510
1784393624557 10.45761775970459 2511
1784393624559 8.845293998718262 2512
1784393624562 10.368565559387207 2513
1784393624564 9.666769981384277 2514
1784393624567 12.954204559326172 2515
1784393624570 9.071563720703125 2516
1784393624572 10.69567584991455 2517
1784393624574 13.619443893432617 2518
1784393624576 9.207263946533203 2519
1784393624578 11.628790855407715 2520
1784393624580 9.380997657775879 2521
1784393624582 10.885684967041016 2522
1784393624584 9.184995651245117 2523
1784393624586 9.857041358947754 2524
1784393624588 10.960518836975098 2525
1784393624590 9.179635047912598 2526
1784393624592 9.793496131896973 2527
1784393624594 11.211688995361328 2528
1784393624595 7.19498872756958 2529
1784393624597 10.449225425720215 2530
1784393624599 8.101323127746582 2531
1784393624601 10.53692626953125 2532
1784393624603 8.395513534545898 2533
1784393624606 9.1031494140625 2534
1784393624608 10.163150787353516 2535
1784393624610 10.102066993713379 2536
1784393624612 10.337589263916016 2537
1784393624614 9.155745506286621 2538
1784393624616 10.722654342651367 2539
1784393624618 12.922102928161621 2540
1784393624620 10.413690567016602 2541
1784393624622 11.470921516418457 2542
1784393624624 10.936273574829102 2543
1784393624626 13.339092254638672 2544
1784393624628 9.849784851074219 2545
1784393624630 13.858084678649902 2546
1784393624632 14.64807415008545 2547
1784393624634 9.990901947021484 2548
1784393624635 13.383041381835938 2549
1784393624637 11.676253318786621 2550
1784393624639 9.624625205993652 2551
1784393624641 11.851470947265625 2552
1784393624642 10.323249816894531 2553
1784393624645 12.306631088256836 2554
1784393624646 11.689199447631836 2555
1784393624648 13.994253158569336 2556
1784393624650 12.181770324707031 2557
1784393624652 13.630199432373047 2558
1784393624653 14.450611114501953 2559
1784393624655 12.05273151397705 2560
1784393624657 11.8869047164917 2561
1784393624659 13.262232780456543 2562
1784393624661 12.899137496948242 2563
1784393624663 10.485864639282227 2564
1784393624665 11.508960723876953 2565
1784393624667 11.476170539855957 2566
1784393624669 13.155876159667969 2567
1784393624671 11.60053539276123 2568
1784393624672 11.7518949508667 2569
1784393624674 12.36638355255127 2570
1784393624676 10.719084739685059 2571
1784393624678 10.230778694152832 2572
1784393624679 10.212512969970703 2573
1784393624681 9.730768203735352 2574
1784393624683 9.4937105178833 2575
1784393624684 10.601855278015137 2576
1784393624686 7.401916980743408 2577
1784393624688 10.848172187805176 2578
1784393624690 7.785713195800781 2579
1784393624692 11.279016494750977 2580
1784393624694 9.407365798950195 2581
1784393624696 11.317049980163574 2582
1784393624697 10.108890533447266 2583
1784393624699 10.341440200805664 2584
1784393624701 9.111130714416504 2585
1784393624703 10.265583038330078 2586
1784393624705 12.126928329467773 2587
1784393624707 9.855581283569336 2588
1784393624709 11.011327743530273 2589
1784393624711 9.109619140625 2590
1784393624713 10.100317001342773 2591
1784393624715 10.568643569946289 2592
1784393624716 8.943902015686035 2593
1784393624718 10.273691177368164 2594
1784393624720 8.653120040893555 2595
1784393624722 9.08410930633545 2596
1784393624724 10.382986068725586 2597
1784393624725 7.849994659423828 2598
1784393624727 11.950876235961914 2599
1784393624729 9.129487991333008 2600
1784393624731 11.06438159942627 2601
1784393624732 9.122812271118164 2602
1784393624734 10.131779670715332 2603
1784393624736 10.073427200317383 2604
1784393624737 10.175355911254883 2605
1784393624739 11.091889381408691 2606
1784393624741 7.446755886077881 2607
1784393624743 10.347803115844727 2608
1784393624744 9.769173622131348 2609
1784393624746 10.312153816223145 2610
1784393624748 9.67383098602295 2611
1784393624750 9.006494522094727 2612
1784393624752 10.191597938537598 2613
1784393624754 9.522554397583008 2614
1784393624756 11.18333625793457 2615
1784393624758 11.949078559875488 2616
1784393624760 10.713008880615234 2617
1784393624762 11.247218132019043 2618
1784393624764 13.313846588134766 2619
1784393624766 12.641853332519531 2620
1784393624768 9.71533203125 2621
1784393624770 11.51706314086914 2622
1784393624772 13.38515853881836 2623
1784393624774 9.605697631835938 2624
1784393624775 15.686685562133789 2625
1784393624777 12.563586235046387 2626
1784393624779 11.635974884033203 2627
1784393624780 15.36131763458252 2628
1784393624782 14.998252868652344 2629
1784393624784 12.868448257446289 2630
1784393624786 15.1502046585083 2631
1784393624787 16.36761474609375 2632
1784393624789 13.212099075317383 2633
1784393624791 14.673811912536621 2634
1784393624793 13.650641441345215 2635
1784393624795 13.854471206665039 2636
1784393624797 13.293089866638184 2637
1784393624799 13.104226112365723 2638
1784393624800 16.132217407226562 2639
1784393624802 12.14488410949707 2640
1784393624804 16.59393310546875 2641
1784393624806 10.790071487426758 2642
1784393624808 13.932083129882812 2643
1784393624809 14.30419635772705 2644
1784393624811 9.482657432556152 2645
1784393624813 12.440261840820312 2646
1784393624815 11.620035171508789 2647
1784393624816 11.419327735900879 2648
1784393624818 11.073875427246094 2649
1784393624820 11.577312469482422 2650
1784393624822 13.251117706298828 2651
1784393624824 10.195152282714844 2652
1784393624826 14.142461776733398 2653
1784393624828 12.812993049621582 2654
1784393624830 10.296346664428711 2655
1784393624831 12.59013557434082 2656
1784393624833 11.365217208862305 2657
1784393624835 12.35706901550293 2658
1784393624836 11.394668579101562 2659
1784393624838 12.118536949157715 2660
1784393624840 11.02292251586914 2661
1784393624841 9.809184074401855 2662
1784393624843 12.090580940246582 2663
1784393624845 9.796527862548828 2664
1784393624847 10.253678321838379 2665
1784393624848 10.521177291870117 2666
1784393624850 10.891942024230957 2667
1784393624852 13.08175277709961 2668
1784393624854 9.563400268554688 2669
1784393624855 12.61535930633545 2670
1784393624857 13.058670997619629 2671
1784393624859 11.819584846496582 2672
1784393624861 12.925641059875488 2673
1784393624863 12.55410099029541 2674
1784393624864 10.84992790222168 2675
1784393624866 10.395569801330566 2676
1784393624868 9.617327690124512 2677
1784393624870 11.063860893249512 2678
1784393624871 12.759819030761719 2679
1784393624873 11.190650939941406 2680
1784393624875 11.100369453430176 2681
1784393624877 11.189144134521484 2682
1784393624878 10.90189266204834 2683
1784393624880 11.64251708984375 2684
1784393624882 11.199385643005371 2685
1784393624884 11.394211769104004 2686
1784393624885 10.627521514892578 2687
1784393624887 9.494396209716797 2688
1784393624889 10.055840492248535 2689
1784393624890 8.47133731842041 2690
1784393624892 8.436990737915039 2691
1784393624894 8.630585670471191 2692
1784393624896 8.52578353881836 2693
1784393624897 8.611534118652344 2694
1784393624900 9.501161575317383 2695
1784393624901 8.395561218261719 2696
1784393624903 10.157662391662598 2697
1784393624905 8.110332489013672 2698
1784393624907 9.869256019592285 2699
1784393624909 8.908356666564941 2700
1784393624911 10.151514053344727 2701
1784393624913 10.942974090576172 2702
1784393624914 10.019851684570312 2703
1784393624916 9.320823669433594 2704
1784393624918 8.798974990844727 2705
1784393624920 9.400437355041504 2706
1784393624922 9.463565826416016 2707
1784393624924 11.650569915771484 2708
1784393624926 9.39606761932373 2709
1784393624927 12.23921012878418 2710
1784393624930 11.774842262268066 2711
1784393624932 10.148151397705078 2712
1784393624933 11.54619026184082 2713
1784393624935 9.482828140258789 2714
1784393624937 11.01603889465332 2715
1784393624939 10.54330062866211 2716
1784393624941 11.050783157348633 2717
1784393624943 12.51676082611084 2718
1784393624945 13.044839859008789 2719
1784393624946 10.102931022644043 2720
1784393624949 14.933392524719238 2721
1784393624950 11.873961448669434 2722
1784393624952 12.023290634155273 2723
1784393624954 10.81837272644043 2724
1784393624956 12.404749870300293 2725
1784393624958 12.171443939208984 2726
1784393624960 10.813569068908691 2727
1784393624962 13.887600898742676 2728
1784393624964 11.76504135131836 2729
1784393624967 11.816082954406738 2730
1784393624969 13.205699920654297 2731
1784393624971 13.47693920135498 2732
1784393624973 11.592527389526367 2733
1784393624974 12.778410911560059 2734
1784393624976 14.036701202392578 2735
1784393624978 14.359233856201172 2736
1784393624980 12.479084968566895 2737
1784393624982 14.768636703491211 2738
1784393624984 11.057610511779785 2739
1784393624986 11.341121673583984 2740
1784393624987 12.851408004760742 2741
1784393624989 10.76148796081543 2742
1784393624991 10.902320861816406 2743
1784393624993 10.672715187072754 2744
1784393624995 9.435587882995605 2745
1784393624997 12.870983123779297 2746
1784393624999 9.058698654174805 2747
1784393625000 10.972593307495117 2748
1784393625003 9.562317848205566 2749
1784393625005 9.684450149536133 2750
1784393625007 12.308246612548828 2751
1784393625009 11.61703872680664 2752
1784393625011 11.063764572143555 2753
1784393625012 11.096033096313477 2754
1784393625014 9.405191421508789 2755
1784393625016 9.91212272644043 2756
1784393625018 10.560575485229492 2757
1784393625020 8.460091590881348 2758
1784393625022 9.279730796813965 2759
1784393625024 8.72542953491211 2760
1784393625026 10.63536548614502 2761
1784393625027 9.398421287536621 2762
1784393625029 9.140917778015137 2763
1784393625031 10.675049781799316 2764
1784393625033 10.414710998535156 2765
1784393625034 12.593971252441406 2766
1784393625036 10.054264068603516 2767
1784393625038 12.618987083435059 2768
1784393625039 10.7144775390625 2769
1784393625041 10.963273048400879 2770
1784393625043 11.770761489868164 2771
1784393625045 9.798117637634277 2772
1784393625046 10.274170875549316 2773
1784393625048 12.814045906066895 2774
1784393625050 10.838556289672852 2775
1784393625052 9.56313419342041 2776
1784393625053 11.40078353881836 2777
1784393625055 8.410539627075195 2778
1784393625057 10.954178810119629 2779
1784393625059 12.48511791229248 2780
1784393625060 8.650558471679688 2781
1784393625062 11.357826232910156 2782
1784393625064 10.38333511352539 2783
1784393625066 9.816859245300293 2784
1784393625068 10.791736602783203 2785
1784393625069 11.79974365234375 2786
1784393625071 8.52736759185791 2787
1784393625073 12.281497955322266 2788
1784393625074 11.053110122680664 2789
1784393625076 8.942039489746094 2790
1784393625077 8.926848411560059 2791
1784393625079 10.222640037536621 2792
1784393625080 8.205839157104492 2793
1784393625082 11.420930862426758 2794
1784393625083 11.010411262512207 2795
1784393625085 9.652186393737793 2796
1784393625087 10.356351852416992 2797
1784393625089 12.484281539916992 2798
1784393625090 10.255607604980469 2799
1784393625092 9.45417594909668 2800
1784393625094 9.969667434692383 2801
1784393625096 11.790693283081055 2802
1784393625097 10.128026962280273 2803
1784393625099 9.930148124694824 2804
1784393625101 12.753488540649414 2805
1784393625102 11.32990550994873 2806
1784393625104 10.010052680969238 2807
1784393625106 10.415029525756836 2808
1784393625108 12.921609878540039 2809
1784393625110 11.429580688476562 2810
1784393625112 12.417118072509766 2811
1784393625113 13.888729095458984 2812
1784393625115 11.392562866210938 2813
1784393625117 12.56065559387207 2814
1784393625119 10.728103637695312 2815
1784393625120 13.20387077331543 2816
1784393625122 14.44107437133789 2817
1784393625124 9.148480415344238 2818
1784393625125 11.64309310913086 2819
1784393625127 11.078371047973633 2820
1784393625129 9.853397369384766 2821
1784393625131 12.762469291687012 2822
1784393625132 9.51998233795166 2823
1784393625134 11.045449256896973 2824
1784393625136 11.969520568847656 2825
1784393625138 14.811134338378906 2826
1784393625140 11.814364433288574 2827
1784393625142 14.124075889587402 2828
1784393625144 14.531495094299316 2829
1784393625145 15.513496398925781 2830
1784393625147 11.299302101135254 2831
1784393625149 14.507068634033203 2832
1784393625151 15.960708618164062 2833
1784393625153 13.015172004699707 2834
1784393625155 16.42921257019043 2835
1784393625156 15.36295223236084 2836
1784393625158 15.52695083618164 2837
1784393625160 17.474349975585938 2838
1784393625162 17.209854125976562 2839
1784393625164 18.372880935668945 2840
1784393625166 14.395086288452148 2841
1784393625167 21.44980239868164 2842
1784393625169 20.471128463745117 2843
1784393625170 14.721368789672852 2844
1784393625172 21.445772171020508 2845
1784393625174 18.25699234008789 2846
1784393625176 15.993048667907715 2847
1784393625177 16.940631866455078 2848
1784393625179 16.813161849975586 2849
1784393625181 15.105061531066895 2850
1784393625182 16.536712646484375 2851
1784393625184 17.949542999267578 2852
1784393625186 13.52530288696289 2853
1784393625188 15.336709976196289 2854
1784393625189 15.048833847045898 2855
1784393625191 14.289804458618164 2856
1784393625193 14.043649673461914 2857
1784393625195 14.769885063171387 2858
1784393625196 13.455780029296875 2859
1784393625198 12.503979682922363 2860
1784393625200 16.130630493164062 2861
1784393625201 15.356684684753418 2862
1784393625203 11.967096328735352 2863
1784393625205 13.266778945922852 2864
1784393625207 9.70819091796875 2865
1784393625209 12.133482933044434 2866
1784393625210 10.884115219116211 2867
1784393625212 11.612527847290039 2868
1784393625214 10.585631370544434 2869
1784393625216 10.608144760131836 2870
1784393625217 11.941996574401855 2871
1784393625219 11.4597806930542 2872
1784393625221 12.620075225830078 2873
1784393625223 10.816879272460938 2874
1784393625225 11.368099212646484 2875
1784393625227 11.087545394897461 2876
1784393625229 11.329965591430664 2877
1784393625231 11.142799377441406 2878
1784393625233 10.829122543334961 2879
1784393625235 13.854290008544922 2880
1784393625236 13.447651863098145 2881
1784393625241 10.853296279907227 2882
1784393625243 12.639373779296875 2883
1784393625245 9.358165740966797 2884
1784393625247 12.182711601257324 2885
1784393625248 12.547524452209473 2886
1784393625250 9.43181037902832 2887
1784393625252 11.789626121520996 2888
1784393625254 11.447610855102539 2889
1784393625255 9.455984115600586 2890
1784393625257 11.7269926071167 2891
1784393625259 12.448062896728516 2892
1784393625260 12.310065269470215 2893
1784393625262 10.912603378295898 2894
1784393625264 10.764799118041992 2895
1784393625266 10.807324409484863 2896
1784393625267 11.897754669189453 2897
1784393625269 9.864221572875977 2898
1784393625271 10.651185989379883 2899
1784393625272 11.266023635864258 2900
1784393625274 9.283321380615234 2901
1784393625276 10.910419464111328 2902
1784393625277 9.507475852966309 2903
1784393625279 13.020191192626953 2904
1784393625281 9.115959167480469 2905
1784393625283 10.4742431640625 2906
1784393625284 11.31500244140625 2907
1784393625286 8.931203842163086 2908
1784393625288 11.690489768981934 2909
1784393625290 11.605558395385742 2910
1784393625292 10.132767677307129 2911
1784393625294 10.417778968811035 2912
1784393625295 9.470779418945312 2913
1784393625297 10.456836700439453 2914
1784393625299 9.184730529785156 2915
1784393625301 8.667329788208008 2916
1784393625303 9.302412986755371 2917
1784393625304 8.115554809570312 2918
1784393625307 8.891915321350098 2919
1784393625309 8.63480281829834 2920
1784393625311 7.685164451599121 2921
1784393625313 7.912411689758301 2922
1784393625315 7.976914405822754 2923
1784393625317 8.817527770996094 2924
1784393625319 9.863386154174805 2925
1784393625321 10.684335708618164 2926
1784393625322 8.492361068725586 2927
1784393625324 10.064299583435059 2928
1784393625326 10.28625774383545 2929
1784393625328 9.462059020996094 2930
1784393625330 11.16710090637207 2931
1784393625332 13.753522872924805 2932
1784393625333 10.832582473754883 2933
1784393625335 13.432711601257324 2934
1784393625337 14.200664520263672 2935
1784393625339 10.94805908203125 2936
1784393625341 16.39093780517578 2937
1784393625343 14.970218658447266 2938
1784393625345 13.495254516601562 2939
1784393625347 12.439244270324707 2940
1784393625349 12.568955421447754 2941
1784393625351 10.215618133544922 2942
1784393625353 14.41700553894043 2943
1784393625355 14.53995132446289 2944
1784393625357 9.968984603881836 2945
1784393625359 14.81815242767334 2946
1784393625361 14.62735366821289 2947
1784393625363 13.405027389526367 2948
1784393625365 12.95026969909668 2949
1784393625367 15.94559097290039 2950
1784393625369 11.80921459197998 2951
1784393625371 12.861551284790039 2952
1784393625373 15.655274391174316 2953
1784393625374 11.925546646118164 2954
1784393625376 12.746108055114746 2955
1784393625378 12.68239974975586 2956
1784393625380 14.623075485229492 2957
1784393625381 15.4796142578125 2958
1784393625383 10.045116424560547 2959
1784393625385 13.253591537475586 2960
1784393625387 12.915898323059082 2961
1784393625389 11.84131145477295 2962
1784393625391 12.774545669555664 2963
1784393625392 10.851789474487305 2964
1784393625394 13.01314640045166 2965
1784393625396 10.976447105407715 2966
1784393625398 12.108270645141602 2967
1784393625399 11.678045272827148 2968
1784393625401 9.762267112731934 2969
1784393625403 12.909132957458496 2970
1784393625405 10.686590194702148 2971
1784393625407 10.018861770629883 2972
1784393625409 11.597679138183594 2973
1784393625411 10.25159740447998 2974
1784393625413 10.408865928649902 2975
1784393625415 10.525301933288574 2976
1784393625416 10.513567924499512 2977
1784393625418 10.561792373657227 2978
1784393625420 10.475137710571289 2979
1784393625422 10.32703971862793 2980
1784393625424 9.38279914855957 2981
1784393625426 9.846237182617188 2982
1784393625428 9.001632690429688 2983
1784393625430 9.483121871948242 2984
1784393625431 8.967720031738281 2985
1784393625433 9.792888641357422 2986
1784393625435 9.880056381225586 2987
1784393625436 10.416263580322266 2988
1784393625438 9.265846252441406 2989
1784393625440 9.539995193481445 2990
1784393625442 10.260918617248535 2991
1784393625444 11.92785358428955 2992
1784393625446 12.090692520141602 2993
1784393625448 12.099817276000977 2994
1784393625450 13.382407188415527 2995
1784393625452 13.302549362182617 2996
1784393625454 12.428068161010742 2997
1784393625456 10.733274459838867 2998
1784393625458 11.93831729888916 2999
1784393625460 14.323250770568848 3000
1784393625462 9.36382007598877 3001
1784393625464 17.406370162963867 3002
1784393625466 13.878182411193848 3003
1784393625468 12.321125030517578 3004
1784393625470 13.634900093078613 3005
1784393625472 14.624611854553223 3006
1784393625474 14.728985786437988 3007
1784393625476 15.421932220458984 3008
1784393625478 14.554269790649414 3009
1784393625479 13.257031440734863 3010
1784393625482 13.84557819366455 3011
1784393625483 13.487202644348145 3012
1784393625485 13.927421569824219 3013
1784393625487 12.744182586669922 3014
1784393625489 14.013538360595703 3015
1784393625491 14.253170013427734 3016
1784393625493 12.484533309936523 3017
1784393625495 13.995340347290039 3018
1784393625497 12.436759948730469 3019
1784393625499 12.427074432373047 3020
1784393625500 11.01059627532959 3021
1784393625502 10.542654991149902 3022
1784393625504 11.484630584716797 3023
1784393625506 11.42666244506836 3024
1784393625508 9.998564720153809 3025
1784393625509 8.369606971740723 3026
1784393625512 10.134942054748535 3027
1784393625513 7.972992420196533 3028
1784393625515 7.7284111976623535 3029
1784393625517 6.730362892150879 3030
1784393625519 7.537347316741943 3031
1784393625521 7.772791862487793 3032
1784393625522 8.650101661682129 3033
1784393625524 7.674300193786621 3034
1784393625526 8.0543851852417 3035
1784393625528 10.375435829162598 3036
1784393625530 7.926985740661621 3037
1784393625531 8.017738342285156 3038
1784393625533 8.218957901000977 3039
1784393625535 9.352171897888184 3040
1784393625537 8.919944763183594 3041
1784393625538 9.712343215942383 3042
1784393625540 9.461328506469727 3043
1784393625542 9.61773681640625 3044
1784393625544 9.346046447753906 3045
1784393625545 9.27701187133789 3046
1784393625548 10.109139442443848 3047
1784393625550 10.193916320800781 3048
1784393625551 11.11563777923584 3049
1784393625553 10.474698066711426 3050
1784393625555 10.698335647583008 3051
1784393625557 10.66880989074707 3052
1784393625559 10.900788307189941 3053
1784393625561 10.34557056427002 3054
1784393625563 11.055559158325195 3055
1784393625564 8.649858474731445 3056
1784393625567 10.737781524658203 3057
1784393625568 12.50978946685791 3058
1784393625570 10.240072250366211 3059
1784393625572 14.680900573730469 3060
1784393625574 11.718412399291992 3061
1784393625576 13.16472339630127 3062
1784393625578 15.468114852905273 3063
1784393625580 9.89381217956543 3064
1784393625582 13.299766540527344 3065
1784393625584 11.007514953613281 3066
1784393625586 12.096527099609375 3067
1784393625587 12.950157165527344 3068
1784393625589 16.37603187561035 3069
1784393625591 14.993621826171875 3070
1784393625593 13.078856468200684 3071
1784393625595 14.652054786682129 3072
1784393625597 13.424530029296875 3073
1784393625599 12.862276077270508 3074
1784393625601 14.390420913696289 3075
1784393625604 11.393450736999512 3076
1784393625606 13.292851448059082 3077
1784393625608 15.782423973083496 3078
1784393625610 8.42199420928955 3079
1784393625611 14.092105865478516 3080
1784393625613 10.016340255737305 3081
1784393625615 12.201272010803223 3082
1784393625617 11.86376953125 3083
1784393625619 9.542913436889648 3084
1784393625620 12.441506385803223 3085
1784393625622 11.431577682495117 3086
1784393625624 10.800787925720215 3087
1784393625626 11.124159812927246 3088
1784393625628 9.400429725646973 3089
1784393625630 12.809380531311035 3090
1784393625632 12.852354049682617 3091
1784393625634 12.819917678833008 3092
1784393625636 14.955936431884766 3093
1784393625637 14.224140167236328 3094
1784393625640 13.141297340393066 3095
1784393625641 16.12736701965332 3096
1784393625643 14.015247344970703 3097
1784393625645 13.579774856567383 3098
1784393625647 15.236326217651367 3099
1784393625648 13.26176643371582 3100
1784393625650 13.246105194091797 3101
1784393625653 12.212794303894043 3102
1784393625654 12.761066436767578 3103
1784393625656 12.33345890045166 3104
1784393625658 15.425765991210938 3105
1784393625660 13.452592849731445 3106
1784393625661 11.376862525939941 3107
1784393625663 15.591031074523926 3108
1784393625665 11.750484466552734 3109
1784393625667 18.928695678710938 3110
1784393625668 17.836870193481445 3111
1784393625670 11.825387954711914 3112
1784393625672 19.208030700683594 3113
1784393625674 13.629704475402832 3114
1784393625676 14.71583366394043 3115
1784393625677 14.199536323547363 3116
1784393625679 16.7407283782959 3117
1784393625682 12.920650482177734 3118
1784393625684 11.435786247253418 3119
1784393625685 15.681116104125977 3120
1784393625687 10.86847972869873 3121
1784393625689 12.511419296264648 3122
1784393625691 13.471883773803711 3123
1784393625692 10.344388961791992 3124
1784393625694 12.491830825805664 3125
1784393625696 11.640059471130371 3126
1784393625698 10.659231185913086 3127
1784393625700 13.360856056213379 3128
1784393625702 11.461395263671875 3129
1784393625703 9.597851753234863 3130
1784393625705 13.594086647033691 3131
1784393625707 13.800928115844727 3132
1784393625709 13.504319190979004 3133
1784393625711 10.508377075195312 3134
1784393625713 12.365886688232422 3135
1784393625715 10.528135299682617 3136
1784393625717 11.143035888671875 3137
1784393625719 11.774618148803711 3138
1784393625721 9.228046417236328 3139
1784393625722 11.647954940795898 3140
1784393625724 11.408132553100586 3141
1784393625726 11.025020599365234 3142
1784393625728 10.167097091674805 3143
1784393625730 11.599939346313477 3144
1784393625732 9.650603294372559 3145
1784393625733 11.102999687194824 3146
1784393625735 9.560012817382812 3147
1784393625737 13.034947395324707 3148
1784393625738 11.377761840820312 3149
1784393625740 10.385919570922852 3150
1784393625742 11.950202941894531 3151
1784393625744 10.196812629699707 3152
1784393625745 14.139647483825684 3153
1784393625747 11.13770866394043 3154
1784393625749 11.1981782913208 3155
1784393625751 13.894491195678711 3156
1784393625752 10.693859100341797 3157
1784393625754 12.24528980255127 3158
1784393625756 10.223993301391602 3159
1784393625758 12.448914527893066 3160
1784393625759 11.763898849487305 3161
1784393625761 9.72775650024414 3162
1784393625763 9.6360502243042 3163
1784393625764 7.925299644470215 3164
1784393625766 9.662930488586426 3165
1784393625768 9.036641120910645 3166
1784393625770 8.759065628051758 3167
1784393625772 9.24652099609375 3168
1784393625774 8.994770050048828 3169
1784393625776 9.148208618164062 3170
1784393625777 8.756186485290527 3171
1784393625779 10.571626663208008 3172
1784393625781 7.882918834686279 3173
1784393625783 9.835755348205566 3174
1784393625785 10.386868476867676 3175
1784393625787 8.598759651184082 3176
1784393625789 10.003737449645996 3177
1784393625791 10.390729904174805 3178
1784393625793 11.281112670898438 3179
1784393625795 9.992256164550781 3180
1784393625797 11.824392318725586 3181
1784393625799 11.292144775390625 3182
1784393625801 10.93635368347168 3183
1784393625803 8.813785552978516 3184
1784393625805 10.643487930297852 3185
1784393625807 8.708626747131348 3186
1784393625809 9.911335945129395 3187
1784393625811 10.054943084716797 3188
1784393625812 10.921101570129395 3189
1784393625814 9.469525337219238 3190
1784393625816 12.712286949157715 3191
1784393625818 11.740238189697266 3192
1784393625819 10.017378807067871 3193
1784393625821 12.838359832763672 3194
1784393625823 9.736968994140625 3195
1784393625825 11.382169723510742 3196
1784393625827 11.218993186950684 3197
1784393625829 11.37890625 3198
1784393625830 13.048990249633789 3199
1784393625832 10.702001571655273 3200
1784393625834 9.77042293548584 3201
1784393625836 10.664752960205078 3202
1784393625837 12.7715482711792 3203
1784393625839 9.62278938293457 3204
1784393625841 12.144546508789062 3205
1784393625842 13.495462417602539 3206
1784393625844 10.225048065185547 3207
1784393625846 12.342026710510254 3208
1784393625848 11.153182029724121 3209
1784393625849 10.984749794006348 3210
1784393625852 13.2503662109375 3211
1784393625853 10.022971153259277 3212
1784393625855 10.600471496582031 3213
1784393625857 11.743319511413574 3214
1784393625859 8.741453170776367 3215
1784393625861 11.083185195922852 3216
1784393625863 10.326645851135254 3217
1784393625865 10.146592140197754 3218
1784393625867 9.676444053649902 3219
1784393625869 13.328027725219727 3220
1784393625871 11.307500839233398 3221
1784393625872 11.805476188659668 3222
1784393625874 12.974309921264648 3223
1784393625876 11.663530349731445 3224
1784393625878 11.620716094970703 3225
1784393625880 15.992866516113281 3226
1784393625881 11.45973014831543 3227
1784393625883 9.194239616394043 3228
1784393625885 14.66516399383545 3229
1784393625887 10.596330642700195 3230
1784393625889 14.39089298248291 3231
1784393625891 14.172500610351562 3232
1784393625892 11.293739318847656 3233
1784393625894 11.423707008361816 3234
1784393625896 12.041136741638184 3235
1784393625897 11.277750968933105 3236
1784393625899 13.088685035705566 3237
1784393625901 9.983384132385254 3238
1784393625903 13.237771034240723 3239
1784393625905 11.92579460144043 3240
1784393625907 9.812398910522461 3241
1784393625908 11.401569366455078 3242
1784393625910 10.184125900268555 3243
1784393625912 13.106805801391602 3244
1784393625913 10.235245704650879 3245
1784393625915 13.745393753051758 3246
1784393625917 12.181500434875488 3247
1784393625919 10.815851211547852 3248
1784393625920 12.959527969360352 3249
1784393625922 12.47631549835205 3250
1784393625924 10.882682800292969 3251
1784393625926 12.934858322143555 3252
1784393625927 9.178689002990723 3253
1784393625929 12.490335464477539 3254
1784393625931 13.064603805541992 3255
1784393625933 7.558144569396973 3256
1784393625935 14.612399101257324 3257
1784393625937 12.015750885009766 3258
1784393625938 8.773554801940918 3259
1784393625940 11.946037292480469 3260
1784393625942 11.59396743774414 3261
1784393625944 10.360548973083496 3262
1784393625946 10.146366119384766 3263
1784393625947 8.601162910461426 3264
1784393625949 9.131813049316406 3265
1784393625951 9.9955415725708 3266
1784393625953 10.025908470153809 3267
1784393625954 12.47217845916748 3268
1784393625956 12.368034362792969 3269
1784393625958 12.400026321411133 3270
1784393625959 12.853522300720215 3271
1784393625961 11.407331466674805 3272
1784393625963 12.349671363830566 3273
1784393625966 9.674448013305664 3274
1784393625968 10.621136665344238 3275
1784393625970 10.735727310180664 3276
1784393625972 14.123472213745117 3277
1784393625974 12.171302795410156 3278
1784393625976 12.452957153320312 3279
1784393625978 14.27658748626709 3280
1784393625980 12.486416816711426 3281
1784393625982 12.188514709472656 3282
1784393625984 11.934484481811523 3283
1784393625986 13.68789005279541 3284
1784393625988 12.916881561279297 3285
1784393625989 12.927483558654785 3286
1784393625992 10.895061492919922 3287
1784393625994 12.07621955871582 3288
1784393625996 10.216073036193848 3289
1784393625998 10.725598335266113 3290
1784393626000 10.954109191894531 3291
1784393626001 9.550605773925781 3292
1784393626004 9.212719917297363 3293
1784393626005 9.83700180053711 3294
1784393626007 9.278337478637695 3295
1784393626009 9.454025268554688 3296
1784393626011 9.646446228027344 3297
1784393626012 9.531580924987793 3298
1784393626014 9.97692584991455 3299
1784393626016 9.268365859985352 3300
1784393626018 9.951384544372559 3301
1784393626019 10.491144180297852 3302
1784393626021 7.669687271118164 3303
1784393626023 11.548961639404297 3304
1784393626025 8.987578392028809 3305
1784393626026 9.678522109985352 3306
1784393626028 10.53398609161377 3307
1784393626030 10.213176727294922 3308
1784393626032 11.485498428344727 3309
1784393626034 14.791431427001953 3310
1784393626035 11.68725872039795 3311
1784393626037 15.207223892211914 3312
1784393626039 10.502387046813965 3313
1784393626040 11.332474708557129 3314
1784393626042 13.530516624450684 3315
1784393626044 8.865961074829102 3316
1784393626046 12.257871627807617 3317
1784393626047 10.538501739501953 3318
1784393626049 11.059059143066406 3319
1784393626051 11.94359016418457 3320
1784393626053 11.567258834838867 3321
1784393626054 10.917859077453613 3322
1784393626056 11.469345092773438 3323
1784393626058 11.478328704833984 3324
1784393626059 12.155405044555664 3325
1784393626061 11.017929077148438 3326
1784393626063 11.803210258483887 3327
1784393626065 12.052367210388184 3328
1784393626067 14.648924827575684 3329
1784393626069 14.024404525756836 3330
1784393626071 11.942824363708496 3331
1784393626073 16.4589900970459 3332
1784393626074 14.947127342224121 3333
1784393626076 11.203678131103516 3334
1784393626078 15.026593208312988 3335
1784393626079 14.332474708557129 3336
1784393626081 10.96986198425293 3337
1784393626082 14.485225677490234 3338
1784393626084 14.909975051879883 3339
1784393626085 8.960760116577148 3340
1784393626087 15.56757926940918 3341
1784393626089 12.546276092529297 3342
1784393626090 11.6513032913208 3343
1784393626092 16.49416732788086 3344
1784393626094 11.626187324523926 3345
1784393626096 16.433683395385742 3346
1784393626097 13.303646087646484 3347
1784393626099 14.959016799926758 3348
1784393626101 13.353580474853516 3349
1784393626103 11.858234405517578 3350
1784393626104 13.96890640258789 3351
1784393626106 12.945812225341797 3352
1784393626108 13.677461624145508 3353
1784393626110 9.946674346923828 3354
1784393626111 13.005845069885254 3355
1784393626113 10.27907943725586 3356
1784393626115 11.083948135375977 3357
1784393626116 9.782861709594727 3358
1784393626118 14.6121826171875 3359
1784393626120 11.160350799560547 3360
1784393626121 16.727941513061523 3361
1784393626123 11.453319549560547 3362
1784393626125 13.634488105773926 3363
1784393626127 13.415664672851562 3364
1784393626129 9.488866806030273 3365
1784393626131 14.936753273010254 3366
1784393626133 10.79435920715332 3367
1784393626134 12.903129577636719 3368
1784393626136 11.542625427246094 3369
1784393626138 14.196029663085938 3370
1784393626139 9.39944076538086 3371
1784393626141 8.960367202758789 3372
1784393626143 10.330750465393066 3373
1784393626145 9.741128921508789 3374
1784393626146 9.041271209716797 3375
1784393626148 11.044602394104004 3376
1784393626150 9.273968696594238 3377
1784393626151 9.867985725402832 3378
1784393626153 10.396873474121094 3379
1784393626155 10.350136756896973 3380
1784393626157 8.712501525878906 3381
1784393626158 12.05466365814209 3382
1784393626160 9.830703735351562 3383
1784393626162 9.61120319366455 3384
1784393626164 10.952346801757812 3385
1784393626166 7.586134910583496 3386
1784393626168 11.644573211669922 3387
1784393626170 11.141528129577637 3388
1784393626172 9.82541275024414 3389
1784393626174 10.033720970153809 3390
1784393626176 9.177990913391113 3391
1784393626177 10.302274703979492 3392
1784393626179 9.31641674041748 3393
1784393626181 8.00797176361084 3394
1784393626183 10.648336410522461 3395
1784393626185 8.555597305297852 3396
1784393626187 11.992410659790039 3397
1784393626189 10.711301803588867 3398
1784393626191 10.660990715026855 3399
1784393626192 11.255245208740234 3400
1784393626194 10.90786075592041 3401
1784393626196 13.415472030639648 3402
1784393626198 12.36044979095459 3403
1784393626200 12.11815357208252 3404
1784393626202 12.205316543579102 3405
1784393626204 14.17582893371582 3406
1784393626206 12.938377380371094 3407
1784393626208 10.77292251586914 3408
1784393626210 13.646193504333496 3409
1784393626212 10.544917106628418 3410
1784393626214 12.849804878234863 3411
1784393626216 15.408295631408691 3412
1784393626217 11.948121070861816 3413
1784393626219 11.393905639648438 3414
1784393626221 14.138383865356445 3415
1784393626223 14.647793769836426 3416
1784393626224 11.504384994506836 3417
1784393626226 14.573460578918457 3418
1784393626228 12.935975074768066 3419
1784393626230 11.197063446044922 3420
1784393626231 12.618315696716309 3421
1784393626233 9.10181713104248 3422
1784393626235 12.736191749572754 3423
1784393626237 11.372179985046387 3424
1784393626238 8.745569229125977 3425
1784393626240 10.32593822479248 3426
1784393626242 11.100927352905273 3427
1784393626244 11.322123527526855 3428
1784393626247 12.346017837524414 3429
1784393626248 8.848281860351562 3430
1784393626250 11.207965850830078 3431
1784393626252 10.227746963500977 3432
1784393626254 9.448526382446289 3433
1784393626256 11.871347427368164 3434
1784393626257 13.449014663696289 3435
1784393626259 9.919097900390625 3436
1784393626261 9.376829147338867 3437
1784393626263 10.613725662231445 3438
1784393626265 10.388525009155273 3439
1784393626267 11.061427116394043 3440
1784393626269 10.845746040344238 3441
1784393626271 13.355332374572754 3442
1784393626273 10.28579330444336 3443
1784393626275 11.752897262573242 3444
1784393626277 13.702194213867188 3445
1784393626279 7.484260559082031 3446
1784393626280 13.060370445251465 3447
1784393626282 11.540982246398926 3448
1784393626284 8.980888366699219 3449
1784393626286 13.13570785522461 3450
1784393626288 8.756876945495605 3451
1784393626290 10.598047256469727 3452
1784393626292 10.105917930603027 3453
1784393626294 9.545300483703613 3454
1784393626296 10.230330467224121 3455
1784393626298 9.937225341796875 3456
1784393626299 10.624981880187988 3457
1784393626302 9.985828399658203 3458
1784393626304 10.314973831176758 3459
1784393626305 9.344300270080566 3460
1784393626307 7.966677188873291 3461
1784393626309 8.985469818115234 3462
1784393626311 7.624022006988525 3463
1784393626313 9.05113697052002 3464
1784393626314 9.574700355529785 3465
1784393626316 8.389684677124023 3466
1784393626318 10.475062370300293 3467
1784393626319 10.76272201538086 3468
1784393626321 11.296968460083008 3469
1784393626322 10.997678756713867 3470
1784393626324 11.097381591796875 3471
1784393626326 11.139373779296875 3472
1784393626328 9.675307273864746 3473
1784393626329 12.331589698791504 3474
1784393626332 8.482797622680664 3475
1784393626333 11.95287036895752 3476
1784393626335 11.324129104614258 3477
1784393626337 11.600788116455078 3478
1784393626338 14.443572998046875 3479
1784393626340 12.162814140319824 3480
1784393626341 15.62154769897461 3481
1784393626343 11.978967666625977 3482
1784393626345 15.560229301452637 3483
1784393626347 12.903736114501953 3484
1784393626348 12.508463859558105 3485
1784393626350 14.593310356140137 3486
1784393626352 10.315301895141602 3487
1784393626353 15.27190113067627 3488
1784393626355 12.178556442260742 3489
1784393626357 12.275278091430664 3490
1784393626359 16.078662872314453 3491
1784393626360 12.209662437438965 3492
1784393626362 11.293493270874023 3493
1784393626364 13.533711433410645 3494
1784393626366 13.870203018188477 3495
1784393626368 11.512361526489258 3496
1784393626370 13.721247673034668 3497
1784393626372 11.336699485778809 3498
1784393626374 11.89905834197998 3499
1784393626376 13.563787460327148 3500
1784393626378 11.19534969329834 3501
1784393626380 11.205543518066406 3502
1784393626381 9.478751182556152 3503
1784393626383 9.557881355285645 3504
1784393626385 9.637309074401855 3505
1784393626387 9.229867935180664 3506
1784393626389 9.017265319824219 3507
1784393626391 8.598350524902344 3508
1784393626393 8.98787784576416 3509
1784393626394 9.05400562286377 3510
1784393626396 8.535904884338379 3511
1784393626398 10.067363739013672 3512
1784393626400 10.589594841003418 3513
1784393626401 9.676823616027832 3514
1784393626403 12.095087051391602 3515
1784393626405 13.854294776916504 3516
1784393626407 11.382798194885254 3517
1784393626409 11.117461204528809 3518
1784393626411 10.160332679748535 3519
1784393626412 10.718027114868164 3520
1784393626414 11.56199836730957 3521
1784393626416 9.622906684875488 3522
1784393626418 10.767786026000977 3523
1784393626419 11.347981452941895 3524
1784393626421 12.715206146240234 3525
1784393626423 12.426021575927734 3526
1784393626425 10.850783348083496 3527
1784393626426 13.098332405090332 3528
1784393626429 13.385051727294922 3529
1784393626431 9.627374649047852 3530
1784393626432 12.533672332763672 3531
1784393626434 11.027871131896973 3532
1784393626436 11.143082618713379 3533
1784393626438 9.903629302978516 3534
1784393626441 10.000785827636719 3535
1784393626443 9.344918251037598 3536
1784393626444 9.222524642944336 3537
1784393626447 8.693275451660156 3538
1784393626448 9.176691055297852 3539
1784393626450 7.63925838470459 3540
1784393626452 9.081883430480957 3541
1784393626454 8.173606872558594 3542
1784393626456 10.369394302368164 3543
1784393626458 7.2011637687683105 3544
1784393626460 10.397956848144531 3545
1784393626462 7.873271465301514 3546
1784393626464 9.549888610839844 3547
1784393626467 9.07751178741455 3548
1784393626469 9.490982055664062 3549
1784393626472 11.071852684020996 3550
1784393626474 10.34952449798584 3551
1784393626476 12.170083999633789 3552
1784393626478 9.352923393249512 3553
1784393626481 10.728062629699707 3554
1784393626483 10.223003387451172 3555
1784393626485 11.61275577545166 3556
1784393626487 9.039901733398438 3557
1784393626489 11.890700340270996 3558
1784393626491 9.862837791442871 3559
1784393626493 10.574973106384277 3560
1784393626495 12.191753387451172 3561
1784393626497 10.299772262573242 3562
1784393626498 11.677703857421875 3563
1784393626500 11.626773834228516 3564
1784393626502 9.151131629943848 3565
1784393626504 12.080480575561523 3566
1784393626506 9.489310264587402 3567
1784393626508 11.992024421691895 3568
1784393626510 10.707878112792969 3569
1784393626512 10.87736701965332 3570
1784393626514 10.727376937866211 3571
1784393626516 10.533623695373535 3572
1784393626518 10.394819259643555 3573
1784393626520 11.376811027526855 3574
1784393626521 11.651582717895508 3575
1784393626523 11.806008338928223 3576
1784393626525 9.365999221801758 3577
1784393626527 14.045228004455566 3578
1784393626529 11.208698272705078 3579
1784393626531 13.228175163269043 3580
1784393626533 10.833643913269043 3581
1784393626535 11.998764038085938 3582
1784393626537 11.812023162841797 3583
1784393626539 9.234323501586914 3584
1784393626540 11.50772762298584 3585
1784393626542 8.967227935791016 3586
1784393626544 10.3307523727417 3587
1784393626546 10.562450408935547 3588
1784393626547 10.882287979125977 3589
1784393626549 12.480685234069824 3590
1784393626551 11.829675674438477 3591
1784393626553 11.481074333190918 3592
1784393626554 11.222232818603516 3593
1784393626556 11.800070762634277 3594
1784393626558 12.458861351013184 3595
1784393626560 11.874500274658203 3596
1784393626562 10.159634590148926 3597
1784393626564 12.184330940246582 3598
1784393626566 11.207225799560547 3599
1784393626568 10.709929466247559 3600
1784393626570 10.138029098510742 3601
1784393626571 10.161994934082031 3602
1784393626573 9.359996795654297 3603
1784393626575 9.346220016479492 3604
1784393626576 8.468733787536621 3605
1784393626578 9.43780517578125 3606
1784393626579 10.156435012817383 3607
1784393626581 8.9734468460083 3608
1784393626583 10.000247955322266 3609
1784393626584 8.772405624389648 3610
1784393626586 11.178001403808594 3611
1784393626588 10.838809967041016 3612
1784393626590 10.907702445983887 3613
1784393626592 12.639714241027832 3614
1784393626593 11.081636428833008 3615
1784393626595 11.527114868164062 3616
1784393626597 11.012984275817871 3617
1784393626599 12.313555717468262 3618
1784393626600 11.232441902160645 3619
1784393626602 12.419734954833984 3620
1784393626604 8.745979309082031 3621
1784393626606 10.74796199798584 3622
1784393626607 9.276123046875 3623
1784393626609 10.806866645812988 3624
1784393626611 8.657524108886719 3625
1784393626613 10.473236083984375 3626
1784393626615 11.033227920532227 3627
1784393626617 8.285255432128906 3628
1784393626619 11.629416465759277 3629
1784393626621 9.777921676635742 3630
1784393626623 12.537944793701172 3631
1784393626624 12.987314224243164 3632
1784393626626 12.957093238830566 3633
1784393626628 14.192228317260742 3634
1784393626630 9.2855863571167 3635
1784393626632 15.113040924072266 3636
1784393626634 12.613718032836914 3637
1784393626636 10.755559921264648 3638
1784393626638 15.395182609558105 3639
1784393626639 11.835830688476562 3640
1784393626648 12.899138450622559 3641
1784393626650 14.40389633178711 3642
1784393626653 13.379377365112305 3643
1784393626655 14.517454147338867 3644
1784393626656 12.289825439453125 3645
1784393626658 12.201542854309082 3646
1784393626660 13.162986755371094 3647
1784393626662 12.081428527832031 3648
1784393626664 10.79157829284668 3649
1784393626666 12.486867904663086 3650
1784393626668 11.76649284362793 3651
1784393626670 11.423911094665527 3652
1784393626672 11.067010879516602 3653
1784393626673 12.4906644821167 3654
1784393626675 13.256840705871582 3655
1784393626677 12.795781135559082 3656
1784393626678 13.61230754852295 3657
1784393626680 12.835880279541016 3658
1784393626682 12.106446266174316 3659
1784393626684 13.263216972351074 3660
1784393626686 9.657831192016602 3661
1784393626688 10.49899673461914 3662
1784393626690 11.298662185668945 3663
1784393626691 9.925487518310547 3664
1784393626693 11.441324234008789 3665
1784393626695 8.331586837768555 3666
1784393626697 8.907099723815918 3667
1784393626698 9.62051010131836 3668
1784393626700 10.846014022827148 3669
1784393626702 12.510612487792969 3670
1784393626704 10.527273178100586 3671
1784393626706 12.113445281982422 3672
1784393626708 13.492728233337402 3673
1784393626710 9.74271011352539 3674
1784393626711 15.814053535461426 3675
1784393626713 13.424793243408203 3676
1784393626715 9.994255065917969 3677
1784393626717 11.802356719970703 3678
1784393626719 10.154905319213867 3679
1784393626721 9.3223876953125 3680
1784393626723 9.989458084106445 3681
1784393626724 9.971084594726562 3682
1784393626727 9.298954010009766 3683
1784393626728 10.802640914916992 3684
1784393626730 10.813645362854004 3685
1784393626732 10.887809753417969 3686
1784393626734 12.064577102661133 3687
1784393626736 11.560546875 3688
1784393626738 10.982417106628418 3689
1784393626740 12.260066032409668 3690
1784393626742 12.246434211730957 3691
1784393626744 10.82724380493164 3692
1784393626746 11.002297401428223 3693
1784393626748 9.153529167175293 3694
1784393626750 11.17570972442627 3695
1784393626752 11.801254272460938 3696
1784393626754 10.55577278137207 3697
1784393626756 11.676915168762207 3698
1784393626758 13.553853988647461 3699
1784393626759 9.413178443908691 3700
1784393626762 10.929302215576172 3701
1784393626764 12.638388633728027 3702
1784393626765 11.788057327270508 3703
1784393626767 13.453402519226074 3704
1784393626769 12.044218063354492 3705
1784393626771 13.44339370727539 3706
1784393626772 11.830650329589844 3707
1784393626775 12.487078666687012 3708
1784393626776 11.101961135864258 3709
1784393626778 13.59593677520752 3710
1784393626780 10.216145515441895 3711
1784393626782 13.477679252624512 3712
1784393626784 13.469675064086914 3713
1784393626786 11.40353012084961 3714
1784393626788 15.116785049438477 3715
1784393626789 12.532899856567383 3716
1784393626791 13.918879508972168 3717
1784393626793 11.175941467285156 3718
1784393626795 14.705581665039062 3719
1784393626796 11.08751106262207 3720
1784393626798 13.988607406616211 3721
1784393626800 13.764652252197266 3722
1784393626802 12.837031364440918 3723
1784393626804 14.023249626159668 3724
1784393626806 13.509889602661133 3725
1784393626807 10.991219520568848 3726
1784393626809 12.285924911499023 3727
1784393626811 14.307696342468262 3728
1784393626813 12.886453628540039 3729
1784393626815 12.115328788757324 3730
1784393626817 10.346001625061035 3731
1784393626818 13.33268928527832 3732
1784393626820 14.024751663208008 3733
1784393626823 11.384137153625488 3734
1784393626824 13.895547866821289 3735
1784393626826 15.67126750946045 3736
1784393626828 14.247801780700684 3737
1784393626830 13.624349594116211 3738
1784393626832 16.916383743286133 3739
1784393626834 15.308112144470215 3740
1784393626836 13.821005821228027 3741
1784393626838 16.468036651611328 3742
1784393626840 12.147407531738281 3743
1784393626842 15.47690486907959 3744
1784393626844 15.974003791809082 3745
1784393626847 12.860729217529297 3746
1784393626848 13.299080848693848 3747
1784393626850 15.200241088867188 3748
1784393626853 11.576558113098145 3749
1784393627017 13.111671447753906 3750
1784393627019 14.082857131958008 3751
1784393627020 11.069671630859375 3752
1784393627022 13.708625793457031 3753
1784393627024 14.099483489990234 3754
1784393627026 13.180767059326172 3755
1784393627028 11.663156509399414 3756
1784393627030 13.38371753692627 3757
1784393627031 11.38960075378418 3758
1784393627033 10.896050453186035 3759
1784393627035 11.956351280212402 3760
1784393627036 10.554027557373047 3761
1784393627038 11.69739818572998 3762
1784393627040 10.080329895019531 3763
1784393627041 12.439353942871094 3764
1784393627043 11.878418922424316 3765
1784393627045 9.081547737121582 3766
1784393627047 12.673528671264648 3767
1784393627049 13.360025405883789 3768
1784393627051 11.093693733215332 3769
1784393627053 9.899223327636719 3770
1784393627054 11.351633071899414 3771
1784393627056 13.95039176940918 3772
1784393627058 13.293970108032227 3773
1784393627060 13.110376358032227 3774
1784393627062 17.19546127319336 3775
1784393627064 14.268597602844238 3776
1784393627065 11.997657775878906 3777
1784393627067 16.273069381713867 3778
1784393627069 9.025257110595703 3779
1784393627071 14.673927307128906 3780
1784393627073 11.65211296081543 3781
1784393627074 10.500746726989746 3782
1784393627076 10.057807922363281 3783
1784393627078 11.177752494812012 3784
1784393627080 8.2933349609375 3785
1784393627081 10.685680389404297 3786
1784393627083 7.306208610534668 3787
1784393627085 10.144755363464355 3788
1784393627087 8.819038391113281 3789
1784393627088 9.446136474609375 3790
1784393627090 8.949653625488281 3791
1784393627092 10.31315803527832 3792
1784393627095 9.384394645690918 3793
1784393627098 9.534964561462402 3794
1784393627101 9.539205551147461 3795
1784393627104 9.710999488830566 3796
1784393627106 9.057893753051758 3797
1784393627109 11.754877090454102 3798
1784393627113 10.889763832092285 3799
1784393627116 10.265762329101562 3800
1784393627119 12.414902687072754 3801
1784393627122 9.833230018615723 3802
1784393627124 12.878793716430664 3803
1784393627127 9.488012313842773 3804
1784393627129 12.179159164428711 3805
1784393627132 10.019988059997559 3806
1784393627135 13.763387680053711 3807
1784393627137 10.792377471923828 3808
1784393627140 11.243617057800293 3809
1784393627142 13.15009880065918 3810
1784393627145 11.207663536071777 3811
1784393627147 12.311285972595215 3812
1784393627150 12.551018714904785 3813
1784393627153 14.216473579406738 3814
1784393627157 13.350083351135254 3815
1784393627159 12.98581600189209 3816
1784393627161 15.307045936584473 3817
1784393627163 13.665948867797852 3818
1784393627165 11.269710540771484 3819
1784393627167 15.037363052368164 3820
1784393627169 14.154304504394531 3821
1784393627171 11.215344429016113 3822
1784393627173 12.970500946044922 3823
1784393627175 10.044679641723633 3824
1784393627177 12.260778427124023 3825
1784393627178 13.228720664978027 3826
1784393627180 11.673307418823242 3827
1784393627182 10.926973342895508 3828
1784393627184 10.789283752441406 3829
1784393627186 11.155330657958984 3830
1784393627187 10.357454299926758 3831
1784393627189 10.168170928955078 3832
1784393627191 10.401962280273438 3833
1784393627193 10.41890811920166 3834
1784393627194 10.347803115844727 3835
1784393627196 11.133235931396484 3836
1784393627198 10.131109237670898 3837
1784393627200 9.92288875579834 3838
1784393627201 10.233125686645508 3839
1784393627203 8.31938362121582 3840
1784393627205 11.349764823913574 3841
1784393627207 11.573124885559082 3842
1784393627209 9.54571533203125 3843
1784393627211 10.849279403686523 3844
1784393627213 11.619134902954102 3845
1784393627214 11.769906044006348 3846
1784393627216 10.206520080566406 3847
1784393627218 12.37478256225586 3848
1784393627219 10.096435546875 3849
1784393627221 11.20254898071289 3850
1784393627223 13.081889152526855 3851
1784393627225 8.880636215209961 3852
1784393627227 11.793227195739746 3853
1784393627229 12.792659759521484 3854
1784393627231 11.086577415466309 3855
1784393627233 12.685094833374023 3856
1784393627234 12.397981643676758 3857
1784393627236 14.552949905395508 3858
1784393627238 13.794323921203613 3859
1784393627239 14.438862800598145 3860
1784393627241 14.263582229614258 3861
1784393627243 13.591852188110352 3862
1784393627245 13.066603660583496 3863
1784393627247 14.783123970031738 3864
1784393627249 14.095112800598145 3865
1784393627252 14.067862510681152 3866
1784393627254 13.00389289855957 3867
1784393627255 11.660268783569336 3868
1784393627257 12.943132400512695 3869
1784393627258 13.998453140258789 3870
1784393627260 13.731084823608398 3871
1784393627262 14.103504180908203 3872
1784393627263 13.591776847839355 3873
1784393627265 14.048726081848145 3874
1784393627267 11.38362979888916 3875
1784393627268 12.117256164550781 3876
1784393627270 12.021392822265625 3877
1784393627272 11.194868087768555 3878
1784393627274 14.696159362792969 3879
1784393627276 10.952400207519531 3880
1784393627278 11.583971977233887 3881
1784393627280 11.99872875213623 3882
1784393627281 13.47308349609375 3883
1784393627283 11.325440406799316 3884
1784393627285 11.778620719909668 3885
1784393627287 12.987199783325195 3886
1784393627289 8.94998550415039 3887
1784393627291 12.83544921875 3888
1784393627293 11.025495529174805 3889
1784393627294 10.858797073364258 3890
1784393627296 11.23734188079834 3891
1784393627298 10.457090377807617 3892
1784393627300 11.67927360534668 3893
1784393627302 11.138986587524414 3894
1784393627304 10.890730857849121 3895
1784393627305 9.952089309692383 3896
1784393627307 10.07168960571289 3897
1784393627309 9.546182632446289 3898
1784393627311 10.12497329711914 3899
1784393627313 9.803555488586426 3900
1784393627315 10.271171569824219 3901
1784393627317 10.735130310058594 3902
1784393627319 12.288786888122559 3903
1784393627321 9.200450897216797 3904
1784393627323 11.369843482971191 3905
1784393627324 7.876618385314941 3906
1784393627326 11.737417221069336 3907
1784393627328 8.522361755371094 3908
1784393627330 10.297201156616211 3909
1784393627332 11.832864761352539 3910
1784393627334 9.213623046875 3911
1784393627336 12.005576133728027 3912
1784393627338 8.598492622375488 3913
1784393627340 10.769060134887695 3914
1784393627342 9.811833381652832 3915
1784393627344 10.131888389587402 3916
1784393627346 10.515414237976074 3917
1784393627348 12.306462287902832 3918
1784393627350 11.780340194702148 3919
1784393627352 13.312695503234863 3920
1784393627354 10.653611183166504 3921
1784393627356 8.798287391662598 3922
1784393627358 13.283138275146484 3923
1784393627359 10.697490692138672 3924
1784393627361 14.646848678588867 3925
1784393627363 11.9142484664917 3926
1784393627365 12.416584968566895 3927
1784393627367 12.524564743041992 3928
1784393627369 11.118936538696289 3929
1784393627371 13.496156692504883 3930
1784393627372 11.028525352478027 3931
1784393627374 13.01534366607666 3932
1784393627376 12.178165435791016 3933
1784393627378 11.924503326416016 3934
1784393627380 13.669332504272461 3935
1784393627381 12.036755561828613 3936
1784393627383 13.68307113647461 3937
1784393627385 11.341714859008789 3938
1784393627387 11.940430641174316 3939
1784393627389 11.783889770507812 3940
1784393627390 13.975165367126465 3941
1784393627392 13.34235954284668 3942
1784393627394 11.122804641723633 3943
1784393627396 13.812788009643555 3944
1784393627397 13.628593444824219 3945
1784393627399 11.39600658416748 3946
1784393627401 12.58008098602295 3947
1784393627403 12.169635772705078 3948
1784393627405 10.423188209533691 3949
1784393627407 10.957367897033691 3950
1784393627409 13.07160472869873 3951
1784393627411 9.958672523498535 3952
1784393627413 12.364362716674805 3953
1784393627415 11.404237747192383 3954
1784393627416 11.438056945800781 3955
1784393627418 10.53734302520752 3956
1784393627420 12.898776054382324 3957
1784393627422 9.775922775268555 3958
1784393627424 10.905622482299805 3959
1784393627425 12.088345527648926 3960
1784393627427 9.228169441223145 3961
1784393627429 11.816823959350586 3962
1784393627431 9.138603210449219 3963
1784393627432 11.655312538146973 3964
1784393627434 11.644643783569336 3965
1784393627436 11.189261436462402 3966
1784393627438 11.186993598937988 3967
1784393627439 8.722452163696289 3968
1784393627441 12.116608619689941 3969
1784393627443 10.546477317810059 3970
1784393627445 11.629563331604004 3971
1784393627447 9.670145988464355 3972
1784393627449 10.46328353881836 3973
1784393627451 11.424642562866211 3974
1784393627453 10.19920539855957 3975
1784393627455 10.054332733154297 3976
1784393627456 10.349225044250488 3977
1784393627458 9.513198852539062 3978
1784393627460 10.15149974822998 3979
1784393627462 10.907018661499023 3980
1784393627463 7.875635147094727 3981
1784393627466 10.806737899780273 3982
1784393627467 10.479358673095703 3983
1784393627469 8.842789649963379 3984
1784393627471 10.82713508605957 3985
1784393627473 10.90523624420166 3986
1784393627475 8.73241901397705 3987
1784393627476 11.602293968200684 3988
1784393627478 12.797182083129883 3989
1784393627480 11.100027084350586 3990
1784393627481 11.75147533416748 3991
1784393627483 11.301667213439941 3992
1784393627485 11.682859420776367 3993
1784393627487 11.336099624633789 3994
1784393627489 10.40211296081543 3995
1784393627490 10.149949073791504 3996
1784393627492 10.093461990356445 3997
1784393627494 10.247309684753418 3998
1784393627496 8.521452903747559 3999
1784393627498 12.174407958984375 4000
1784393627499 11.160619735717773 4001
1784393627501 11.246943473815918 4002
1784393627504 11.717087745666504 4003
1784393627505 11.64459228515625 4004
1784393627507 10.998934745788574 4005
1784393627509 9.995479583740234 4006
1784393627511 11.727131843566895 4007
1784393627513 11.969337463378906 4008
1784393627515 11.006831169128418 4009
1784393627516 12.726924896240234 4010
1784393627518 11.849061965942383 4011
1784393627520 11.445878982543945 4012
1784393627522 11.926684379577637 4013
1784393627523 10.501218795776367 4014
1784393627525 11.773819923400879 4015
1784393627528 10.639532089233398 4016
1784393627530 12.22422981262207 4017
1784393627532 10.434399604797363 4018
1784393627533 11.429598808288574 4019
1784393627535 12.939915657043457 4020
1784393627537 11.302308082580566 4021
1784393627539 10.993563652038574 4022
1784393627540 12.04466438293457 4023
1784393627542 13.203302383422852 4024
1784393627544 13.481927871704102 4025
1784393627546 11.632828712463379 4026
1784393627547 15.058012008666992 4027
1784393627549 9.015684127807617 4028
1784393627551 12.510344505310059 4029
1784393627552 11.343663215637207 4030
1784393627554 10.949803352355957 4031
1784393627556 10.254026412963867 4032
1784393627557 11.253296852111816 4033
1784393627559 10.818591117858887 4034
1784393627561 12.358678817749023 4035
1784393627563 10.756567001342773 4036
1784393627564 11.622444152832031 4037
1784393627566 12.584193229675293 4038
1784393627568 11.705507278442383 4039
1784393627570 12.854730606079102 4040
1784393627571 10.056083679199219 4041
1784393627573 11.772692680358887 4042
1784393627575 9.26095962524414 4043
1784393627577 10.650699615478516 4044
1784393627578 12.26118278503418 4045
1784393627580 11.020954132080078 4046
1784393627582 14.655210494995117 4047
1784393627583 14.632421493530273 4048
1784393627585 12.73578929901123 4049
1784393627587 12.38937759399414 4050
1784393627589 16.130220413208008 4051
1784393627590 11.501961708068848 4052
1784393627592 13.622505187988281 4053
1784393627594 13.943509101867676 4054
1784393627596 11.110356330871582 4055
1784393627598 15.843317985534668 4056
1784393627600 16.84793472290039 4057
1784393627602 10.953605651855469 4058
1784393627604 16.285612106323242 4059
1784393627606 17.014015197753906 4060
1784393627608 14.470477104187012 4061
1784393627609 12.759000778198242 4062
1784393627611 15.400763511657715 4063
1784393627613 14.100126266479492 4064
1784393627615 11.08888053894043 4065
1784393627617 12.902074813842773 4066
1784393627619 11.310213088989258 4067
1784393627620 12.158014297485352 4068
1784393627622 11.620941162109375 4069
1784393627624 13.34292984008789 4070
1784393627626 15.73265266418457 4071
1784393627628 12.25259017944336 4072
1784393627630 12.213863372802734 4073
1784393627632 11.433820724487305 4074
1784393627634 10.618484497070312 4075
1784393627636 10.09667682647705 4076
1784393627637 13.466873168945312 4077
1784393627639 10.444777488708496 4078
1784393627641 11.598169326782227 4079
1784393627643 11.349340438842773 4080
1784393627644 8.99035358428955 4081
1784393627647 9.628108978271484 4082
1784393627649 10.330345153808594 4083
1784393627650 8.190078735351562 4084
1784393627652 9.774741172790527 4085
1784393627654 8.732845306396484 4086
1784393627656 11.645805358886719 4087
1784393627657 8.298675537109375 4088
1784393627659 11.076391220092773 4089
1784393627661 11.248632431030273 4090
1784393627662 12.001596450805664 4091
1784393627664 9.085564613342285 4092
1784393627666 12.35361099243164 4093
1784393627668 10.077786445617676 4094
1784393627669 10.998027801513672 4095
1784393627671 12.07544231414795 4096
1784393627673 9.689769744873047 4097
1784393627675 10.445323944091797 4098
1784393627676 12.137271881103516 4099
1784393627678 8.445873260498047 4100
1784393627680 10.593633651733398 4101
1784393627681 10.279707908630371 4102
1784393627683 9.730385780334473 4103
1784393627685 10.756629943847656 4104
1784393627686 9.221102714538574 4105
1784393627688 9.769256591796875 4106
1784393627690 10.064632415771484 4107
1784393627692 9.678794860839844 4108
1784393627693 10.536397933959961 4109
1784393627695 9.594383239746094 4110
1784393627697 9.556130409240723 4111
1784393627698 9.151960372924805 4112
1784393627700 9.415324211120605 4113
1784393627702 8.278843879699707 4114
1784393627704 8.391103744506836 4115
1784393627705 8.25046443939209 4116
1784393627708 8.714105606079102 4117
1784393627709 8.924873352050781 4118
1784393627711 7.733246803283691 4119
1784393627713 8.010147094726562 4120
1784393627715 7.239993572235107 4121
1784393627717 9.575065612792969 4122
1784393627719 8.518064498901367 4123
1784393627721 8.967672348022461 4124
1784393627723 9.028874397277832 4125
1784393627725 10.178141593933105 4126
1784393627727 8.417176246643066 4127
1784393627729 9.444131851196289 4128
1784393627730 8.728521347045898 4129
1784393627732 9.448878288269043 4130
1784393627734 8.090333938598633 4131
1784393627736 9.671036720275879 4132
1784393627737 7.905514240264893 4133
1784393627740 10.275275230407715 4134
1784393627742 10.719904899597168 4135
1784393627744 9.961153030395508 4136
1784393627746 12.717649459838867 4137
1784393627747 10.14293098449707 4138
1784393627750 11.552483558654785 4139
1784393627752 13.580509185791016 4140
1784393627753 12.163397789001465 4141
1784393627755 11.656880378723145 4142
1784393627757 12.541869163513184 4143
1784393627759 12.988814353942871 4144
1784393627760 11.593464851379395 4145
1784393627762 13.470231056213379 4146
1784393627765 14.111413955688477 4147
1784393627767 10.09446907043457 4148
1784393627769 13.360970497131348 4149
1784393627771 14.748133659362793 4150
1784393627772 10.976637840270996 4151
1784393627774 14.271170616149902 4152
1784393627776 12.595695495605469 4153
1784393627778 11.515199661254883 4154
1784393627780 10.549985885620117 4155
1784393627782 13.129657745361328 4156
1784393627784 11.811224937438965 4157
1784393627786 12.520841598510742 4158
1784393627787 14.152360916137695 4159
1784393627789 10.096914291381836 4160
1784393627791 15.534709930419922 4161
1784393627793 11.632991790771484 4162
1784393627795 11.503549575805664 4163
1784393627797 12.024027824401855 4164
1784393627799 11.18526554107666 4165
1784393627800 10.446523666381836 4166
1784393627802 9.602684020996094 4167
1784393627804 9.68785285949707 4168
1784393627806 8.659829139709473 4169
1784393627807 9.32412052154541 4170
1784393627809 8.351396560668945 4171
1784393627811 11.197223663330078 4172
1784393627813 9.854083061218262 4173
1784393627815 10.424064636230469 4174
1784393627817 10.328439712524414 4175
1784393627818 10.877159118652344 4176
1784393627820 9.928144454956055 4177
1784393627822 10.193998336791992 4178
1784393627824 11.710136413574219 4179
1784393627825 9.83388614654541 4180
1784393627827 12.507892608642578 4181
1784393627830 9.332440376281738 4182
1784393627832 10.701116561889648 4183
1784393627833 9.601791381835938 4184
1784393627835 11.098546981811523 4185
1784393627837 9.58353328704834 4186
1784393627839 10.986713409423828 4187
1784393627841 10.578157424926758 4188
1784393627843 9.203068733215332 4189
1784393627845 12.00328254699707 4190
1784393627847 10.456134796142578 4191
1784393627849 13.844161033630371 4192
1784393627851 9.209558486938477 4193
1784393627852 13.320439338684082 4194
1784393627854 11.387971878051758 4195
1784393627856 14.756819725036621 4196
1784393627857 12.39072036743164 4197
1784393627859 10.78001594543457 4198
1784393627861 14.342700958251953 4199
1784393627862 11.040593147277832 4200
1784393627864 11.31202507019043 4201
1784393627866 10.654061317443848 4202
1784393627868 10.438308715820312 4203
1784393627870 12.515365600585938 4204
1784393627872 10.775032997131348 4205
1784393627874 11.557342529296875 4206
1784393627875 11.47294807434082 4207
1784393627878 12.601560592651367 4208
1784393627879 10.697328567504883 4209
1784393627881 13.737574577331543 4210
1784393627882 12.077215194702148 4211
1784393627885 14.36607837677002 4212
1784393627886 15.040740966796875 4213
1784393627888 13.634275436401367 4214
1784393627890 13.897302627563477 4215
1784393627892 11.560835838317871 4216
1784393627894 12.843832969665527 4217
1784393627897 11.59722900390625 4218
1784393627899 10.35245132446289 4219
1784393627901 11.064476013183594 4220
1784393627903 11.514013290405273 4221
1784393627904 11.905524253845215 4222
1784393627906 12.692095756530762 4223
1784393627908 13.040155410766602 4224
1784393627910 13.715641975402832 4225
1784393627912 13.594953536987305 4226
1784393627914 11.117460250854492 4227
1784393627916 11.878031730651855 4228
1784393627917 12.926637649536133 4229
1784393627919 10.566417694091797 4230
1784393627921 11.12154483795166 4231
1784393627923 11.064943313598633 4232
1784393627924 10.852899551391602 4233
1784393627927 12.332794189453125 4234
1784393627928 9.714343070983887 4235
1784393627930 13.243102073669434 4236
1784393627932 11.460022926330566 4237
1784393627934 10.197216987609863 4238
1784393627936 12.942757606506348 4239
1784393627938 9.991779327392578 4240
1784393627940 11.122262954711914 4241
1784393627941 11.121894836425781 4242
1784393627943 9.366839408874512 4243
1784393627945 11.931258201599121 4244
1784393627947 9.768427848815918 4245
1784393627948 14.552287101745605 4246
1784393627950 10.487170219421387 4247
1784393627952 10.95151138305664 4248
1784393627954 11.775750160217285 4249
1784393627955 12.395328521728516 4250
1784393627957 11.100339889526367 4251
1784393627959 10.537952423095703 4252
1784393627960 12.900480270385742 4253
1784393627962 10.701383590698242 4254
1784393627964 12.404852867126465 4255
1784393627966 10.513447761535645 4256
1784393627968 12.709667205810547 4257
1784393627970 13.43142032623291 4258
1784393627971 13.527151107788086 4259
1784393627973 14.74950122833252 4260
1784393627976 9.136856079101562 4261
1784393627978 12.07960319519043 4262
1784393627979 12.354665756225586 4263
1784393627982 9.078349113464355 4264
1784393627984 14.781418800354004 4265
1784393627986 12.180121421813965 4266
1784393627988 9.652847290039062 4267
1784393627989 11.356586456298828 4268
1784393627991 13.084668159484863 4269
1784393627993 10.201529502868652 4270
1784393627995 13.640926361083984 4271
1784393627997 14.181461334228516 4272
1784393627999 11.894497871398926 4273
1784393628000 13.462040901184082 4274
1784393628002 12.139192581176758 4275
1784393628004 11.463703155517578 4276
1784393628006 13.70555591583252 4277
1784393628008 10.942161560058594 4278
1784393628010 13.884854316711426 4279
1784393628012 12.519652366638184 4280
1784393628013 14.16031551361084 4281
1784393628015 12.041587829589844 4282
1784393628017 13.867429733276367 4283
1784393628018 14.275666236877441 4284
1784393628020 10.037012100219727 4285
1784393628022 13.175920486450195 4286
1784393628024 13.863764762878418 4287
1784393628026 11.93537425994873 4288
1784393628027 10.592864990234375 4289
1784393628029 12.74646282196045 4290
1784393628031 11.031177520751953 4291
1784393628033 11.984983444213867 4292
1784393628035 12.293288230895996 4293
1784393628036 11.899007797241211 4294
1784393628038 10.28990650177002 4295
1784393628218 10.767630577087402 4296
1784393628220 11.649419784545898 4297
1784393628221 10.701557159423828 4298
1784393628223 10.003602027893066 4299
1784393628225 12.184423446655273 4300
1784393628227 10.187006950378418 4301
1784393628229 13.075311660766602 4302
1784393628231 12.508174896240234 4303
1784393628233 11.552258491516113 4304
1784393628234 14.484769821166992 4305
1784393628236 10.828187942504883 4306
1784393628238 11.62922477722168 4307
1784393628240 13.202056884765625 4308
1784393628242 12.383859634399414 4309
1784393628244 12.050647735595703 4310
1784393628246 11.754419326782227 4311
1784393628248 16.965930938720703 4312
1784393628250 11.846508026123047 4313
1784393628252 12.844079971313477 4314
1784393628254 14.863029479980469 4315
1784393628255 11.605605125427246 4316
1784393628257 11.862488746643066 4317
1784393628259 11.496434211730957 4318
1784393628261 10.965316772460938 4319
1784393628263 10.855914115905762 4320
1784393628265 12.89163589477539 4321
1784393628267 10.709077835083008 4322
1784393628269 12.77027416229248 4323
1784393628271 13.390067100524902 4324
1784393628273 11.252732276916504 4325
1784393628274 14.158875465393066 4326
1784393628276 13.971047401428223 4327
1784393628278 10.792726516723633 4328
1784393628280 12.942290306091309 4329
1784393628282 12.612546920776367 4330
1784393628284 9.607017517089844 4331
1784393628286 13.038961410522461 4332
1784393628288 10.861099243164062 4333
1784393628290 11.256241798400879 4334
1784393628291 10.849446296691895 4335
1784393628293 10.181914329528809 4336
1784393628295 13.001643180847168 4337
1784393628296 14.224833488464355 4338
1784393628298 14.259300231933594 4339
1784393628300 11.792202949523926 4340
1784393628302 14.549673080444336 4341
1784393628304 11.698914527893066 4342
1784393628308 15.569877624511719 4343
1784393628310 16.75226402282715 4344
1784393628312 12.133776664733887 4345
1784393628314 15.556005477905273 4346
1784393628316 20.206445693969727 4347
1784393628317 10.730273246765137 4348
1784393628319 14.809085845947266 4349
1784393628321 14.364628791809082 4350
1784393628323 13.058677673339844 4351
1784393628325 15.951723098754883 4352
1784393628327 15.998631477355957 4353
1784393628329 13.622903823852539 4354
1784393628330 11.709378242492676 4355
1784393628332 16.374897003173828 4356
1784393628334 13.159894943237305 4357
1784393628337 11.803583145141602 4358
1784393628339 14.851304054260254 4359
1784393628341 13.051257133483887 4360
1784393628343 12.79613971710205 4361
1784393628345 12.204122543334961 4362
1784393628347 12.012896537780762 4363
1784393628349 12.008956909179688 4364
1784393628352 10.221735954284668 4365
1784393628354 11.732699394226074 4366
1784393628355 7.817561626434326 4367
1784393628357 9.586334228515625 4368
1784393628359 8.577913284301758 4369
1784393628361 9.153241157531738 4370
1784393628363 9.009075164794922 4371
1784393628365 10.740666389465332 4372
1784393628367 9.098750114440918 4373
1784393628369 11.5462064743042 4374
1784393628371 10.694927215576172 4375
1784393628373 12.23011589050293 4376
1784393628375 13.975980758666992 4377
1784393628376 10.688953399658203 4378
1784393628378 11.15639591217041 4379
1784393628380 9.290853500366211 4380
1784393628382 11.689091682434082 4381
1784393628384 12.188384056091309 4382
1784393628386 8.484753608703613 4383
1784393628388 12.876531600952148 4384
1784393628391 11.085533142089844 4385
1784393628393 10.876165390014648 4386
1784393628395 9.987884521484375 4387
1784393628397 9.704681396484375 4388
1784393628399 10.122136116027832 4389
1784393628400 10.831842422485352 4390
1784393628402 11.62165641784668 4391
1784393628404 8.320520401000977 4392
1784393628406 12.718710899353027 4393
1784393628408 9.445465087890625 4394
1784393628411 12.216120719909668 4395
1784393628413 10.530754089355469 4396
1784393628414 8.858170509338379 4397
1784393628416 12.788147926330566 4398
1784393628418 8.437402725219727 4399
1784393628420 12.028221130371094 4400
1784393628421 9.845069885253906 4401
1784393628423 9.844898223876953 4402
1784393628425 9.982263565063477 4403
1784393628427 9.912781715393066 4404
1784393628429 12.448314666748047 4405
1784393628431 8.992940902709961 4406
1784393628433 11.567062377929688 4407
1784393628434 10.771659851074219 4408
1784393628436 9.114397048950195 4409
1784393628438 11.078767776489258 4410
1784393628440 10.592262268066406 4411
1784393628441 8.583638191223145 4412
1784393628443 11.113404273986816 4413
1784393628445 8.328543663024902 4414
1784393628446 9.703618049621582 4415
1784393628448 10.15953254699707 4416
1784393628450 9.218978881835938 4417
1784393628452 10.455480575561523 4418
1784393628453 9.109244346618652 4419
1784393628455 8.2957763671875 4420
1784393628457 9.987635612487793 4421
1784393628458 9.890273094177246 4422
1784393628460 9.69693660736084 4423
1784393628462 10.192691802978516 4424
1784393628464 9.784717559814453 4425
1784393628466 12.101531982421875 4426
1784393628468 10.31716537475586 4427
1784393628470 13.17633056640625 4428
1784393628472 12.702847480773926 4429
1784393628474 12.950779914855957 4430
1784393628475 12.404987335205078 4431
1784393628477 11.060250282287598 4432
1784393628479 11.269254684448242 4433
1784393628481 11.207977294921875 4434
1784393628482 9.918035507202148 4435
1784393628485 11.403240203857422 4436
1784393628487 12.092992782592773 4437
1784393628489 8.733294486999512 4438
1784393628491 10.623970031738281 4439
1784393628493 9.902543067932129 4440
1784393628495 8.223496437072754 4441
1784393628497 11.369292259216309 4442
1784393628499 8.992067337036133 4443
1784393628501 10.95632266998291 4444
1784393628503 11.547513961791992 4445
1784393628505 11.404770851135254 4446
1784393628507 9.610334396362305 4447
1784393628510 10.87061882019043 4448
1784393628511 11.096091270446777 4449
1784393628513 10.806875228881836 4450
1784393628516 12.523637771606445 4451
1784393628517 10.761752128601074 4452
1784393628520 13.113411903381348 4453
1784393628522 10.048164367675781 4454
1784393628523 13.079399108886719 4455
1784393628525 11.460765838623047 4456
1784393628527 14.588356018066406 4457
1784393628529 11.120246887207031 4458
1784393628530 12.945858001708984 4459
1784393628532 14.18484115600586 4460
1784393628534 9.9393949508667 4461
1784393628535 13.261935234069824 4462
1784393628537 13.19407844543457 4463
1784393628539 14.124002456665039 4464
1784393628541 11.330626487731934 4465
1784393628543 13.021553039550781 4466
1784393628545 12.612717628479004 4467
1784393628547 15.721521377563477 4468
1784393628549 13.530149459838867 4469
1784393628551 10.007537841796875 4470
1784393628553 13.646535873413086 4471
1784393628555 11.657668113708496 4472
1784393628557 13.356722831726074 4473
1784393628558 11.637752532958984 4474
1784393628560 14.254237174987793 4475
1784393628562 10.554218292236328 4476
1784393628564 11.717168807983398 4477
1784393628565 12.380599021911621 4478
1784393628567 9.734443664550781 4479
1784393628569 11.972152709960938 4480
1784393628571 14.009391784667969 4481
1784393628573 10.052033424377441 4482
1784393628575 11.271728515625 4483
1784393628577 10.659540176391602 4484
1784393628578 11.785635948181152 4485
1784393628580 12.08016586303711 4486
1784393628582 12.96478271484375 4487
1784393628584 15.593708038330078 4488
1784393628586 11.651684761047363 4489
1784393628588 13.635900497436523 4490
1784393628590 13.77902889251709 4491
1784393628592 10.927613258361816 4492
1784393628594 16.0637149810791 4493
1784393628596 15.993729591369629 4494
1784393628598 11.744747161865234 4495
1784393628600 14.731565475463867 4496
1784393628601 15.88131046295166 4497
1784393628603 14.716422080993652 4498
1784393628605 9.932570457458496 4499
1784393628607 13.945074081420898 4500
1784393628609 13.61844253540039 4501
1784393628611 10.885966300964355 4502
1784393628613 14.758952140808105 4503
1784393628614 11.555901527404785 4504
1784393628616 12.569134712219238 4505
1784393628618 9.839881896972656 4506
1784393628619 10.677247047424316 4507
1784393628621 10.35024356842041 4508
1784393628623 11.757351875305176 4509
1784393628625 9.699286460876465 4510
1784393628626 9.404150009155273 4511
1784393628628 10.192959785461426 4512
1784393628630 10.594941139221191 4513
1784393628632 9.94016170501709 4514
1784393628634 10.276601791381836 4515
1784393628636 11.695287704467773 4516
1784393628638 10.585240364074707 4517
1784393628640 11.923815727233887 4518
1784393628642 12.752519607543945 4519
1784393628644 12.509713172912598 4520
1784393628645 12.027029991149902 4521
1784393628648 12.254659652709961 4522
1784393628650 10.170001029968262 4523
1784393628651 10.046171188354492 4524
1784393628653 10.194242477416992 4525
1784393628655 10.369470596313477 4526
1784393628657 9.770975112915039 4527
1784393628659 9.994787216186523 4528
1784393628661 10.054096221923828 4529
1784393628662 8.437043190002441 4530
1784393628664 9.734466552734375 4531
1784393628666 9.213577270507812 4532
1784393628668 9.779581069946289 4533
1784393628669 9.25508975982666 4534
1784393628672 9.277700424194336 4535
1784393628673 8.287466049194336 4536
1784393628675 9.426105499267578 4537
1784393628677 8.167379379272461 4538
1784393628679 9.952613830566406 4539
1784393628681 11.844708442687988 4540
1784393628682 6.944817066192627 4541
1784393628685 11.212272644042969 4542
1784393628686 8.18869400024414 4543
1784393628688 12.009542465209961 4544
1784393628690 11.146583557128906 4545
1784393628692 9.704180717468262 4546
1784393628694 11.02392864227295 4547
1784393628696 10.805997848510742 4548
1784393628698 12.949918746948242 4549
1784393628700 10.415680885314941 4550
1784393628702 11.221717834472656 4551
1784393628704 12.336250305175781 4552
1784393628706 10.765707015991211 4553
1784393628708 11.645868301391602 4554
1784393628709 10.354593276977539 4555
1784393628711 12.063764572143555 4556
1784393628713 10.071432113647461 4557
1784393628715 13.021586418151855 4558
1784393628717 11.084724426269531 4559
1784393628719 12.138925552368164 4560
1784393628721 11.305793762207031 4561
1784393628723 8.690563201904297 4562
1784393628725 11.033295631408691 4563
1784393628727 9.25576114654541 4564
1784393628729 9.857381820678711 4565
1784393628731 8.864017486572266 4566
1784393628733 8.089645385742188 4567
1784393628735 8.577299118041992 4568
1784393628737 8.535552978515625 4569
1784393628739 8.695539474487305 4570
1784393628740 9.740034103393555 4571
1784393628742 7.519619941711426 4572
1784393628744 10.906597137451172 4573
1784393628746 9.892928123474121 4574
1784393628748 8.556198120117188 4575
1784393628750 11.176042556762695 4576
1784393628752 7.969850063323975 4577
1784393628754 12.183499336242676 4578
1784393628755 11.233341217041016 4579
1784393628758 10.395551681518555 4580
1784393628759 10.660181999206543 4581
1784393628761 10.68586254119873 4582
1784393628763 11.313189506530762 4583
1784393628765 9.462526321411133 4584
1784393628767 9.423303604125977 4585
1784393628769 9.008049011230469 4586
1784393628771 8.9747896194458 4587
1784393628772 8.848217964172363 4588
1784393628774 9.23840045928955 4589
1784393628776 8.540445327758789 4590
1784393628778 10.028707504272461 4591
1784393628780 9.791280746459961 4592
1784393628782 9.222894668579102 4593
1784393628783 11.890373229980469 4594
1784393628785 13.99062442779541 4595
1784393628787 11.121687889099121 4596
1784393628789 11.076197624206543 4597
1784393628790 12.644576072692871 4598
1784393628792 13.849574089050293 4599
1784393628794 11.89561939239502 4600
1784393628796 11.751506805419922 4601
1784393628797 13.127527236938477 4602
1784393628799 11.976064682006836 4603
1784393628801 11.606582641601562 4604
1784393628803 12.724333763122559 4605
1784393628805 13.758184432983398 4606
1784393628807 12.684123039245605 4607
1784393628809 15.687850952148438 4608
1784393628811 12.950626373291016 4609
1784393628812 14.679494857788086 4610
1784393628814 13.883698463439941 4611
1784393628816 11.678890228271484 4612
1784393628818 12.255627632141113 4613
1784393628819 13.562824249267578 4614
1784393628821 11.28254508972168 4615
1784393628823 12.276403427124023 4616
1784393628825 12.554140090942383 4617
1784393628827 11.073293685913086 4618
1784393628828 10.276708602905273 4619
1784393628830 11.977002143859863 4620
1784393628832 8.632796287536621 4621
1784393628834 12.40631103515625 4622
1784393628836 10.292510986328125 4623
1784393628837 9.828307151794434 4624
1784393628839 10.370965003967285 4625
1784393628841 10.36279296875 4626
1784393628843 9.478050231933594 4627
1784393628845 10.736021995544434 4628
1784393628847 9.722479820251465 4629
1784393628849 10.851912498474121 4630
1784393628850 11.187938690185547 4631
1784393628852 12.44655990600586 4632
1784393628854 12.356233596801758 4633
1784393628856 12.305403709411621 4634
1784393628857 12.972936630249023 4635
1784393628859 12.210248947143555 4636
1784393628861 11.735729217529297 4637
1784393628863 12.85801887512207 4638
1784393628865 10.358951568603516 4639
1784393628868 11.317055702209473 4640
1784393628870 12.590764999389648 4641
1784393628872 8.902752876281738 4642
1784393628874 11.468432426452637 4643
1784393628876 11.191312789916992 4644
1784393628877 10.671294212341309 4645
1784393628879 12.261382102966309 4646
1784393628881 10.093663215637207 4647
1784393628883 13.079569816589355 4648
1784393628885 12.358366966247559 4649
1784393628887 11.580545425415039 4650
1784393628889 11.758233070373535 4651
1784393628891 10.805194854736328 4652
1784393628893 13.356761932373047 4653
1784393628895 12.775834083557129 4654
1784393628897 10.913975715637207 4655
1784393628899 12.497831344604492 4656
1784393628901 10.572271347045898 4657
1784393628903 14.252613067626953 4658
1784393628905 10.87581729888916 4659
1784393628907 10.861653327941895 4660
1784393628909 12.866460800170898 4661
1784393628911 10.453455924987793 4662
1784393628913 11.807584762573242 4663
1784393628914 12.850567817687988 4664
1784393628916 13.783819198608398 4665
1784393628918 15.09733772277832 4666
1784393628920 11.881865501403809 4667
1784393628922 12.835461616516113 4668
1784393628924 12.852069854736328 4669
1784393628926 12.320693016052246 4670
1784393628928 11.714082717895508 4671
1784393628930 12.773725509643555 4672
1784393628932 12.274638175964355 4673
1784393628934 15.026403427124023 4674
1784393628935 12.619091987609863 4675
1784393628937 12.231922149658203 4676
1784393628939 13.50296401977539 4677
1784393628941 13.159574508666992 4678
1784393628943 13.044427871704102 4679
1784393628945 13.779661178588867 4680
1784393628947 15.629697799682617 4681
1784393628948 10.648521423339844 4682
1784393628950 14.284828186035156 4683
1784393628952 15.701674461364746 4684
1784393628954 11.178877830505371 4685
1784393628956 15.984123229980469 4686
1784393628958 17.11618995666504 4687
1784393628959 12.768794059753418 4688
1784393628961 14.750690460205078 4689
1784393628963 14.971372604370117 4690
1784393628965 13.783195495605469 4691
1784393628966 14.753242492675781 4692
1784393628969 12.499137878417969 4693
1784393628970 13.28287124633789 4694
1784393628972 12.146905899047852 4695
1784393628974 14.349717140197754 4696
1784393628976 11.607993125915527 4697
1784393628978 12.828315734863281 4698
1784393628980 14.829858779907227 4699
1784393628982 10.207500457763672 4700
1784393628984 13.474674224853516 4701
1784393628987 12.647809028625488 4702
1784393628989 14.980127334594727 4703
1784393628991 12.283204078674316 4704
1784393628993 12.928754806518555 4705
1784393628995 13.985395431518555 4706
1784393628997 9.260692596435547 4707
1784393628999 11.877429008483887 4708
1784393629001 11.30291748046875 4709
1784393629002 10.885651588439941 4710
1784393629004 11.586858749389648 4711
1784393629006 9.574151992797852 4712
1784393629008 11.615540504455566 4713
1784393629009 10.933974266052246 4714
1784393629011 12.53853988647461 4715
1784393629013 10.116191864013672 4716
1784393629015 10.70672607421875 4717
1784393629016 9.365864753723145 4718
1784393629018 9.564253807067871 4719
1784393629020 9.475761413574219 4720
1784393629022 11.852144241333008 4721
1784393629024 8.901932716369629 4722
1784393629025 10.593037605285645 4723
1784393629027 8.696135520935059 4724
1784393629029 9.16386604309082 4725
1784393629031 9.023759841918945 4726
1784393629033 8.636245727539062 4727
1784393629034 9.778189659118652 4728
1784393629036 10.395978927612305 4729
1784393629038 9.399805068969727 4730
1784393629040 9.520610809326172 4731
1784393629042 8.470598220825195 4732
1784393629044 10.186954498291016 4733
1784393629046 7.77000093460083 4734
1784393629048 10.801952362060547 4735
1784393629050 11.236618995666504 4736
1784393629051 10.231826782226562 4737
1784393629053 9.831603050231934 4738
1784393629055 10.02502155303955 4739
1784393629056 9.649500846862793 4740
1784393629058 12.248053550720215 4741
1784393629060 10.856008529663086 4742
1784393629062 11.351110458374023 4743
1784393629063 15.055715560913086 4744
1784393629065 9.844325065612793 4745
1784393629067 14.19713020324707 4746
1784393629069 12.75000286102295 4747
1784393629085 10.47740650177002 4748
1784393629087 13.141181945800781 4749
1784393629089 13.189226150512695 4750
1784393629091 12.040740966796875 4751
1784393629093 14.700498580932617 4752
1784393629094 10.613289833068848 4753
1784393629096 15.768153190612793 4754
1784393629098 13.420112609863281 4755
1784393629100 12.142107009887695 4756
1784393629102 13.296692848205566 4757
1784393629104 10.840723037719727 4758
1784393629105 10.889307022094727 4759
1784393629108 14.114489555358887 4760
1784393629110 10.584268569946289 4761
1784393629111 11.341039657592773 4762
1784393629113 10.389971733093262 4763
1784393629115 11.317546844482422 4764
1784393629117 10.858451843261719 4765
1784393629118 9.802043914794922 4766
1784393629120 11.388973236083984 4767
1784393629122 11.184656143188477 4768
1784393629124 11.545206069946289 4769
1784393629126 11.58729362487793 4770
1784393629128 11.25044059753418 4771
1784393629129 10.805941581726074 4772
1784393629131 10.486896514892578 4773
1784393629133 10.635496139526367 4774
1784393629135 8.15047550201416 4775
1784393629136 11.603796005249023 4776
1784393629138 10.030638694763184 4777
1784393629140 9.822724342346191 4778
1784393629142 8.69914722442627 4779
1784393629144 10.821405410766602 4780
1784393629146 11.3068265914917 4781
1784393629147 9.19433879852295 4782
1784393629149 11.772350311279297 4783
1784393629151 11.9111328125 4784
1784393629153 11.431119918823242 4785
1784393629155 9.211623191833496 4786
1784393629157 12.624300956726074 4787
1784393629158 10.565412521362305 4788
1784393629160 11.343363761901855 4789
1784393629162 10.660093307495117 4790
1784393629164 8.22393798828125 4791
1784393629166 10.162944793701172 4792
1784393629167 8.322423934936523 4793
1784393629169 9.117400169372559 4794
1784393629171 9.82762622833252 4795
1784393629173 7.9156813621521 4796
1784393629175 8.470743179321289 4797
1784393629177 7.53582239151001 4798
1784393629178 10.37483024597168 4799
1784393629180 9.052706718444824 4800
1784393629182 10.771886825561523 4801
1784393629184 9.86900520324707 4802
1784393629185 9.668179512023926 4803
1784393629187 11.373676300048828 4804
1784393629189 10.948318481445312 4805
1784393629191 10.750350952148438 4806
1784393629192 8.998587608337402 4807
1784393629194 10.763739585876465 4808
1784393629196 10.29691219329834 4809
1784393629198 11.088973999023438 4810
1784393629200 11.611038208007812 4811
1784393629202 11.006948471069336 4812
1784393629203 14.258684158325195 4813
1784393629205 10.365165710449219 4814
1784393629207 12.4278564453125 4815
1784393629209 11.885231971740723 4816
1784393629211 10.511395454406738 4817
1784393629213 8.872882843017578 4818
1784393629214 11.498493194580078 4819
1784393629216 10.059381484985352 4820
1784393629220 13.231115341186523 4821
1784393629222 9.087637901306152 4822
1784393629225 11.569910049438477 4823
1784393629226 11.02581787109375 4824
1784393629228 9.216811180114746 4825
1784393629230 11.6395263671875 4826
1784393629232 8.818504333496094 4827
1784393629233 10.84007453918457 4828
1784393629235 9.419597625732422 4829
1784393629237 11.284725189208984 4830
1784393629238 11.387657165527344 4831
1784393629240 12.028582572937012 4832
1784393629242 11.134069442749023 4833
1784393629244 12.287967681884766 4834
1784393629245 11.538168907165527 4835
1784393629247 11.756373405456543 4836
1784393629249 12.166919708251953 4837
1784393629251 9.81511116027832 4838
1784393629252 10.974092483520508 4839
1784393629255 9.416193962097168 4840
1784393629256 10.29377555847168 4841
1784393629258 9.891359329223633 4842
1784393629260 12.164278030395508 4843
1784393629262 11.558595657348633 4844
1784393629264 9.83688735961914 4845
1784393629266 12.000593185424805 4846
1784393629268 8.796903610229492 4847
1784393629270 12.211811065673828 4848
1784393629272 10.753193855285645 4849
1784393629274 11.955764770507812 4850
1784393629275 11.28084945678711 4851
1784393629278 11.093293190002441 4852
1784393629280 9.67077922821045 4853
1784393629281 10.386331558227539 4854
1784393629283 8.783187866210938 4855
1784393629286 10.957115173339844 4856
1784393629287 9.55752182006836 4857
1784393629289 10.957720756530762 4858
1784393629291 9.806696891784668 4859
1784393629293 8.616042137145996 4860
1784393629295 11.1446533203125 4861
1784393629297 9.747034072875977 4862
1784393629299 11.432785034179688 4863
1784393629300 11.563796997070312 4864
1784393629302 10.143977165222168 4865
1784393629304 9.975337982177734 4866
1784393629306 7.375322341918945 4867
1784393629308 9.154885292053223 4868
1784393629310 7.605539321899414 4869
1784393629312 11.675047874450684 4870
1784393629313 10.874199867248535 4871
1784393629315 8.10623550415039 4872
1784393629317 11.28400993347168 4873
1784393629319 10.734026908874512 4874
1784393629320 9.044817924499512 4875
1784393629322 9.721126556396484 4876
1784393629324 8.823629379272461 4877
1784393629326 9.96231746673584 4878
1784393629328 12.083362579345703 4879
1784393629329 11.10312271118164 4880
1784393629331 11.703112602233887 4881
1784393629333 12.588728904724121 4882
1784393629334 13.434739112854004 4883
1784393629336 9.4876127243042 4884
1784393629338 11.798410415649414 4885
1784393629340 9.393499374389648 4886
1784393629341 9.233449935913086 4887
1784393629343 10.731292724609375 4888
1784393629345 8.578169822692871 4889
1784393629347 8.968449592590332 4890
1784393629348 10.07429313659668 4891
1784393629350 9.910660743713379 4892
1784393629352 10.457671165466309 4893
1784393629354 9.577951431274414 4894
1784393629356 11.035408973693848 4895
1784393629358 12.000077247619629 4896
1784393629359 9.845756530761719 4897
1784393629361 9.16356086730957 4898
1784393629363 11.42231559753418 4899
1784393629365 9.686179161071777 4900
1784393629367 8.84223747253418 4901
1784393629369 10.273419380187988 4902
1784393629371 9.605496406555176 4903
1784393629373 10.463549613952637 4904
1784393629374 9.716680526733398 4905
1784393629376 9.90919303894043 4906
1784393629378 9.328771591186523 4907
1784393629379 7.9316606521606445 4908
1784393629381 8.66093921661377 4909
1784393629383 9.078036308288574 4910
1784393629385 9.843769073486328 4911
1784393629387 9.85984992980957 4912
1784393629389 10.458521842956543 4913
1784393629390 11.087818145751953 4914
1784393629392 10.00939655303955 4915
1784393629394 10.120379447937012 4916
1784393629396 11.662322044372559 4917
1784393629397 9.183255195617676 4918
1784393629399 11.152471542358398 4919
1784393629401 11.541132926940918 4920
1784393629403 9.22207260131836 4921
1784393629405 12.989326477050781 4922
1784393629407 11.492786407470703 4923
1784393629409 12.623863220214844 4924
1784393629410 10.079276084899902 4925
1784393629413 9.723546981811523 4926
1784393629414 10.992021560668945 4927
1784393629416 9.309070587158203 4928
1784393629418 9.801403999328613 4929
1784393629420 11.273639678955078 4930
1784393629422 11.053902626037598 4931
1784393629424 11.134756088256836 4932
1784393629426 10.337648391723633 4933
1784393629428 10.785076141357422 4934
1784393629430 9.433640480041504 4935
1784393629432 10.109369277954102 4936
1784393629434 11.751906394958496 4937
1784393629436 8.506946563720703 4938
1784393629438 10.837430953979492 4939
1784393629439 9.158975601196289 4940
1784393629441 10.464981079101562 4941
1784393629444 11.287915229797363 4942
1784393629445 7.97137975692749 4943
1784393629447 11.568172454833984 4944
1784393629449 7.913238048553467 4945
1784393629452 10.993779182434082 4946
1784393629454 8.959071159362793 4947
1784393629457 12.625816345214844 4948
1784393629459 8.813101768493652 4949
1784393629461 11.413050651550293 4950
1784393629463 10.749510765075684 4951
1784393629466 8.884156227111816 4952
1784393629468 10.964432716369629 4953
1784393629470 9.10630989074707 4954
1784393629473 10.203025817871094 4955
1784393629475 8.916667938232422 4956
1784393629476 10.489229202270508 4957
1784393629479 8.296913146972656 4958
1784393629481 9.151739120483398 4959
1784393629483 9.814375877380371 4960
1784393629490 9.481552124023438 4961
1784393629494 11.592122077941895 4962
1784393629497 10.231103897094727 4963
1784393629500 10.202064514160156 4964
1784393629504 10.197019577026367 4965
1784393629506 10.5007905960083 4966
1784393629510 8.549823760986328 4967
1784393629512 9.581558227539062 4968
1784393629514 10.980836868286133 4969
1784393629516 7.784389495849609 4970
1784393629518 9.770959854125977 4971
1784393629520 10.778495788574219 4972
1784393629522 11.164416313171387 4973
1784393629524 10.546772956848145 4974
1784393629525 9.180447578430176 4975
1784393629527 10.760869979858398 4976
1784393629529 11.109097480773926 4977
1784393629531 11.482144355773926 4978
1784393629533 9.100704193115234 4979
1784393629535 12.305461883544922 4980
1784393629536 11.587764739990234 4981
1784393629538 12.15556526184082 4982
1784393629540 10.902886390686035 4983
1784393629542 9.098702430725098 4984
1784393629543 10.577540397644043 4985
1784393629545 10.333544731140137 4986
1784393629547 9.233863830566406 4987
1784393629549 10.850834846496582 4988
1784393629551 10.506277084350586 4989
1784393629553 9.248636245727539 4990
1784393629554 10.74587631225586 4991
1784393629556 12.5228910446167 4992
1784393629558 11.689258575439453 4993
1784393629560 9.118697166442871 4994
1784393629561 10.814142227172852 4995
1784393629563 9.129985809326172 4996
1784393629566 9.829488754272461 4997
1784393629567 11.71320915222168 4998
1784393629570 10.86314582824707 4999
1784393629571 13.230688095092773 5000
1784393629573 12.270071029663086 5001
1784393629575 10.769569396972656 5002
1784393629577 9.462101936340332 5003
1784393629579 10.946342468261719 5004
1784393629581 9.206123352050781 5005
1784393629583 10.471426963806152 5006
1784393629585 8.219490051269531 5007
1784393629587 9.879647254943848 5008
1784393629589 8.276188850402832 5009
1784393629591 9.124863624572754 5010
1784393629592 10.137306213378906 5011
1784393629595 12.154808044433594 5012
1784393629597 9.696624755859375 5013
1784393629598 11.663814544677734 5014
1784393629602 8.740133285522461 5015
1784393629604 11.144538879394531 5016
1784393629606 9.963940620422363 5017
1784393629608 10.8890380859375 5018
1784393629610 11.353841781616211 5019
1784393629613 13.167937278747559 5020
1784393629616 10.339225769042969 5021
1784393629618 10.845050811767578 5022
1784393629621 13.882142066955566 5023
1784393629623 12.627260208129883 5024
1784393629626 12.469794273376465 5025
1784393629628 13.84411907196045 5026
1784393629630 13.253350257873535 5027
1784393629632 14.122289657592773 5028
1784393629634 9.95190143585205 5029
1784393629635 13.91750717163086 5030
1784393629637 12.179810523986816 5031
1784393629639 12.221196174621582 5032
1784393629641 11.058125495910645 5033
1784393629643 13.658618927001953 5034
1784393629645 11.745908737182617 5035
1784393629646 11.604098320007324 5036
1784393629649 13.220020294189453 5037
1784393629650 11.45791244506836 5038
1784393629652 12.613252639770508 5039
1784393629654 12.674779891967773 5040
1784393629655 10.81043529510498 5041
1784393629657 11.374486923217773 5042
1784393629659 10.487072944641113 5043
1784393629661 11.271682739257812 5044
1784393629663 9.797372817993164 5045
1784393629665 10.15758991241455 5046
1784393629667 9.051149368286133 5047
1784393629669 9.690156936645508 5048
1784393629671 10.224113464355469 5049
1784393629673 10.078898429870605 5050
1784393629674 13.055232048034668 5051
1784393629676 10.98315143585205 5052
1784393629677 11.02330493927002 5053
1784393629679 11.882170677185059 5054
1784393629681 11.591398239135742 5055
1784393629683 11.09677791595459 5056
1784393629684 11.304788589477539 5057
1784393629686 11.154865264892578 5058
1784393629688 10.164472579956055 5059
1784393629690 10.841089248657227 5060
1784393629692 9.605024337768555 5061
1784393629693 8.409582138061523 5062
1784393629695 8.952547073364258 5063
1784393629697 9.427938461303711 5064
1784393629699 8.115737915039062 5065
1784393629701 9.761449813842773 5066
1784393629703 8.559419631958008 5067
1784393629705 10.4202241897583 5068
1784393629707 9.849225997924805 5069
1784393629709 11.716217994689941 5070
1784393629711 10.99912166595459 5071
1784393629713 11.741969108581543 5072
1784393629715 10.55664348602295 5073
1784393629717 11.057072639465332 5074
1784393629718 11.406291961669922 5075
1784393629720 13.127799034118652 5076
1784393629722 11.490721702575684 5077
1784393629724 10.369982719421387 5078
1784393629726 12.481863975524902 5079
1784393629728 8.728468894958496 5080
1784393629730 12.06075668334961 5081
1784393629732 14.345476150512695 5082
1784393629734 11.021505355834961 5083
1784393629736 9.113851547241211 5084
1784393629737 12.62102222442627 5085
1784393629739 9.437264442443848 5086
1784393629741 9.641496658325195 5087
1784393629743 11.235261917114258 5088
1784393629745 10.03254222869873 5089
1784393629747 11.46044635772705 5090
1784393629748 11.595673561096191 5091
1784393629750 13.29255485534668 5092
1784393629752 11.244054794311523 5093
1784393629754 10.615948677062988 5094
1784393629756 10.740555763244629 5095
1784393629758 12.682218551635742 5096
1784393629760 12.637735366821289 5097
1784393629762 11.61741828918457 5098
1784393629764 11.62678337097168 5099
1784393629766 10.073338508605957 5100
1784393629768 11.967060089111328 5101
1784393629771 14.168170928955078 5102
1784393629773 11.3738431930542 5103
1784393629775 11.11934757232666 5104
1784393629777 12.96891975402832 5105
1784393629779 11.169042587280273 5106
1784393629781 11.4315185546875 5107
1784393629783 13.8970308303833 5108
1784393629785 8.495424270629883 5109
1784393629787 15.009794235229492 5110
1784393629789 12.768916130065918 5111
1784393629791 10.986438751220703 5112
1784393629793 14.046174049377441 5113
1784393629795 12.727935791015625 5114
1784393629797 11.589040756225586 5115
1784393629799 11.3132905960083 5116
1784393629801 13.99604606628418 5117
1784393629803 13.62924575805664 5118
1784393629805 10.670967102050781 5119
1784393629807 12.54443645477295 5120
1784393629809 12.372617721557617 5121
1784393629811 13.736434936523438 5122
1784393629813 10.456453323364258 5123
1784393629815 13.792581558227539 5124
1784393629817 15.292470932006836 5125
1784393629819 11.628231048583984 5126
1784393629821 12.362106323242188 5127
1784393629822 13.469449996948242 5128
1784393629824 10.985526084899902 5129
1784393629826 14.216691017150879 5130
1784393629828 15.277050018310547 5131
1784393629829 13.726279258728027 5132
1784393629832 15.313016891479492 5133
1784393629833 13.61008071899414 5134
1784393629836 14.768508911132812 5135
1784393629838 12.216975212097168 5136
1784393629839 16.104185104370117 5137
1784393629841 15.821133613586426 5138
1784393629843 12.712696075439453 5139
1784393629845 11.712485313415527 5140
1784393629847 16.582515716552734 5141
1784393629849 13.455642700195312 5142
1784393629850 12.18806266784668 5143
1784393629852 12.748523712158203 5144
1784393629853 13.72860336303711 5145
1784393629855 11.592010498046875 5146
1784393629857 11.259967803955078 5147
1784393629858 11.936389923095703 5148
1784393629861 10.943387985229492 5149
1784393629862 9.610957145690918 5150
1784393629864 11.096894264221191 5151
1784393629866 9.73520565032959 5152
1784393629868 11.679892539978027 5153
1784393629870 13.450410842895508 5154
1784393629872 7.967360973358154 5155
1784393629874 12.932944297790527 5156
1784393629876 9.808486938476562 5157
1784393629878 9.330622673034668 5158
1784393629880 11.007783889770508 5159
1784393629881 9.798672676086426 5160
1784393629883 10.464057922363281 5161
1784393629884 9.919185638427734 5162
1784393629887 8.04373836517334 5163
1784393629889 9.382852554321289 5164
1784393629891 9.63215446472168 5165
1784393629893 10.086915016174316 5166
1784393629895 11.632935523986816 5167
1784393629897 9.625889778137207 5168
1784393629898 10.4959077835083 5169
1784393629900 9.872833251953125 5170
1784393629902 10.955345153808594 5171
1784393629904 12.35395622253418 5172
1784393629906 11.792437553405762 5173
1784393629908 11.58692741394043 5174
1784393629910 12.197412490844727 5175
1784393629912 10.438966751098633 5176
1784393629914 13.168190956115723 5177
1784393629916 14.400869369506836 5178
1784393629918 12.945638656616211 5179
1784393629919 11.152860641479492 5180
1784393629921 12.44005012512207 5181
1784393629923 15.137660026550293 5182
1784393629925 11.052387237548828 5183
1784393629927 14.046478271484375 5184
1784393629929 14.0565767288208 5185
1784393629931 12.213953971862793 5186
1784393629933 12.649361610412598 5187
1784393629935 15.264147758483887 5188
1784393629936 13.949106216430664 5189
1784393629938 12.258527755737305 5190
1784393629940 17.164634704589844 5191
1784393629942 11.956433296203613 5192
1784393629943 14.618040084838867 5193
1784393629945 17.928110122680664 5194
1784393629947 13.284238815307617 5195
1784393629949 14.347132682800293 5196
1784393629951 16.840805053710938 5197
1784393629953 15.434783935546875 5198
1784393629955 12.237494468688965 5199
1784393629957 13.979175567626953 5200
1784393629959 12.200836181640625 5201
1784393629960 13.772586822509766 5202
1784393629962 16.145164489746094 5203
1784393629964 12.615553855895996 5204
1784393629966 12.149428367614746 5205
1784393629967 13.476734161376953 5206
1784393629969 10.829182624816895 5207
1784393629971 12.93878173828125 5208
1784393629973 12.73509407043457 5209
1784393629975 9.229308128356934 5210
1784393629977 10.695344924926758 5211
1784393629979 11.349719047546387 5212
1784393629980 8.707040786743164 5213
1784393629983 11.593674659729004 5214
1784393629985 9.743319511413574 5215
1784393629987 11.969356536865234 5216
1784393629989 11.324602127075195 5217
1784393629991 11.43082332611084 5218
1784393629993 13.192075729370117 5219
1784393629995 8.401873588562012 5220
1784393629997 11.328035354614258 5221
1784393629999 10.866140365600586 5222
1784393630001 10.469536781311035 5223
1784393630003 11.698601722717285 5224
1784393630005 10.276731491088867 5225
1784393630007 10.608320236206055 5226
1784393630009 12.12844467163086 5227
1784393630011 12.6031494140625 5228
1784393630013 9.3128662109375 5229
1784393630015 12.968860626220703 5230
1784393630016 11.2667875289917 5231
1784393630018 12.407620429992676 5232
1784393630020 12.628201484680176 5233
1784393630021 10.433736801147461 5234
1784393630023 11.7437744140625 5235
1784393630026 12.169973373413086 5236
1784393630027 11.583831787109375 5237
1784393630029 12.964529037475586 5238
1784393630031 13.995107650756836 5239
1784393630033 9.781891822814941 5240
1784393630035 12.612397193908691 5241
1784393630037 10.192309379577637 5242
1784393630039 14.210029602050781 5243
1784393630041 11.171706199645996 5244
1784393630043 11.992072105407715 5245
1784393630045 13.51512336730957 5246
1784393630047 10.861614227294922 5247
1784393630049 13.029373168945312 5248
1784393630051 10.145855903625488 5249
1784393630053 9.711066246032715 5250
1784393630055 11.692928314208984 5251
1784393630057 10.376204490661621 5252
1784393630059 11.329355239868164 5253
1784393630061 11.618335723876953 5254
1784393630063 12.930459022521973 5255
1784393630064 12.943936347961426 5256
1784393630067 11.954212188720703 5257
1784393630069 10.932870864868164 5258
1784393630071 11.22590160369873 5259
1784393630073 13.83639144897461 5260
1784393630075 11.001469612121582 5261
1784393630077 11.84761905670166 5262
1784393630079 10.95199203491211 5263
1784393630081 12.045520782470703 5264
1784393630082 11.42373275756836 5265
1784393630084 11.655793190002441 5266
1784393630087 10.519661903381348 5267
1784393630089 14.453981399536133 5268
1784393630090 12.69588851928711 5269
1784393630092 12.628445625305176 5270
1784393630094 11.459165573120117 5271
1784393630096 11.250091552734375 5272
1784393630098 10.110921859741211 5273
1784393630099 11.45969009399414 5274
1784393630101 9.311409950256348 5275
1784393630103 9.909322738647461 5276
1784393630105 9.808414459228516 5277
1784393630106 10.57642936706543 5278
1784393630109 11.810699462890625 5279
1784393630111 10.932219505310059 5280
1784393630113 9.376797676086426 5281
1784393630115 10.616646766662598 5282
1784393630116 9.710619926452637 5283
1784393630118 10.975311279296875 5284
1784393630120 11.005573272705078 5285
1784393630122 10.778149604797363 5286
1784393630125 11.39498233795166 5287
1784393630127 12.896980285644531 5288
1784393630128 11.672931671142578 5289
1784393630130 12.081507682800293 5290
1784393630132 12.912463188171387 5291
1784393630134 10.587206840515137 5292
1784393630135 11.33574390411377 5293
1784393630137 10.00682544708252 5294
1784393630139 10.073564529418945 5295
1784393630140 10.926610946655273 5296
1784393630142 11.388449668884277 5297
1784393630144 11.614402770996094 5298
1784393630146 11.29844856262207 5299
1784393630148 12.220151901245117 5300
1784393630149 11.053268432617188 5301
1784393630151 11.993048667907715 5302
1784393630153 11.669026374816895 5303
1784393630155 12.8932466506958 5304
1784393630157 11.217436790466309 5305
1784393630159 12.650163650512695 5306
1784393630161 9.457204818725586 5307
1784393630163 11.446932792663574 5308
1784393630165 12.240592956542969 5309
1784393630167 11.114643096923828 5310
1784393630168 11.353171348571777 5311
1784393630171 13.213556289672852 5312
1784393630172 11.443809509277344 5313
1784393630174 12.552562713623047 5314
1784393630176 13.61030387878418 5315
1784393630178 10.859514236450195 5316
1784393630180 14.322297096252441 5317
1784393630182 14.240618705749512 5318
1784393630184 12.827863693237305 5319
1784393630186 12.948748588562012 5320
1784393630188 13.633548736572266 5321
1784393630190 12.54849910736084 5322
1784393630192 12.622084617614746 5323
1784393630193 12.697700500488281 5324
1784393630195 11.62904167175293 5325
1784393630197 12.947161674499512 5326
1784393630198 12.936418533325195 5327
1784393630200 12.947408676147461 5328
1784393630202 11.289277076721191 5329
1784393630204 12.634105682373047 5330
1784393630205 13.3427734375 5331
1784393630207 12.389694213867188 5332
1784393630209 14.95877456665039 5333
1784393630211 11.82651138305664 5334
1784393630213 14.165928840637207 5335
1784393630214 14.962590217590332 5336
1784393630216 17.391277313232422 5337
1784393630218 14.567303657531738 5338
1784393630219 11.250127792358398 5339
1784393630221 15.33796501159668 5340
1784393630223 13.698654174804688 5341
1784393630225 11.784706115722656 5342
1784393630226 12.176185607910156 5343
1784393630228 13.664606094360352 5344
1784393630230 11.211654663085938 5345
1784393630232 12.585329055786133 5346
1784393630234 9.70519733428955 5347
1784393630236 11.361165046691895 5348
1784393630237 10.24898624420166 5349
1784393630239 11.529060363769531 5350
1784393630242 11.140032768249512 5351
1784393630244 11.323606491088867 5352
1784393630246 12.546982765197754 5353
1784393630248 12.992425918579102 5354
1784393630250 11.228785514831543 5355
1784393630252 12.69401741027832 5356
1784393630254 10.493179321289062 5357
1784393630256 13.957807540893555 5358
1784393630258 11.663067817687988 5359
1784393630259 12.697874069213867 5360
1784393630262 14.382213592529297 5361
1784393630263 13.284823417663574 5362
1784393630265 14.352396965026855 5363
1784393630268 15.68303108215332 5364
1784393630269 11.802677154541016 5365
1784393630271 11.629179954528809 5366
1784393630273 11.928030014038086 5367
1784393630275 10.474518775939941 5368
1784393630276 11.960126876831055 5369
1784393630278 12.26894760131836 5370
1784393630280 11.118752479553223 5371
1784393630281 12.519224166870117 5372
1784393630283 13.22058391571045 5373
1784393630285 12.953404426574707 5374
1784393630287 12.5989990234375 5375
1784393630288 15.214256286621094 5376
1784393630290 10.25625228881836 5377
1784393630292 11.129764556884766 5378
1784393630294 13.156353950500488 5379
1784393630296 9.931081771850586 5380
1784393630298 10.775712966918945 5381
1784393630300 12.232892990112305 5382
1784393630302 9.558356285095215 5383
1784393630305 8.972825050354004 5384
1784393630307 10.095947265625 5385
1784393630309 10.975165367126465 5386
1784393630310 8.528566360473633 5387
1784393630312 7.732072353363037 5388
1784393630314 10.020276069641113 5389
1784393630316 9.968035697937012 5390
1784393630318 8.778756141662598 5391
1784393630320 11.009258270263672 5392
1784393630322 9.142928123474121 5393
1784393630324 11.627206802368164 5394
1784393630325 11.64840030670166 5395
1784393630328 12.400463104248047 5396
1784393630330 13.962060928344727 5397
1784393630331 12.352957725524902 5398
1784393630333 12.015142440795898 5399
1784393630335 11.499523162841797 5400
1784393630337 13.675577163696289 5401
1784393630339 10.377047538757324 5402
1784393630341 10.810434341430664 5403
1784393630343 12.056678771972656 5404
1784393630344 9.672329902648926 5405
1784393630346 13.75827693939209 5406
1784393630348 11.19207763671875 5407
1784393630350 11.750866889953613 5408
1784393630352 13.433940887451172 5409
1784393630354 12.852323532104492 5410
1784393630355 11.93059253692627 5411
1784393630357 12.964371681213379 5412
1784393630359 14.310724258422852 5413
1784393630360 12.0938720703125 5414
1784393630362 12.640227317810059 5415
1784393630364 11.22932243347168 5416
1784393630366 10.89821720123291 5417
1784393630367 10.477645874023438 5418
1784393630369 10.449457168579102 5419
1784393630371 9.591731071472168 5420
1784393630373 9.638782501220703 5421
1784393630374 7.521547317504883 5422
1784393630376 11.156747817993164 5423
1784393630378 8.776183128356934 5424
1784393630380 10.021583557128906 5425
1784393630382 10.41585922241211 5426
1784393630384 8.982036590576172 5427
1784393630386 12.241484642028809 5428
1784393630388 10.243280410766602 5429
1784393630390 13.564671516418457 5430
1784393630392 10.252376556396484 5431
1784393630393 9.508081436157227 5432
1784393630395 10.863898277282715 5433
1784393630397 9.635438919067383 5434
1784393630398 9.941824913024902 5435
1784393630400 11.422599792480469 5436
1784393630402 8.818318367004395 5437
1784393630403 12.221384048461914 5438
1784393630405 10.617331504821777 5439
1784393630407 11.020669937133789 5440
1784393630409 13.48065185546875 5441
1784393630411 13.697169303894043 5442
1784393630413 13.935761451721191 5443
1784393630415 12.181220054626465 5444
1784393630417 14.390315055847168 5445
1784393630419 12.374610900878906 5446
1784393630420 11.223715782165527 5447
1784393630422 14.339601516723633 5448
1784393630424 11.539302825927734 5449
1784393630426 13.261758804321289 5450
1784393630428 11.815265655517578 5451
1784393630429 12.52395248413086 5452
1784393630431 13.518410682678223 5453
1784393630433 12.992115020751953 5454
1784393630435 11.909856796264648 5455
1784393630436 11.53105354309082 5456
1784393630438 13.723981857299805 5457
1784393630440 13.023723602294922 5458
1784393630441 10.97072696685791 5459
1784393630443 14.253689765930176 5460
1784393630445 15.924022674560547 5461
1784393630447 16.17013168334961 5462
1784393630449 9.314249038696289 5463
1784393630450 14.314416885375977 5464
1784393630452 12.904847145080566 5465
1784393630453 10.051579475402832 5466
1784393630455 12.313070297241211 5467
1784393630457 9.866662979125977 5468
1784393630459 10.052291870117188 5469
1784393630460 11.701601028442383 5470
1784393630462 9.270132064819336 5471
1784393630464 12.276313781738281 5472
1784393630466 11.17989730834961 5473
1784393630468 10.524665832519531 5474
1784393630470 12.062673568725586 5475
1784393630471 10.089972496032715 5476
1784393630473 12.418965339660645 5477
1784393630475 9.62608528137207 5478
1784393630477 11.924213409423828 5479
1784393630478 10.20033073425293 5480
1784393630480 8.880431175231934 5481
1784393630482 8.931609153747559 5482
1784393630483 8.239334106445312 5483
1784393630485 10.473664283752441 5484
1784393630487 8.304954528808594 5485
1784393630489 8.856319427490234 5486
1784393630492 8.943449974060059 5487
1784393630493 9.741267204284668 5488
1784393630495 11.065160751342773 5489
1784393630497 10.309263229370117 5490
1784393630499 11.38217544555664 5491
1784393630501 11.565967559814453 5492
1784393630503 9.757734298706055 5493
1784393630505 11.443026542663574 5494
1784393630507 12.818771362304688 5495
1784393630509 9.646123886108398 5496
1784393630511 14.966656684875488 5497
1784393630512 11.421819686889648 5498
1784393630514 12.459548950195312 5499
1784393630517 10.827924728393555 5500
1784393630520 10.701852798461914 5501
1784393630522 10.78071403503418 5502
1784393630524 10.256634712219238 5503
1784393630527 11.770731925964355 5504
1784393630529 10.811075210571289 5505
1784393630532 10.586091041564941 5506
1784393630534 13.094925880432129 5507
1784393630536 8.099501609802246 5508
1784393630538 11.66808795928955 5509
1784393630541 10.338946342468262 5510
1784393630543 6.571967601776123 5511
1784393630544 10.29165267944336 5512
1784393630546 10.850640296936035 5513
1784393630548 10.498682022094727 5514
1784393630550 9.980798721313477 5515
1784393630552 12.234879493713379 5516
1784393630554 9.869098663330078 5517
1784393630555 10.286937713623047 5518
1784393630557 14.2762451171875 5519
1784393630559 9.029647827148438 5520
1784393630560 11.624689102172852 5521
1784393630562 11.48197078704834 5522
1784393630564 11.275245666503906 5523
1784393630566 11.852927207946777 5524
1784393630568 11.737883567810059 5525
1784393630570 9.168909072875977 5526
1784393630571 9.053460121154785 5527
1784393630573 8.259831428527832 5528
1784393630575 10.47683334350586 5529
1784393630576 7.7782979011535645 5530
1784393630578 9.822190284729004 5531
1784393630580 9.149145126342773 5532
1784393630581 9.46221923828125 5533
1784393630584 11.696533203125 5534
1784393630586 8.841361999511719 5535
1784393630587 10.162740707397461 5536
1784393630590 12.253357887268066 5537
1784393630591 8.90646743774414 5538
1784393630593 13.00228500366211 5539
1784393630596 11.98985481262207 5540
1784393630598 7.6717305183410645 5541
1784393630600 11.266697883605957 5542
1784393630602 6.956875801086426 5543
1784393630604 10.197991371154785 5544
1784393630606 10.336213111877441 5545
1784393630608 9.378958702087402 5546
1784393630610 9.907974243164062 5547
1784393630612 9.546741485595703 5548
1784393630614 9.562427520751953 5549
1784393630616 9.333755493164062 5550
1784393630617 10.263887405395508 5551
1784393630619 8.439931869506836 5552
1784393630621 10.013493537902832 5553
1784393630623 8.947901725769043 5554
1784393630626 10.394491195678711 5555
1784393630628 11.576665878295898 5556
1784393630629 8.972558975219727 5557
1784393630632 12.806782722473145 5558
1784393630633 10.59817886352539 5559
1784393630635 8.755897521972656 5560
1784393630637 11.105545043945312 5561
1784393630639 12.659092903137207 5562
1784393630640 10.431313514709473 5563
1784393630642 10.832202911376953 5564
1784393630644 14.272199630737305 5565
1784393630646 8.520355224609375 5566
1784393630648 11.58637523651123 5567
1784393630650 14.27816104888916 5568
1784393630652 12.202155113220215 5569
1784393630654 14.016674995422363 5570
1784393630656 15.15733528137207 5571
1784393630658 14.521671295166016 5572
1784393630659 16.236631393432617 5573
1784393630662 13.591826438903809 5574
1784393630664 13.58976936340332 5575
1784393630666 17.17955207824707 5576
1784393630668 11.271448135375977 5577
1784393630670 15.03577995300293 5578
1784393630672 14.220486640930176 5579
1784393630674 13.13414192199707 5580
1784393630675 12.063199996948242 5581
1784393630677 14.001626968383789 5582
1784393630679 12.630446434020996 5583
1784393630681 10.303689956665039 5584
1784393630683 13.088231086730957 5585
1784393630685 10.42250919342041 5586
1784393630687 11.584465980529785 5587
1784393630688 10.404923439025879 5588
1784393630690 10.964415550231934 5589
1784393630693 9.696085929870605 5590
1784393630694 9.725522994995117 5591
1784393630696 10.068923950195312 5592
1784393630698 10.393936157226562 5593
1784393630700 10.294127464294434 5594
1784393630702 12.513604164123535 5595
1784393630704 10.395343780517578 5596
1784393630706 13.022171974182129 5597
1784393630708 10.87271785736084 5598
1784393630710 10.595681190490723 5599
1784393630712 10.633036613464355 5600
1784393630714 9.704421043395996 5601
1784393630716 11.328439712524414 5602
1784393630718 14.581656455993652 5603
1784393630720 11.895893096923828 5604
1784393630722 10.994271278381348 5605
1784393630723 12.316061973571777 5606
1784393630725 10.590219497680664 5607
1784393630727 10.81004524230957 5608
1784393630729 9.431029319763184 5609
1784393630731 12.265410423278809 5610
1784393630732 10.878341674804688 5611
1784393630734 9.341605186462402 5612
1784393630736 11.52951717376709 5613
1784393630738 14.360522270202637 5614
1784393630740 9.668682098388672 5615
1784393630741 14.918817520141602 5616
1784393630743 15.214639663696289 5617
1784393630745 11.90983772277832 5618
1784393630747 15.185673713684082 5619
1784393630749 12.703038215637207 5620
1784393630751 16.721759796142578 5621
1784393630753 12.230342864990234 5622
1784393630754 17.92057991027832 5623
1784393630756 16.843460083007812 5624
