1784395178333 14.772809982299805 0
1784395178339 7.003971576690674 1
1784395178345 0.9458166360855103 2
1784395178353 1.0426238775253296 3
1784395178359 1.0978246927261353 4
1784395178364 1.1642236709594727 5
1784395178370 1.1999974250793457 6
1784395178375 1.2310553789138794 7
1784395178381 1.224602222442627 8
1784395178387 1.233541488647461 9
1784395178393 1.2504390478134155 10
1784395178400 1.2439320087432861 11
1784395178406 1.1597834825515747 12
1784395178412 1.0789334774017334 13
1784395178419 1.0780577659606934 14
1784395178425 1.0533180236816406 15
1784395178431 1.0369659662246704 16
1784395178437 0.9943984150886536 17
1784395178443 0.9487114548683167 18
1784395178450 0.9069747924804688 19
1784395178455 0.8778060674667358 20
1784395178460 0.8487609028816223 21
1784395178467 0.8261356949806213 22
1784395178474 0.7923714518547058 23
1784395178483 0.7567006945610046 24
1784395178493 0.6909079551696777 25
1784395178505 0.7165562510490417 26
1784395178523 0.6196686625480652 27
1784395178533 0.6082883477210999 28
1784395178540 0.5758604407310486 29
1784395178548 0.517911970615387 30
1784395178559 0.5788434743881226 31
1784395178568 0.4487146735191345 32
1784395178583 0.4778049886226654 33
1784395178593 0.4535088837146759 34
1784395178602 0.3807893991470337 35
1784395178638 0.38595566153526306 36
1784395178645 0.3511101007461548 37
1784395178651 0.3587123453617096 38
1784395178659 0.3194844722747803 39
1784395178665 0.3582013249397278 40
1784395178672 0.3557687997817993 41
1784395178679 0.3445866107940674 42
1784395178686 0.3789362907409668 43
1784395178691 0.3480895757675171 44
1784395178700 0.39509040117263794 45
1784395178705 0.35562118887901306 46
1784395178710 0.3975559175014496 47
1784395178716 0.3486928343772888 48
1784395178722 0.3780062198638916 49
1784395178727 0.388047456741333 50
1784395178733 0.3239891231060028 51
1784395178738 0.3649648129940033 52
1784395178744 0.3158492147922516 53
1784395178750 0.3732359707355499 54
1784395178755 0.365082710981369 55
1784395178761 0.32597965002059937 56
1784395178766 0.3828289210796356 57
1784395178772 0.3541395366191864 58
1784395178779 0.33278974890708923 59
1784395178786 0.33810821175575256 60
1784395178791 0.3026627004146576 61
1784395178797 0.324288934469223 62
1784395178803 0.29755082726478577 63
1784395178808 0.32615146040916443 64
1784395178814 0.3368319272994995 65
1784395178820 0.3062647879123688 66
1784395178825 0.3088902533054352 67
1784395178831 0.2981371283531189 68
1784395178837 0.31304171681404114 69
1784395178845 0.30359703302383423 70
1784395178852 0.2855207622051239 71
1784395178860 0.2964271605014801 72
1784395178866 0.28818750381469727 73
1784395178871 0.2851791977882385 74
1784395178876 0.3053669035434723 75
1784395178882 0.26986628770828247 76
1784395178888 0.31157374382019043 77
1784395178894 0.3104773163795471 78
1784395178900 0.3116765022277832 79
1784395178905 0.29154467582702637 80
1784395178911 0.3339785039424896 81
1784395178916 0.3436484932899475 82
1784395178923 0.27027979493141174 83
1784395178929 0.3457013666629791 84
1784395178934 0.3102807104587555 85
1784395178940 0.3389882445335388 86
1784395178946 0.343561053276062 87
1784395178951 0.2903653383255005 88
1784395178957 0.3821089565753937 89
1784395178962 0.38975703716278076 90
1784395178967 0.2952824831008911 91
1784395178972 0.35999783873558044 92
1784395178977 0.420940101146698 93
1784395178982 0.38204845786094666 94
1784395178986 0.27143609523773193 95
1784395178990 0.35195380449295044 96
1784395178995 0.3756501376628876 97
1784395179000 0.300101101398468 98
1784395179005 0.3407588005065918 99
1784395179011 0.3890869617462158 100
1784395179016 0.3544643223285675 101
1784395179022 0.2702208161354065 102
1784395179028 0.33216938376426697 103
1784395179033 0.3141006827354431 104
1784395179039 0.2671375572681427 105
1784395179044 0.2939017117023468 106
1784395179051 0.24816323816776276 107
1784395179056 0.3039380609989166 108
1784395179062 0.28995954990386963 109
1784395179067 0.2845925986766815 110
1784395179072 0.28864786028862 111
1784395179076 0.3076822757720947 112
1784395179080 0.30427294969558716 113
1784395179085 0.28008294105529785 114
1784395179089 0.27792394161224365 115
1784395179095 0.28833234310150146 116
1784395179102 0.26756301522254944 117
1784395179108 0.28570473194122314 118
1784395179114 0.27958232164382935 119
1784395179120 0.2806645929813385 120
1784395179126 0.2647992670536041 121
1784395179132 0.28897398710250854 122
1784395179137 0.28051069378852844 123
1784395179141 0.29738619923591614 124
1784395179146 0.28056445717811584 125
1784395179151 0.2835538685321808 126
1784395179155 0.2992839813232422 127
1784395179159 0.28577813506126404 128
1784395179164 0.27311092615127563 129
1784395179168 0.2738212049007416 130
1784395179172 0.2833629846572876 131
1784395179177 0.287213534116745 132
1784395179183 0.2930621802806854 133
1784395179189 0.28503432869911194 134
1784395179195 0.2815278470516205 135
1784395179201 0.29289892315864563 136
1784395179207 0.293376624584198 137
1784395179212 0.27203696966171265 138
1784395179218 0.26455357670783997 139
1784395179223 0.2700931131839752 140
1784395179228 0.2879103124141693 141
1784395179233 0.27429741621017456 142
1784395179238 0.2884993553161621 143
1784395179243 0.2962842583656311 144
1784395179248 0.29928961396217346 145
1784395179253 0.2643958628177643 146
1784395179258 0.27289652824401855 147
1784395179265 0.2868471145629883 148
1784395179272 0.2844320833683014 149
1784395179278 0.2970353364944458 150
1784395179284 0.26724907755851746 151
1784395179290 0.28469863533973694 152
1784395179296 0.2842808663845062 153
1784395179303 0.30567917227745056 154
1784395179308 0.2843550741672516 155
1784395179313 0.2822865843772888 156
1784395179319 0.2978695333003998 157
1784395179326 0.26017996668815613 158
1784395179333 0.27515849471092224 159
1784395179337 0.2730728089809418 160
1784395179342 0.25603222846984863 161
1784395179348 0.28054293990135193 162
1784395179355 0.24463799595832825 163
1784395179361 0.269265353679657 164
1784395179367 0.2599567472934723 165
1784395179372 0.25770869851112366 166
1784395179379 0.252753347158432 167
1784395179385 0.27785632014274597 168
1784395179391 0.2588313817977905 169
1784395179397 0.2763492465019226 170
1784395179402 0.27877455949783325 171
1784395179408 0.2625156044960022 172
1784395179414 0.265682578086853 173
1784395179419 0.24445953965187073 174
1784395179425 0.25664830207824707 175
1784395179430 0.25820595026016235 176
1784395179434 0.24519838392734528 177
1784395179439 0.26129502058029175 178
1784395179444 0.29478293657302856 179
1784395179449 0.26012876629829407 180
1784395179455 0.29109689593315125 181
1784395179463 0.2885547876358032 182
1784395179469 0.29635414481163025 183
1784395179474 0.3056218922138214 184
1784395179480 0.2592845857143402 185
1784395179486 0.31148773431777954 186
1784395179492 0.3110843300819397 187
1784395179498 0.2600269615650177 188
1784395179507 0.2734941244125366 189
1784395179513 0.2691095173358917 190
1784395179519 0.2678796947002411 191
1784395179525 0.24454599618911743 192
1784395179531 0.29011017084121704 193
1784395179536 0.2744029760360718 194
1784395179543 0.2967257499694824 195
1784395179549 0.27649158239364624 196
1784395179556 0.2549278140068054 197
1784395179562 0.26724889874458313 198
1784395179568 0.2713606059551239 199
1784395179573 0.26912921667099 200
1784395179580 0.27886688709259033 201
1784395179585 0.2545357644557953 202
1784395179590 0.2836328148841858 203
1784395179597 0.2910299599170685 204
1784395179602 0.2767256200313568 205
1784395179613 0.2761499285697937 206
1784395179620 0.26555466651916504 207
1784395179628 0.27826640009880066 208
1784395179634 0.2891453802585602 209
1784395179640 0.28393855690956116 210
1784395179646 0.2719886600971222 211
1784395179652 0.27732381224632263 212
1784395179658 0.26696038246154785 213
1784395179663 0.2726325988769531 214
1784395179669 0.2698034644126892 215
1784395179675 0.26919224858283997 216
1784395179681 0.2813374400138855 217
1784395179687 0.27822816371917725 218
1784395179693 0.27741771936416626 219
1784395179699 0.2663021385669708 220
1784395179705 0.291293203830719 221
1784395179711 0.2698917090892792 222
1784395179717 0.2744828164577484 223
1784395179723 0.2791195213794708 224
1784395179729 0.26812222599983215 225
1784395179735 0.26731234788894653 226
1784395179740 0.2734856903553009 227
1784395179746 0.2567286491394043 228
1784395179752 0.2635238766670227 229
1784395179758 0.2580209970474243 230
1784395179765 0.25329306721687317 231
1784395179771 0.2532564699649811 232
1784395179777 0.2587732970714569 233
1784395179784 0.26790812611579895 234
1784395179790 0.27265626192092896 235
1784395179796 0.25921347737312317 236
1784395179802 0.2788482904434204 237
1784395179808 0.2572742700576782 238
1784395179813 0.24905267357826233 239
1784395179818 0.2590840458869934 240
1784395179823 0.25128990411758423 241
1784395179828 0.3037247061729431 242
1784395179833 0.2696599066257477 243
1784395179840 0.2649107575416565 244
1784395179848 0.2745094299316406 245
1784395179855 0.2944258153438568 246
1784395179863 0.2590771019458771 247
1784395179870 0.276400089263916 248
1784395179877 0.2843935191631317 249
1784395179884 0.28092795610427856 250
1784395179891 0.2762291431427002 251
1784395179898 0.2547450661659241 252
1784395179907 0.2826640009880066 253
1784395179917 0.26518309116363525 254
1784395179928 0.2742004692554474 255
1784395179934 0.26842808723449707 256
1784395179939 0.2767817974090576 257
1784395179945 0.26249346137046814 258
1784395179951 0.25754204392433167 259
1784395179957 0.2880611717700958 260
1784395179963 0.2759270668029785 261
1784395179971 0.28310883045196533 262
1784395179975 0.27700942754745483 263
1784395179980 0.26731887459754944 264
1784395179985 0.24737457931041718 265
1784395179989 0.25810107588768005 266
1784395179995 0.25036919116973877 267
1784395179999 0.2627411186695099 268
1784395180004 0.25926145911216736 269
1784395180011 0.25741398334503174 270
1784395180017 0.28086748719215393 271
1784395180024 0.26473793387413025 272
1784395180030 0.2876388430595398 273
1784395180035 0.27784550189971924 274
1784395180042 0.24999816715717316 275
1784395180048 0.2712155282497406 276
1784395180055 0.26714158058166504 277
1784395180061 0.29281339049339294 278
1784395180069 0.29823359847068787 279
1784395180075 0.2631657123565674 280
1784395180080 0.315247505903244 281
1784395180087 0.3143080770969391 282
1784395180092 0.2806568145751953 283
1784395180096 0.31115108728408813 284
1784395180102 0.31949296593666077 285
1784395180106 0.3219631016254425 286
1784395180111 0.25921449065208435 287
1784395180117 0.301345556974411 288
1784395180121 0.3506549894809723 289
1784395180126 0.3463246822357178 290
1784395180131 0.26745927333831787 291
1784395180137 0.3201240301132202 292
1784395180143 0.34909459948539734 293
1784395180149 0.34790700674057007 294
1784395180154 0.3083696663379669 295
1784395180160 0.2903217673301697 296
1784395180166 0.3303161859512329 297
1784395180172 0.2945643365383148 298
1784395180179 0.28042149543762207 299
1784395180185 0.3055500090122223 300
1784395180192 0.31670665740966797 301
1784395180197 0.3032257556915283 302
1784395180204 0.2686554789543152 303
1784395180210 0.2901519238948822 304
1784395180215 0.27222439646720886 305
1784395180221 0.27229389548301697 306
1784395180227 0.29271477460861206 307
1784395180233 0.27135130763053894 308
1784395180239 0.2966897189617157 309
1784395180244 0.3047846853733063 310
1784395180250 0.26563021540641785 311
1784395180255 0.2777864634990692 312
1784395180261 0.3009830117225647 313
1784395180266 0.26878291368484497 314
1784395180270 0.2768402099609375 315
1784395180275 0.3022458851337433 316
1784395180280 0.28431299328804016 317
1784395180285 0.2977989614009857 318
1784395180289 0.30174440145492554 319
1784395180295 0.27844107151031494 320
1784395180301 0.2536390721797943 321
1784395180308 0.2865876853466034 322
1784395180315 0.260587602853775 323
1784395180321 0.2664196491241455 324
1784395180327 0.2821761667728424 325
1784395180333 0.25481900572776794 326
1784395180339 0.2882675528526306 327
1784395180344 0.2815660238265991 328
1784395180350 0.2874402701854706 329
1784395180355 0.2767987549304962 330
1784395180360 0.2625506520271301 331
1784395180365 0.28899914026260376 332
1784395180371 0.27238038182258606 333
1784395180377 0.2647829055786133 334
1784395180383 0.28195932507514954 335
1784395180388 0.25955310463905334 336
1784395180393 0.27611687779426575 337
1784395180398 0.2660442590713501 338
1784395180403 0.2649117708206177 339
1784395180408 0.2611020505428314 340
1784395180413 0.25520822405815125 341
1784395180417 0.25493887066841125 342
1784395180425 0.2612762749195099 343
1784395180433 0.28959155082702637 344
1784395180439 0.2610684335231781 345
1784395180445 0.27480119466781616 346
1784395180450 0.26520031690597534 347
1784395180456 0.2655050754547119 348
1784395180460 0.2723422646522522 349
1784395180465 0.2619808316230774 350
1784395180470 0.28390440344810486 351
1784395180475 0.2716563045978546 352
1784395180481 0.25370022654533386 353
1784395180487 0.267294317483902 354
1784395180493 0.2781231999397278 355
1784395180498 0.2748277187347412 356
1784395180504 0.26771673560142517 357
1784395180510 0.24293409287929535 358
1784395180516 0.2597535252571106 359
1784395180521 0.2781711220741272 360
1784395180526 0.2654411196708679 361
1784395180532 0.27635395526885986 362
1784395180536 0.2683868706226349 363
1784395180541 0.27361351251602173 364
1784395180546 0.2770039141178131 365
1784395180550 0.24865347146987915 366
1784395180556 0.28061747550964355 367
1784395180562 0.2504916191101074 368
1784395180569 0.2535140812397003 369
1784395180574 0.24444584548473358 370
1784395180579 0.2674001455307007 371
1784395180584 0.2576063573360443 372
1784395180589 0.2879704535007477 373
1784395180594 0.26875561475753784 374
1784395180598 0.2638648748397827 375
1784395180603 0.2744218409061432 376
1784395180608 0.27747640013694763 377
1784395180613 0.27041560411453247 378
1784395180620 0.26840779185295105 379
1784395180627 0.2698003053665161 380
1784395180633 0.2629081606864929 381
1784395180640 0.2598890960216522 382
1784395180647 0.25306209921836853 383
1784395180653 0.26531460881233215 384
1784395180659 0.2674521505832672 385
1784395180665 0.26935702562332153 386
1784395180669 0.2731584906578064 387
1784395180674 0.27549436688423157 388
1784395180679 0.2704850733280182 389
1784395180683 0.25980252027511597 390
1784395180688 0.2685816287994385 391
1784395180693 0.2700636088848114 392
1784395180697 0.27455395460128784 393
1784395180703 0.2421497255563736 394
1784395180710 0.26888617873191833 395
1784395180717 0.25438472628593445 396
1784395180723 0.28292950987815857 397
1784395180729 0.2523839473724365 398
1784395180735 0.27339446544647217 399
1784395180741 0.2828035056591034 400
1784395180747 0.2878217399120331 401
1784395180752 0.27619293332099915 402
1784395180758 0.25656652450561523 403
1784395180764 0.2831851840019226 404
1784395180769 0.2761269509792328 405
1784395180775 0.265201598405838 406
1784395180781 0.2688913643360138 407
1784395180787 0.2610888183116913 408
1784395180792 0.2593584656715393 409
1784395180797 0.2705070674419403 410
1784395180802 0.2846725881099701 411
1784395180806 0.25971221923828125 412
1784395180810 0.26825228333473206 413
1784395180815 0.27232542634010315 414
1784395180820 0.25146380066871643 415
1784395180825 0.27451279759407043 416
1784395180832 0.2477044314146042 417
1784395180839 0.2789350748062134 418
1784395180845 0.2789839804172516 419
1784395180852 0.28144147992134094 420
1784395180859 0.275068074464798 421
1784395180865 0.29732027649879456 422
1784395180871 0.2515413761138916 423
1784395180876 0.26540908217430115 424
1784395180881 0.2691231071949005 425
1784395180886 0.2706661522388458 426
1784395180890 0.27269771695137024 427
1784395180895 0.2770479619503021 428
1784395180900 0.2673395574092865 429
1784395180906 0.2783271372318268 430
1784395180912 0.273014098405838 431
1784395180918 0.27102404832839966 432
1784395180923 0.2671172022819519 433
1784395180928 0.2733345627784729 434
1784395180934 0.2684137523174286 435
1784395180940 0.26961466670036316 436
1784395180945 0.2741730809211731 437
1784395180951 0.2631274163722992 438
1784395180957 0.27222496271133423 439
1784395180962 0.27658629417419434 440
1784395180967 0.25434544682502747 441
1784395180972 0.2755981385707855 442
1784395180977 0.2535843253135681 443
1784395180981 0.26438501477241516 444
1784395180985 0.2565958499908447 445
1784395180990 0.28037482500076294 446
1784395180995 0.2715895473957062 447
1784395180999 0.26151198148727417 448
1784395181003 0.2502060830593109 449
1784395181008 0.2823629677295685 450
1784395181013 0.26524147391319275 451
1784395181019 0.27724868059158325 452
1784395181025 0.2656514644622803 453
1784395181031 0.275004506111145 454
1784395181036 0.25731393694877625 455
1784395181042 0.27166107296943665 456
1784395181048 0.2530554234981537 457
1784395181054 0.28738078474998474 458
1784395181060 0.2906636595726013 459
1784395181066 0.2617107629776001 460
1784395181072 0.27280327677726746 461
1784395181079 0.2794606387615204 462
1784395181085 0.2579081654548645 463
1784395181091 0.2762529253959656 464
1784395181096 0.2590102255344391 465
1784395181101 0.2695363163948059 466
1784395181106 0.2880015969276428 467
1784395181110 0.2624426484107971 468
1784395181115 0.2566889822483063 469
1784395181119 0.277669757604599 470
1784395181124 0.2670738697052002 471
1784395181129 0.26988685131073 472
1784395181135 0.2730790674686432 473
1784395181142 0.2677725851535797 474
1784395181148 0.2566947042942047 475
1784395181154 0.2501632273197174 476
1784395181160 0.27488672733306885 477
1784395181166 0.26607534289360046 478
1784395181172 0.25682613253593445 479
1784395181178 0.26882728934288025 480
1784395181183 0.2664455473423004 481
1784395181189 0.2613201141357422 482
1784395181194 0.2538345456123352 483
1784395181198 0.2700136601924896 484
1784395181203 0.24479082226753235 485
1784395181208 0.26436689496040344 486
1784395181212 0.2737357020378113 487
1784395181216 0.25169017910957336 488
1784395181222 0.24905161559581757 489
1784395181229 0.2691187858581543 490
1784395181238 0.2611895799636841 491
1784395181244 0.2759231925010681 492
1784395181249 0.27529335021972656 493
1784395181254 0.2635173201560974 494
1784395181259 0.26847583055496216 495
1784395181264 0.2536167502403259 496
1784395181269 0.278888463973999 497
1784395181274 0.24618315696716309 498
1784395181279 0.2796342968940735 499
1784395181284 0.26321783661842346 500
1784395181289 0.24942417442798615 501
1784395181297 0.26472991704940796 502
1784395181303 0.25909802317619324 503
1784395181310 0.2818286418914795 504
1784395181314 0.2766348421573639 505
1784395181319 0.25179263949394226 506
1784395181324 0.2783183753490448 507
1784395181329 0.2589243948459625 508
1784395181333 0.2694869041442871 509
1784395181337 0.2638463079929352 510
1784395181342 0.26691433787345886 511
1784395181347 0.2571758031845093 512
1784395181351 0.2713029384613037 513
1784395181356 0.25625351071357727 514
1784395181362 0.27216634154319763 515
1784395181368 0.23001013696193695 516
1784395181375 0.2629294991493225 517
1784395181381 0.2558889091014862 518
1784395181387 0.2692091166973114 519
1784395181393 0.27779027819633484 520
1784395181398 0.24744707345962524 521
1784395181403 0.2579389214515686 522
1784395181408 0.2517484426498413 523
1784395181412 0.2626819312572479 524
1784395181417 0.25733721256256104 525
1784395181421 0.2744046449661255 526
1784395181426 0.256357342004776 527
1784395181430 0.25798338651657104 528
1784395181435 0.260061115026474 529
1784395181440 0.26859050989151 530
1784395181446 0.2640431523323059 531
1784395181455 0.26030585169792175 532
1784395181461 0.2687317430973053 533
1784395181468 0.2652583122253418 534
1784395181473 0.259378045797348 535
1784395181479 0.2587903141975403 536
1784395181484 0.2717869281768799 537
1784395181489 0.24084995687007904 538
1784395181493 0.26374128460884094 539
1784395181498 0.251034140586853 540
1784395181503 0.2586083710193634 541
1784395181507 0.2623928487300873 542
1784395181512 0.24379971623420715 543
1784395181517 0.27937430143356323 544
1784395181522 0.22818319499492645 545
1784395181528 0.2667925953865051 546
1784395181533 0.2683132290840149 547
1784395181539 0.24412430822849274 548
1784395181546 0.269531786441803 549
1784395181551 0.2515879273414612 550
1784395181557 0.2639123499393463 551
1784395181563 0.2641263008117676 552
1784395181569 0.24580419063568115 553
1784395181575 0.26094046235084534 554
1784395181582 0.26392480731010437 555
1784395181588 0.2603953778743744 556
1784395181594 0.263919860124588 557
1784395181600 0.24786673486232758 558
1784395181606 0.24782297015190125 559
1784395181612 0.2613494396209717 560
1784395181618 0.25114893913269043 561
1784395181623 0.26910123229026794 562
1784395181630 0.26410168409347534 563
1784395181635 0.25993427634239197 564
1784395181639 0.2556014060974121 565
1784395181644 0.2609451711177826 566
1784395181649 0.26475298404693604 567
1784395181654 0.250762403011322 568
1784395181660 0.25305280089378357 569
1784395181664 0.26012760400772095 570
1784395181670 0.2742549479007721 571
1784395181675 0.2532501816749573 572
1784395181681 0.28846368193626404 573
1784395181686 0.2603387236595154 574
1784395181693 0.2612197697162628 575
1784395181698 0.278387188911438 576
1784395181704 0.2788557708263397 577
1784395181709 0.2761131525039673 578
1784395181715 0.2592660188674927 579
1784395181721 0.28691062331199646 580
1784395181726 0.2588532269001007 581
1784395181732 0.26134249567985535 582
1784395181737 0.2533959448337555 583
1784395181743 0.2633088529109955 584
1784395181748 0.2605128884315491 585
1784395181755 0.25022807717323303 586
1784395181760 0.2513275146484375 587
1784395181765 0.26213347911834717 588
1784395181770 0.27208226919174194 589
1784395181775 0.25609394907951355 590
1784395181779 0.25944215059280396 591
1784395181784 0.2730160057544708 592
1784395181789 0.26669785380363464 593
1784395181794 0.25490280985832214 594
1784395181800 0.2790469825267792 595
1784395181808 0.23961427807807922 596
1784395181814 0.2860372066497803 597
1784395181820 0.27710962295532227 598
1784395181826 0.26559534668922424 599
1784395181831 0.2601982355117798 600
1784395181837 0.27298519015312195 601
1784395181843 0.2492789775133133 602
1784395181850 0.27681297063827515 603
1784395181857 0.2659146189689636 604
1784395181863 0.26908376812934875 605
1784395181867 0.2802533507347107 606
1784395181872 0.2718413472175598 607
1784395181876 0.2585725486278534 608
1784395181881 0.27459025382995605 609
1784395181886 0.27195703983306885 610
1784395181890 0.27870839834213257 611
1784395181895 0.2727048099040985 612
1784395181900 0.2697578966617584 613
1784395181907 0.26835355162620544 614
1784395181914 0.25072023272514343 615
1784395181922 0.2578188478946686 616
1784395181927 0.261691689491272 617
1784395181931 0.263290673494339 618
1784395181936 0.257856160402298 619
1784395181940 0.2738354206085205 620
1784395181944 0.2403099685907364 621
1784395181949 0.2651231586933136 622
1784395181953 0.2566708028316498 623
1784395181958 0.2652041018009186 624
1784395181964 0.27270621061325073 625
1784395181971 0.24890291690826416 626
1784395181978 0.2580554485321045 627
1784395181983 0.26473909616470337 628
1784395181988 0.25914740562438965 629
1784395181993 0.2498544156551361 630
1784395181998 0.2682819664478302 631
1784395182002 0.2612767219543457 632
1784395182007 0.24609456956386566 633
1784395182012 0.273347944021225 634
1784395182016 0.2724182605743408 635
1784395182022 0.26858529448509216 636
1784395182028 0.2489384263753891 637
1784395182034 0.2715740203857422 638
1784395182039 0.2839888036251068 639
1784395182045 0.235326886177063 640
1784395182051 0.2766938805580139 641
1784395182057 0.2527150809764862 642
1784395182063 0.3000035285949707 643
1784395182069 0.28645870089530945 644
1784395182074 0.23466505110263824 645
1784395182080 0.30452367663383484 646
1784395182086 0.27762845158576965 647
1784395182091 0.26204967498779297 648
1784395182097 0.307786226272583 649
1784395182102 0.31696417927742004 650
1784395182107 0.28393787145614624 651
1784395182112 0.26832664012908936 652
1784395182117 0.2813316583633423 653
1784395182122 0.26621565222740173 654
1784395182126 0.28078770637512207 655
1784395182131 0.29871708154678345 656
1784395182137 0.28972768783569336 657
1784395182142 0.26930078864097595 658
1784395182149 0.27858585119247437 659
1784395182154 0.2556051015853882 660
1784395182160 0.28770723938941956 661
1784395182167 0.31031879782676697 662
1784395182173 0.2866433262825012 663
1784395182178 0.2724262475967407 664
1784395182185 0.2834298312664032 665
1784395182190 0.2653387486934662 666
1784395182194 0.2823563516139984 667
1784395182198 0.29011207818984985 668
1784395182203 0.24934247136116028 669
1784395182207 0.27127134799957275 670
1784395182212 0.2955721914768219 671
1784395182216 0.26041388511657715 672
1784395182221 0.2917083501815796 673
1784395182226 0.27342644333839417 674
1784395182232 0.2597765326499939 675
1784395182238 0.25774553418159485 676
1784395182244 0.2572244107723236 677
1784395182250 0.2454938292503357 678
1784395182255 0.2548973262310028 679
1784395182261 0.2847067415714264 680
1784395182266 0.27142855525016785 681
1784395182272 0.25367408990859985 682
1784395182278 0.25795289874076843 683
1784395182284 0.255165696144104 684
1784395182289 0.29066577553749084 685
1784395182295 0.28587812185287476 686
1784395182300 0.258433073759079 687
1784395182306 0.3053188621997833 688
1784395182311 0.30795931816101074 689
1784395182316 0.263288289308548 690
1784395182320 0.30559536814689636 691
1784395182325 0.30687522888183594 692
1784395182330 0.29925280809402466 693
1784395182335 0.2523035407066345 694
1784395182340 0.3037518560886383 695
1784395182346 0.32010912895202637 696
1784395182352 0.2868441641330719 697
1784395182358 0.27047502994537354 698
1784395182364 0.2845385670661926 699
1784395182370 0.27591654658317566 700
1784395182375 0.28859061002731323 701
1784395182381 0.2993128299713135 702
1784395182389 0.27597254514694214 703
1784395182396 0.27126285433769226 704
1784395182402 0.2604076862335205 705
1784395182408 0.27045437693595886 706
1784395182416 0.2811114192008972 707
1784395182421 0.2861056327819824 708
1784395182428 0.2702183723449707 709
1784395182435 0.24729187786579132 710
1784395182441 0.26104626059532166 711
1784395182446 0.24803580343723297 712
1784395182451 0.2561717629432678 713
1784395182457 0.2576742470264435 714
1784395182461 0.2650257349014282 715
1784395182467 0.2759917080402374 716
1784395182472 0.26955434679985046 717
1784395182477 0.2665996551513672 718
1784395182483 0.25277024507522583 719
1784395182489 0.2475215345621109 720
1784395182495 0.26518145203590393 721
1784395182501 0.27601709961891174 722
1784395182507 0.25749558210372925 723
1784395182513 0.2814863622188568 724
1784395182518 0.2710348963737488 725
1784395182525 0.2678588330745697 726
1784395182530 0.26323139667510986 727
1784395182535 0.26996535062789917 728
1784395182539 0.26945969462394714 729
1784395182543 0.25393158197402954 730
1784395182548 0.28054144978523254 731
1784395182553 0.24895332753658295 732
1784395182559 0.2659696936607361 733
1784395182564 0.26805034279823303 734
1784395182570 0.24363619089126587 735
1784395182576 0.2686479985713959 736
1784395182583 0.256334513425827 737
1784395182589 0.2346247136592865 738
1784395182594 0.2609094977378845 739
1784395182599 0.2386215329170227 740
1784395182605 0.2691807150840759 741
1784395182610 0.2568053603172302 742
1784395182615 0.2717001438140869 743
1784395182621 0.26674884557724 744
1784395182626 0.2508564293384552 745
1784395182631 0.2582981288433075 746
1784395182637 0.24755021929740906 747
1784395182643 0.2590261995792389 748
1784395182648 0.26429179310798645 749
1784395182654 0.263496994972229 750
1784395182661 0.2619759440422058 751
1784395182667 0.26726311445236206 752
1784395182673 0.2638843059539795 753
1784395182679 0.24524497985839844 754
1784395182684 0.23684482276439667 755
1784395182691 0.23500365018844604 756
1784395182698 0.262921541929245 757
1784395182704 0.26177847385406494 758
1784395182710 0.2566164433956146 759
1784395182715 0.24910199642181396 760
1784395182720 0.2549450993537903 761
1784395182725 0.26088207960128784 762
1784395182731 0.26793694496154785 763
1784395182736 0.2520303428173065 764
1784395182741 0.2824079692363739 765
1784395182746 0.24630106985569 766
1784395182752 0.2541632354259491 767
1784395182758 0.26396894454956055 768
1784395182764 0.2513209283351898 769
1784395182769 0.2497129589319229 770
1784395182775 0.28591910004615784 771
1784395182780 0.2773198187351227 772
1784395182784 0.25992724299430847 773
1784395182789 0.2850060760974884 774
1784395182794 0.26323676109313965 775
1784395182799 0.2647254467010498 776
1784395182804 0.274381160736084 777
1784395182809 0.26643362641334534 778
1784395182814 0.27019521594047546 779
1784395182821 0.26690638065338135 780
1784395182826 0.28025591373443604 781
1784395182832 0.25430625677108765 782
1784395182838 0.2540380656719208 783
1784395182845 0.2665138840675354 784
1784395182851 0.26182112097740173 785
1784395182857 0.2855672836303711 786
1784395182864 0.2525043487548828 787
1784395182870 0.26186901330947876 788
1784395182876 0.24397030472755432 789
1784395182882 0.27056097984313965 790
1784395182887 0.2606579661369324 791
1784395182893 0.25856542587280273 792
1784395182898 0.25040194392204285 793
1784395182903 0.2752782106399536 794
1784395182908 0.2601080536842346 795
1784395182913 0.2880913019180298 796
1784395182919 0.24668189883232117 797
1784395182924 0.2836777865886688 798
1784395182928 0.27309179306030273 799
1784395182933 0.2486904263496399 800
1784395182940 0.2728613317012787 801
1784395182946 0.26955392956733704 802
1784395182952 0.26722201704978943 803
1784395182957 0.26643115282058716 804
1784395182963 0.2790319621562958 805
1784395182969 0.26883262395858765 806
1784395182976 0.26522505283355713 807
1784395182981 0.2738921046257019 808
1784395182986 0.25472816824913025 809
1784395182991 0.2581143379211426 810
1784395182996 0.2682916224002838 811
1784395183001 0.2621006965637207 812
1784395183006 0.2557157278060913 813
1784395183011 0.2676220238208771 814
1784395183016 0.24531979858875275 815
1784395183022 0.2730272114276886 816
1784395183029 0.2506309151649475 817
1784395183035 0.2972202003002167 818
1784395183041 0.2636374235153198 819
1784395183046 0.24412232637405396 820
1784395183052 0.28921473026275635 821
1784395183057 0.26143839955329895 822
1784395183061 0.2685052156448364 823
1784395183067 0.2903539836406708 824
1784395183072 0.2671896815299988 825
1784395183077 0.2999877631664276 826
1784395183081 0.2931819558143616 827
1784395183086 0.25439631938934326 828
1784395183094 0.30434542894363403 829
1784395183100 0.30277925729751587 830
1784395183106 0.30589577555656433 831
1784395183112 0.2681543529033661 832
1784395183119 0.2930055856704712 833
1784395183126 0.29818180203437805 834
1784395183132 0.26786255836486816 835
1784395183138 0.29340627789497375 836
1784395183145 0.3088838458061218 837
1784395183151 0.2895323634147644 838
1784395183158 0.26975494623184204 839
1784395183164 0.27875128388404846 840
1784395183171 0.26236942410469055 841
1784395183177 0.2642267048358917 842
1784395183183 0.2752426266670227 843
1784395183188 0.2478656768798828 844
1784395183192 0.2873779237270355 845
1784395183197 0.25508520007133484 846
1784395183202 0.265648752450943 847
1784395183206 0.26503151655197144 848
1784395183211 0.2658144235610962 849
1784395183216 0.268968790769577 850
1784395183221 0.2621478736400604 851
1784395183227 0.25758734345436096 852
1784395183232 0.2836969196796417 853
1784395183238 0.2555633783340454 854
1784395183245 0.2520090937614441 855
1784395183251 0.26425614953041077 856
1784395183257 0.2649649679660797 857
1784395183262 0.2632402181625366 858
1784395183268 0.2920110523700714 859
1784395183274 0.2870980501174927 860
1784395183279 0.25152498483657837 861
1784395183285 0.2628573477268219 862
1784395183292 0.25193625688552856 863
1784395183297 0.27693942189216614 864
1784395183303 0.29459166526794434 865
1784395183308 0.27434784173965454 866
1784395183313 0.2874829173088074 867
1784395183319 0.28785234689712524 868
1784395183324 0.25374072790145874 869
1784395183330 0.2920684814453125 870
1784395183335 0.29604873061180115 871
1784395183340 0.282095730304718 872
1784395183346 0.28596168756484985 873
1784395183350 0.2694340646266937 874
1784395183356 0.2623057961463928 875
1784395183360 0.27997568249702454 876
1784395183365 0.2936401963233948 877
1784395183370 0.26860588788986206 878
1784395183375 0.29156625270843506 879
1784395183381 0.2917126715183258 880
1784395183387 0.2740771770477295 881
1784395183393 0.2843278646469116 882
1784395183400 0.2997463643550873 883
1784395183406 0.28843140602111816 884
1784395183412 0.2716659605503082 885
1784395183418 0.2898211181163788 886
1784395183424 0.26051732897758484 887
1784395183430 0.26896557211875916 888
1784395183435 0.26730722188949585 889
1784395183441 0.25895294547080994 890
1784395183446 0.26901599764823914 891
1784395183451 0.281556099653244 892
1784395183456 0.2657240927219391 893
1784395183460 0.26395004987716675 894
1784395183465 0.24544896185398102 895
1784395183470 0.2718096673488617 896
1784395183476 0.2540958523750305 897
1784395183480 0.26272138953208923 898
1784395183486 0.254726767539978 899
1784395183493 0.26972949504852295 900
1784395183499 0.2477138638496399 901
1784395183505 0.28022101521492004 902
1784395183511 0.252474308013916 903
1784395183517 0.26039546728134155 904
1784395183523 0.2589476406574249 905
1784395183529 0.25065910816192627 906
1784395183533 0.2443827986717224 907
1784395183538 0.2609773874282837 908
1784395183544 0.24461528658866882 909
1784395183550 0.2463960498571396 910
1784395183554 0.2442028671503067 911
1784395183559 0.24627117812633514 912
1784395183564 0.26759621500968933 913
1784395183569 0.26875969767570496 914
1784395183575 0.2528004050254822 915
1784395183581 0.2578257620334625 916
1784395183588 0.27556419372558594 917
1784395183594 0.2595696449279785 918
1784395183599 0.2531419098377228 919
1784395183605 0.26638975739479065 920
1784395183611 0.25005078315734863 921
1784395183617 0.2624610960483551 922
1784395183622 0.25336575508117676 923
1784395183628 0.25624221563339233 924
1784395183633 0.24793146550655365 925
1784395183639 0.2657122015953064 926
1784395183644 0.26305660605430603 927
1784395183649 0.2521411180496216 928
1784395183654 0.24374572932720184 929
1784395183659 0.23385313153266907 930
1784395183663 0.24343560636043549 931
1784395183668 0.2571413815021515 932
1784395183673 0.2544337511062622 933
1784395183677 0.25629085302352905 934
1784395183683 0.24411657452583313 935
1784395183688 0.24958926439285278 936
1784395183910 0.2670207619667053 937
1784395183917 0.26064398884773254 938
1784395183922 0.24930542707443237 939
1784395183929 0.24830028414726257 940
1784395183935 0.2543991506099701 941
1784395183941 0.24119150638580322 942
1784395183947 0.23616911470890045 943
1784395183951 0.273061603307724 944
1784395183957 0.262112021446228 945
1784395183962 0.2634289860725403 946
1784395183969 0.26069092750549316 947
1784395183975 0.2686244249343872 948
1784395183981 0.2737298607826233 949
1784395183988 0.25879231095314026 950
1784395183994 0.2705605626106262 951
1784395184000 0.28389328718185425 952
1784395184007 0.2489938586950302 953
1784395184014 0.29231080412864685 954
1784395184021 0.3038800358772278 955
1784395184028 0.27244386076927185 956
1784395184034 0.2700762450695038 957
1784395184040 0.27771666646003723 958
1784395184046 0.2706075608730316 959
1784395184052 0.27885186672210693 960
1784395184059 0.2842165231704712 961
1784395184065 0.27218642830848694 962
1784395184071 0.29007488489151 963
1784395184077 0.2946794927120209 964
1784395184082 0.2661736309528351 965
1784395184088 0.28305506706237793 966
1784395184094 0.3013637065887451 967
1784395184099 0.2815000116825104 968
1784395184105 0.25845885276794434 969
1784395184111 0.26900067925453186 970
1784395184116 0.2422408014535904 971
1784395184121 0.3052354156970978 972
1784395184127 0.28525468707084656 973
1784395184132 0.24795874953269958 974
1784395184138 0.2814371585845947 975
1784395184144 0.2826066017150879 976
1784395184149 0.26097169518470764 977
1784395184155 0.28218066692352295 978
1784395184160 0.2467983067035675 979
1784395184166 0.2687942087650299 980
1784395184171 0.2821616232395172 981
1784395184176 0.2601611614227295 982
1784395184181 0.2718218266963959 983
1784395184187 0.25840243697166443 984
1784395184192 0.24956201016902924 985
1784395184199 0.2698343098163605 986
1784395184205 0.27799466252326965 987
1784395184211 0.2648122310638428 988
1784395184216 0.24371568858623505 989
1784395184222 0.2664814889431 990
1784395184228 0.26040759682655334 991
1784395184233 0.2657625675201416 992
1784395184239 0.2685682773590088 993
1784395184244 0.27451059222221375 994
1784395184251 0.28658929467201233 995
1784395184256 0.27899739146232605 996
1784395184261 0.2699238955974579 997
1784395184267 0.28969481587409973 998
1784395184273 0.2592199742794037 999
1784395184278 0.2863045036792755 1000
1784395184284 0.28063035011291504 1001
1784395184289 0.2647666335105896 1002
1784395184295 0.2807497978210449 1003
1784395184301 0.27661117911338806 1004
1784395184306 0.270882785320282 1005
1784395184312 0.2914165258407593 1006
1784395184318 0.3071868121623993 1007
1784395184324 0.28543201088905334 1008
1784395184330 0.2675563395023346 1009
1784395184336 0.2876712381839752 1010
1784395184341 0.2726689875125885 1011
1784395184347 0.2759069800376892 1012
1784395184353 0.27360257506370544 1013
1784395184358 0.2596941292285919 1014
1784395184364 0.2756724953651428 1015
1784395184370 0.2761380076408386 1016
1784395184376 0.26806390285491943 1017
1784395184382 0.26108282804489136 1018
1784395184390 0.26366081833839417 1019
1784395184397 0.28014740347862244 1020
1784395184404 0.2727822959423065 1021
1784395184409 0.24877949059009552 1022
1784395184414 0.2753913700580597 1023
1784395184420 0.26075538992881775 1024
1784395184425 0.26574984192848206 1025
1784395184430 0.2645609974861145 1026
1784395184435 0.2613297998905182 1027
1784395184441 0.2547113001346588 1028
1784395184448 0.2517138421535492 1029
1784395184452 0.2581702768802643 1030
1784395184459 0.25877177715301514 1031
1784395184464 0.25896570086479187 1032
1784395184470 0.2633669674396515 1033
1784395184475 0.2602885663509369 1034
1784395184480 0.24333369731903076 1035
1784395184486 0.2557820677757263 1036
1784395184492 0.2584638297557831 1037
1784395184498 0.2676538825035095 1038
1784395184504 0.275160551071167 1039
1784395184509 0.25711196660995483 1040
1784395184515 0.2677316963672638 1041
1784395184522 0.25410255789756775 1042
1784395184528 0.2615910768508911 1043
1784395184534 0.2794628441333771 1044
1784395184540 0.2600472569465637 1045
1784395184546 0.2616584897041321 1046
1784395184552 0.27240392565727234 1047
1784395184558 0.2567039430141449 1048
1784395184564 0.26696673035621643 1049
1784395184572 0.26804113388061523 1050
1784395184578 0.2945365011692047 1051
1784395184584 0.2898957431316376 1052
1784395184589 0.2632960081100464 1053
1784395184596 0.28020477294921875 1054
1784395184603 0.2731621563434601 1055
1784395184609 0.24834103882312775 1056
1784395184614 0.2935020923614502 1057
1784395184619 0.2741731107234955 1058
1784395184624 0.26713261008262634 1059
1784395184629 0.28280940651893616 1060
1784395184634 0.28828164935112 1061
1784395184639 0.2673209011554718 1062
1784395184643 0.25213193893432617 1063
1784395184648 0.2712760865688324 1064
1784395184653 0.25442349910736084 1065
1784395184657 0.2684604823589325 1066
1784395184662 0.25068819522857666 1067
1784395184668 0.2735229432582855 1068
1784395184673 0.25259318947792053 1069
1784395184678 0.2482871562242508 1070
1784395184683 0.283428430557251 1071
1784395184689 0.25496554374694824 1072
1784395184695 0.25857749581336975 1073
1784395184700 0.26113659143447876 1074
1784395184706 0.24769486486911774 1075
1784395184711 0.25465694069862366 1076
1784395184717 0.23464681208133698 1077
1784395184723 0.26288771629333496 1078
1784395184730 0.24737350642681122 1079
1784395184736 0.24360953271389008 1080
1784395184740 0.2611331641674042 1081
1784395184745 0.2778588831424713 1082
1784395184750 0.2567099630832672 1083
1784395184755 0.25727903842926025 1084
1784395184759 0.2571214437484741 1085
1784395184764 0.25622954964637756 1086
1784395184768 0.2513735592365265 1087
1784395184773 0.2551537752151489 1088
1784395184777 0.2405685931444168 1089
1784395184784 0.24492809176445007 1090
1784395184793 0.25908276438713074 1091
1784395184801 0.25676965713500977 1092
1784395184807 0.2456895112991333 1093
1784395184814 0.25460386276245117 1094
1784395184820 0.25440549850463867 1095
1784395184828 0.2431953400373459 1096
1784395184834 0.24939237534999847 1097
1784395184839 0.26530182361602783 1098
1784395184845 0.24924422800540924 1099
1784395184849 0.25839290022850037 1100
1784395184854 0.2421475648880005 1101
1784395184858 0.2621317207813263 1102
1784395184863 0.27257299423217773 1103
1784395184867 0.25722235441207886 1104
1784395184872 0.26300299167633057 1105
1784395184876 0.26669174432754517 1106
1784395184880 0.25330543518066406 1107
1784395184885 0.24489839375019073 1108
1784395184890 0.26114022731781006 1109
1784395184898 0.24536217749118805 1110
1784395184905 0.26592597365379333 1111
1784395184911 0.26996126770973206 1112
1784395184918 0.2550996243953705 1113
1784395184923 0.26919299364089966 1114
1784395184928 0.27680662274360657 1115
1784395184933 0.27175572514533997 1116
1784395184939 0.26055771112442017 1117
1784395184945 0.26531538367271423 1118
1784395184950 0.2624824345111847 1119
1784395184955 0.2672973573207855 1120
1784395184960 0.26153630018234253 1121
1784395184964 0.2753853499889374 1122
1784395184969 0.27340367436408997 1123
1784395184974 0.25637537240982056 1124
1784395184980 0.29411885142326355 1125
1784395184985 0.256408154964447 1126
1784395184992 0.2617117166519165 1127
1784395184998 0.2502586543560028 1128
1784395185007 0.27124643325805664 1129
1784395185014 0.2596398890018463 1130
1784395185021 0.2633093297481537 1131
1784395185027 0.2724997401237488 1132
1784395185036 0.25398507714271545 1133
1784395185044 0.25656983256340027 1134
1784395185051 0.2766280174255371 1135
1784395185058 0.26704344153404236 1136
1784395185066 0.28002017736434937 1137
1784395185072 0.2616656422615051 1138
1784395185081 0.26399168372154236 1139
1784395185088 0.2690609097480774 1140
1784395185093 0.24736334383487701 1141
1784395185099 0.25441867113113403 1142
1784395185105 0.26221781969070435 1143
1784395185112 0.23691290616989136 1144
1784395185118 0.27012816071510315 1145
1784395185124 0.24898283183574677 1146
1784395185130 0.27410998940467834 1147
1784395185137 0.2625051736831665 1148
1784395185144 0.27675721049308777 1149
1784395185150 0.27423906326293945 1150
1784395185157 0.2470480054616928 1151
1784395185164 0.26537853479385376 1152
1784395185172 0.2522733211517334 1153
1784395185178 0.268767386674881 1154
1784395185185 0.27815836668014526 1155
1784395185191 0.256418377161026 1156
1784395185198 0.2733286917209625 1157
1784395185209 0.26233020424842834 1158
1784395185217 0.25998157262802124 1159
1784395185223 0.27976587414741516 1160
1784395185229 0.2751707434654236 1161
1784395185236 0.27524080872535706 1162
1784395185242 0.26901161670684814 1163
1784395185248 0.26614633202552795 1164
1784395185254 0.2528667151927948 1165
1784395185260 0.2569894790649414 1166
1784395185266 0.2731025815010071 1167
1784395185272 0.2587997317314148 1168
1784395185284 0.2547711431980133 1169
1784395185293 0.26039743423461914 1170
1784395185301 0.259062796831131 1171
1784395185309 0.25959816575050354 1172
1784395185316 0.2541160583496094 1173
1784395185322 0.24601885676383972 1174
1784395185328 0.2578545808792114 1175
1784395185334 0.2490990310907364 1176
1784395185342 0.2548539340496063 1177
1784395185349 0.2484276443719864 1178
1784395185355 0.248366117477417 1179
1784395185361 0.2641567587852478 1180
1784395185366 0.27358198165893555 1181
1784395185372 0.2655179798603058 1182
1784395185378 0.2502220869064331 1183
1784395185384 0.2462569624185562 1184
1784395185391 0.27403751015663147 1185
1784395185398 0.26752227544784546 1186
1784395185405 0.2798904776573181 1187
1784395185411 0.27031224966049194 1188
1784395185417 0.24385389685630798 1189
1784395185424 0.2788206934928894 1190
1784395185431 0.2688032388687134 1191
1784395185438 0.26256638765335083 1192
1784395185444 0.27225184440612793 1193
1784395185449 0.25871503353118896 1194
1784395185454 0.27549856901168823 1195
1784395185459 0.26145848631858826 1196
1784395185463 0.25637125968933105 1197
1784395185467 0.264370322227478 1198
1784395185473 0.2555931806564331 1199
1784395185478 0.29386016726493835 1200
1784395185483 0.2646133303642273 1201
1784395185489 0.26355281472206116 1202
1784395185494 0.2709804177284241 1203
1784395185500 0.26183900237083435 1204
1784395185506 0.2581024467945099 1205
1784395185512 0.2604731023311615 1206
1784395185518 0.24417343735694885 1207
1784395185523 0.27357229590415955 1208
1784395185528 0.2568831443786621 1209
1784395185533 0.2668135166168213 1210
1784395185538 0.27814599871635437 1211
1784395185543 0.26237228512763977 1212
1784395185548 0.27722281217575073 1213
1784395185553 0.26378118991851807 1214
1784395185558 0.278172105550766 1215
1784395185563 0.2666163444519043 1216
1784395185569 0.2580704689025879 1217
1784395185575 0.25672876834869385 1218
1784395185582 0.25580766797065735 1219
1784395185588 0.2589653432369232 1220
1784395185594 0.24939291179180145 1221
1784395185599 0.25857463479042053 1222
1784395185606 0.2690437138080597 1223
1784395185612 0.2612847685813904 1224
1784395185618 0.2639559805393219 1225
1784395185624 0.2370455265045166 1226
1784395185630 0.25947242975234985 1227
1784395185636 0.2607259154319763 1228
1784395185642 0.2494528442621231 1229
1784395185647 0.253278523683548 1230
1784395185654 0.2587887644767761 1231
1784395185659 0.26176807284355164 1232
1784395185665 0.2445213496685028 1233
1784395185670 0.26127368211746216 1234
1784395185674 0.2582351267337799 1235
1784395185679 0.2555950880050659 1236
1784395185684 0.26891428232192993 1237
1784395185689 0.2581144869327545 1238
1784395185693 0.2666251063346863 1239
1784395185698 0.26024961471557617 1240
1784395185704 0.2597774863243103 1241
1784395185711 0.25196292996406555 1242
1784395185717 0.2679113745689392 1243
1784395185723 0.2792980670928955 1244
1784395185730 0.25964078307151794 1245
1784395185737 0.2517572045326233 1246
1784395185745 0.25036898255348206 1247
1784395185751 0.2798650562763214 1248
1784395185757 0.2584078907966614 1249
1784395185762 0.2529102563858032 1250
1784395185767 0.25880932807922363 1251
1784395185771 0.2605789303779602 1252
1784395185776 0.2853442132472992 1253
1784395185780 0.26447179913520813 1254
1784395185784 0.26357582211494446 1255
1784395185789 0.27473217248916626 1256
1784395185793 0.2503499686717987 1257
1784395185798 0.24432340264320374 1258
1784395185803 0.2615709900856018 1259
1784395185809 0.2555120289325714 1260
1784395185815 0.26275771856307983 1261
1784395185820 0.23466476798057556 1262
1784395185826 0.2686823308467865 1263
1784395185839 0.2731318175792694 1264
1784395185843 0.2445880025625229 1265
1784395185848 0.2632400095462799 1266
1784395185852 0.2817046642303467 1267
1784395185856 0.2781624495983124 1268
1784395185861 0.2689293920993805 1269
1784395185866 0.248932346701622 1270
1784395185871 0.26872938871383667 1271
1784395185875 0.2699930667877197 1272
1784395185882 0.2540333867073059 1273
1784395185888 0.26542070508003235 1274
1784395185893 0.2561107575893402 1275
1784395185898 0.24721872806549072 1276
1784395185904 0.25953444838523865 1277
1784395185909 0.2628754675388336 1278
1784395185915 0.2731815278530121 1279
1784395185921 0.2670617699623108 1280
1784395185926 0.26434430480003357 1281
1784395185931 0.2692381739616394 1282
1784395185935 0.2697156071662903 1283
1784395185940 0.2559360861778259 1284
1784395185945 0.2890045642852783 1285
1784395185951 0.25796929001808167 1286
1784395185958 0.2423718124628067 1287
1784395185964 0.2699075937271118 1288
1784395185970 0.25199049711227417 1289
1784395185976 0.271281898021698 1290
1784395185983 0.2694445252418518 1291
1784395185989 0.2823904752731323 1292
1784395185996 0.2689845561981201 1293
1784395186003 0.26722776889801025 1294
1784395186008 0.2704777717590332 1295
1784395186014 0.25448623299598694 1296
1784395186020 0.2629201114177704 1297
1784395186026 0.26033785939216614 1298
1784395186032 0.26827019453048706 1299
1784395186037 0.26137107610702515 1300
1784395186042 0.25071677565574646 1301
1784395186047 0.28303536772727966 1302
1784395186052 0.2628212869167328 1303
1784395186057 0.27200326323509216 1304
1784395186061 0.27642351388931274 1305
1784395186066 0.2486700713634491 1306
1784395186071 0.2790074348449707 1307
1784395186076 0.26123857498168945 1308
1784395186083 0.2732108235359192 1309
1784395186089 0.26470446586608887 1310
1784395186095 0.2673111855983734 1311
1784395186101 0.2535820007324219 1312
1784395186108 0.24700604379177094 1313
1784395186114 0.25129711627960205 1314
1784395186120 0.253685861825943 1315
1784395186127 0.25433632731437683 1316
1784395186133 0.2684487998485565 1317
1784395186138 0.26385876536369324 1318
1784395186143 0.2668519616127014 1319
1784395186148 0.278141587972641 1320
1784395186154 0.2821359932422638 1321
1784395186158 0.28233641386032104 1322
1784395186163 0.2946820855140686 1323
1784395186167 0.2496027648448944 1324
1784395186172 0.2664341628551483 1325
1784395186178 0.25505873560905457 1326
1784395186183 0.2634309232234955 1327
1784395186188 0.2630898356437683 1328
1784395186193 0.2588089406490326 1329
1784395186198 0.27714627981185913 1330
1784395186204 0.2536076009273529 1331
1784395186214 0.24522343277931213 1332
1784395186219 0.2485092729330063 1333
1784395186224 0.2663358151912689 1334
1784395186229 0.2729808986186981 1335
1784395186234 0.27578678727149963 1336
1784395186238 0.2577260136604309 1337
1784395186243 0.24721628427505493 1338
1784395186248 0.24882647395133972 1339
1784395186253 0.27138185501098633 1340
1784395186258 0.26828497648239136 1341
1784395186264 0.25544238090515137 1342
1784395186271 0.26603636145591736 1343
1784395186279 0.25048828125 1344
1784395186286 0.2553023397922516 1345
1784395186292 0.2616770267486572 1346
1784395186298 0.2535741627216339 1347
1784395186304 0.2506672143936157 1348
1784395186311 0.2665484547615051 1349
1784395186316 0.2538468837738037 1350
1784395186321 0.27511078119277954 1351
1784395186326 0.2573836147785187 1352
1784395186331 0.2719511091709137 1353
1784395186335 0.2606411278247833 1354
1784395186340 0.25987300276756287 1355
1784395186345 0.25396913290023804 1356
1784395186351 0.26732137799263 1357
1784395186357 0.2523922324180603 1358
1784395186363 0.24498604238033295 1359
1784395186370 0.26382264494895935 1360
1784395186376 0.2765659689903259 1361
1784395186381 0.2675825357437134 1362
1784395186386 0.26827967166900635 1363
1784395186391 0.2770138680934906 1364
1784395186395 0.27013394236564636 1365
1784395186400 0.2672496438026428 1366
1784395186404 0.2496698796749115 1367
1784395186409 0.2550284266471863 1368
1784395186414 0.24553456902503967 1369
1784395186420 0.2751625180244446 1370
1784395186426 0.2706700265407562 1371
1784395186435 0.26559731364250183 1372
1784395186440 0.26739054918289185 1373
1784395186446 0.25562357902526855 1374
1784395186451 0.2585281729698181 1375
1784395186457 0.2523900270462036 1376
1784395186462 0.2627824544906616 1377
1784395186468 0.26193493604660034 1378
1784395186473 0.26045769453048706 1379
1784395186478 0.26571786403656006 1380
1784395186484 0.24961625039577484 1381
1784395186489 0.2850200831890106 1382
1784395186494 0.25949373841285706 1383
1784395186499 0.2695479989051819 1384
1784395186504 0.25263532996177673 1385
1784395186509 0.26238876581192017 1386
1784395186513 0.27149561047554016 1387
1784395186519 0.26756131649017334 1388
1784395186525 0.24044102430343628 1389
1784395186532 0.2631615996360779 1390
1784395186539 0.25929388403892517 1391
1784395186546 0.2568899393081665 1392
1784395186551 0.24852491915225983 1393
1784395186557 0.2567082941532135 1394
1784395186562 0.2577696442604065 1395
1784395186567 0.25280895829200745 1396
1784395186571 0.2718595266342163 1397
1784395186576 0.260259211063385 1398
1784395186581 0.282500684261322 1399
1784395186586 0.2804450988769531 1400
1784395186591 0.25795912742614746 1401
1784395186595 0.24456238746643066 1402
1784395186600 0.26849812269210815 1403
1784395186606 0.27245333790779114 1404
1784395186612 0.2393113523721695 1405
1784395186618 0.2606130838394165 1406
1784395186624 0.25964686274528503 1407
1784395186630 0.2750416696071625 1408
1784395186635 0.26013466715812683 1409
1784395186639 0.24628405272960663 1410
1784395186644 0.26516321301460266 1411
1784395186648 0.27489417791366577 1412
1784395186653 0.2674730718135834 1413
1784395186658 0.2657851278781891 1414
1784395186663 0.2687155604362488 1415
1784395186668 0.2638505697250366 1416
1784395186674 0.25498682260513306 1417
1784395186681 0.2421150654554367 1418
1784395186687 0.24003465473651886 1419
1784395186692 0.2624007761478424 1420
1784395186698 0.2697318196296692 1421
1784395186704 0.26862892508506775 1422
1784395186709 0.2650263011455536 1423
1784395186713 0.2719045877456665 1424
1784395186718 0.2551899254322052 1425
1784395186723 0.2714728116989136 1426
1784395186728 0.265357106924057 1427
1784395186733 0.25362950563430786 1428
1784395186737 0.2554404139518738 1429
1784395186742 0.2583996057510376 1430
1784395186750 0.26142269372940063 1431
1784395186756 0.24017859995365143 1432
1784395186762 0.25702133774757385 1433
1784395186770 0.2704477906227112 1434
1784395186776 0.2437707930803299 1435
1784395186783 0.2687852382659912 1436
1784395186789 0.2563647925853729 1437
1784395186795 0.24989311397075653 1438
1784395186801 0.27093616127967834 1439
1784395186806 0.23853056132793427 1440
1784395186813 0.25011569261550903 1441
1784395186818 0.27411386370658875 1442
1784395186824 0.2520001530647278 1443
1784395186831 0.25671207904815674 1444
1784395186836 0.26792892813682556 1445
1784395186842 0.25380411744117737 1446
1784395186847 0.2586349546909332 1447
1784395186853 0.25489115715026855 1448
1784395186860 0.24544233083724976 1449
1784395186864 0.2539093494415283 1450
1784395186869 0.25702574849128723 1451
1784395186877 0.2684474587440491 1452
1784395186884 0.26670846343040466 1453
1784395186889 0.24358661472797394 1454
1784395186895 0.24980439245700836 1455
1784395186900 0.25580015778541565 1456
1784395186905 0.25657233595848083 1457
1784395186912 0.2644609808921814 1458
1784395186918 0.26640206575393677 1459
1784395186923 0.2643880546092987 1460
1784395186928 0.2452443242073059 1461
1784395186933 0.267153799533844 1462
1784395186938 0.24499240517616272 1463
1784395186943 0.2742381989955902 1464
1784395186948 0.26380664110183716 1465
1784395186953 0.28442075848579407 1466
1784395186958 0.27906838059425354 1467
1784395186964 0.27379778027534485 1468
1784395186970 0.26212960481643677 1469
1784395186977 0.2641962766647339 1470
1784395186983 0.2714553475379944 1471
1784395186988 0.27973711490631104 1472
1784395186994 0.24280337989330292 1473
1784395187000 0.28441566228866577 1474
1784395187005 0.25291749835014343 1475
1784395187011 0.26219549775123596 1476
1784395187016 0.272499144077301 1477
1784395187021 0.27739670872688293 1478
1784395187026 0.28310060501098633 1479
1784395187031 0.26669296622276306 1480
1784395187036 0.2947205901145935 1481
1784395187040 0.2625935673713684 1482
1784395187044 0.2636584937572479 1483
1784395187050 0.26597467064857483 1484
1784395187056 0.2607586979866028 1485
1784395187062 0.2666667699813843 1486
1784395187069 0.2898656129837036 1487
1784395187074 0.2438841462135315 1488
1784395187079 0.2760653495788574 1489
1784395187085 0.27303871512413025 1490
1784395187090 0.2527056634426117 1491
1784395187094 0.2565951347351074 1492
1784395187099 0.2613523304462433 1493
1784395187103 0.25201529264450073 1494
1784395187108 0.2656726539134979 1495
1784395187113 0.24221603572368622 1496
1784395187117 0.27924859523773193 1497
1784395187122 0.2726939618587494 1498
1784395187129 0.26835060119628906 1499
1784395187134 0.27423059940338135 1500
1784395187140 0.2709366977214813 1501
1784395187146 0.2607545256614685 1502
1784395187152 0.26100850105285645 1503
1784395187158 0.27728071808815 1504
1784395187164 0.27769842743873596 1505
1784395187170 0.27521225810050964 1506
1784395187175 0.2704578638076782 1507
1784395187180 0.24820055067539215 1508
1784395187185 0.263245165348053 1509
1784395187190 0.254316121339798 1510
1784395187196 0.24306254088878632 1511
1784395187201 0.26180699467658997 1512
1784395187207 0.26394161581993103 1513
1784395187213 0.25421905517578125 1514
1784395187218 0.26696664094924927 1515
1784395187224 0.27374356985092163 1516
1784395187229 0.25118792057037354 1517
1784395187235 0.28436926007270813 1518
1784395187240 0.2671532928943634 1519
1784395187245 0.2487810105085373 1520
1784395187249 0.27178022265434265 1521
1784395187254 0.27147161960601807 1522
1784395187258 0.26315855979919434 1523
1784395187263 0.2923869490623474 1524
1784395187268 0.2984895408153534 1525
1784395187273 0.2882688045501709 1526
1784395187278 0.2676549553871155 1527
1784395187283 0.2952762544155121 1528
1784395187290 0.2733716070652008 1529
1784395187296 0.27994540333747864 1530
1784395187301 0.28550857305526733 1531
1784395187307 0.25493115186691284 1532
1784395187312 0.25850656628608704 1533
1784395187318 0.29965126514434814 1534
1784395187323 0.27552682161331177 1535
1784395187329 0.2875395715236664 1536
1784395187335 0.276962548494339 1537
1784395187341 0.26455575227737427 1538
1784395187346 0.27499616146087646 1539
1784395187351 0.2700027823448181 1540
1784395187356 0.25737038254737854 1541
1784395187361 0.28260642290115356 1542
1784395187365 0.2675481140613556 1543
1784395187371 0.27056872844696045 1544
1784395187376 0.26517176628112793 1545
1784395187381 0.2599274814128876 1546
1784395187385 0.26648053526878357 1547
1784395187390 0.28379562497138977 1548
1784395187398 0.26449111104011536 1549
1784395187403 0.2872808277606964 1550
1784395187409 0.27177706360816956 1551
1784395187415 0.2752174139022827 1552
1784395187421 0.2525447905063629 1553
1784395187427 0.25887352228164673 1554
1784395187432 0.26664236187934875 1555
1784395187437 0.25889521837234497 1556
1784395187441 0.26063114404678345 1557
1784395187445 0.26133841276168823 1558
1784395187450 0.25168365240097046 1559
1784395187455 0.26156437397003174 1560
1784395187459 0.2567906975746155 1561
1784395187465 0.2632789611816406 1562
1784395187472 0.26260367035865784 1563
1784395187478 0.26375874876976013 1564
1784395187484 0.27245479822158813 1565
1784395187490 0.2798028886318207 1566
1784395187494 0.2595224678516388 1567
1784395187498 0.26295241713523865 1568
1784395187503 0.271685928106308 1569
1784395187508 0.2822832465171814 1570
1784395187514 0.2701752781867981 1571
1784395187518 0.25826916098594666 1572
1784395187522 0.2713448703289032 1573
1784395187527 0.25804492831230164 1574
1784395187532 0.28001973032951355 1575
1784395187538 0.25088411569595337 1576
1784395187543 0.26279231905937195 1577
1784395187549 0.25828132033348083 1578
1784395187555 0.2722770869731903 1579
1784395187564 0.24461983144283295 1580
1784395187572 0.2553847134113312 1581
1784395187578 0.2764514684677124 1582
1784395187586 0.2574833333492279 1583
1784395187591 0.26363715529441833 1584
1784395187596 0.2521091103553772 1585
1784395187601 0.2622074484825134 1586
1784395187605 0.2473059743642807 1587
1784395187610 0.28650298714637756 1588
1784395187614 0.26134970784187317 1589
1784395187618 0.257077693939209 1590
1784395187622 0.25165891647338867 1591
1784395187627 0.2702976167201996 1592
1784395187632 0.25368234515190125 1593
1784395187638 0.2646608054637909 1594
1784395187644 0.25581151247024536 1595
1784395187650 0.24466001987457275 1596
1784395187656 0.2485855668783188 1597
1784395187661 0.2429770678281784 1598
1784395187667 0.2729862332344055 1599
1784395187673 0.24931146204471588 1600
1784395187679 0.2554034888744354 1601
1784395187684 0.24985040724277496 1602
1784395187690 0.24710464477539062 1603
1784395187696 0.2627962529659271 1604
1784395187700 0.24795950949192047 1605
1784395187705 0.2599024176597595 1606
1784395187710 0.2705317437648773 1607
1784395187715 0.262203574180603 1608
1784395187721 0.25697895884513855 1609
1784395187728 0.24423129856586456 1610
1784395187734 0.2485061138868332 1611
1784395187740 0.24888364970684052 1612
1784395187745 0.24923044443130493 1613
1784395187751 0.24337157607078552 1614
1784395187756 0.2435688078403473 1615
1784395187762 0.2420257329940796 1616
1784395187768 0.2615233361721039 1617
1784395187773 0.2771527171134949 1618
1784395187778 0.2523643672466278 1619
1784395187783 0.288674533367157 1620
1784395187788 0.2700270414352417 1621
1784395187793 0.2579297423362732 1622
1784395187798 0.26951301097869873 1623
1784395187803 0.24923351407051086 1624
1784395187808 0.2691805362701416 1625
1784395187814 0.26751330494880676 1626
1784395187820 0.2597830593585968 1627
1784395187826 0.27767181396484375 1628
1784395187831 0.24490109086036682 1629
1784395187837 0.2733367085456848 1630
1784395187843 0.2533699572086334 1631
1784395187849 0.2622828483581543 1632
1784395187854 0.2648692727088928 1633
1784395187860 0.2697798013687134 1634
1784395187865 0.25929027795791626 1635
1784395187870 0.27019834518432617 1636
1784395187875 0.2718549370765686 1637
1784395187880 0.25721028447151184 1638
1784395187887 0.2662581503391266 1639
1784395187894 0.2598097026348114 1640
1784395187901 0.2629016041755676 1641
1784395187906 0.248839870095253 1642
1784395187912 0.24996523559093475 1643
1784395187918 0.27000802755355835 1644
1784395187923 0.2705915868282318 1645
1784395187929 0.2590221166610718 1646
1784395187934 0.26269853115081787 1647
1784395187939 0.2577102482318878 1648
1784395187943 0.261370450258255 1649
1784395187948 0.26465609669685364 1650
1784395187953 0.2428821325302124 1651
1784395187958 0.24665552377700806 1652
1784395187963 0.2569250464439392 1653
1784395187969 0.2593710422515869 1654
1784395187976 0.2495793104171753 1655
1784395187983 0.24371956288814545 1656
1784395187989 0.26171737909317017 1657
1784395187993 0.2608397603034973 1658
1784395187998 0.24709896743297577 1659
1784395188003 0.25968435406684875 1660
1784395188008 0.26054370403289795 1661
1784395188013 0.2620072364807129 1662
1784395188018 0.27561691403388977 1663
1784395188022 0.2630612850189209 1664
1784395188027 0.2591628134250641 1665
1784395188034 0.2789330780506134 1666
1784395188040 0.26425299048423767 1667
1784395188046 0.2690252661705017 1668
1784395188052 0.27668097615242004 1669
1784395188057 0.2635017931461334 1670
1784395188063 0.263888955116272 1671
1784395188068 0.26958227157592773 1672
1784395188074 0.28474417328834534 1673
1784395188080 0.25858989357948303 1674
1784395188085 0.2685120701789856 1675
1784395188090 0.25375980138778687 1676
1784395188094 0.2572222054004669 1677
1784395188099 0.2490960657596588 1678
1784395188104 0.2704443633556366 1679
1784395188108 0.2555284798145294 1680
1784395188114 0.26273125410079956 1681
1784395188120 0.2745465636253357 1682
1784395188126 0.27737435698509216 1683
1784395188132 0.25272542238235474 1684
1784395188138 0.2500861585140228 1685
1784395188145 0.25314968824386597 1686
1784395188151 0.2643069326877594 1687
1784395188158 0.25828662514686584 1688
1784395188163 0.27576160430908203 1689
1784395188168 0.24629910290241241 1690
1784395188173 0.27680692076683044 1691
1784395188179 0.2578117847442627 1692
1784395188183 0.2633383870124817 1693
1784395188188 0.2638101577758789 1694
1784395188193 0.2622509002685547 1695
1784395188198 0.24799206852912903 1696
1784395188203 0.2635347843170166 1697
1784395188209 0.2567845284938812 1698
1784395188215 0.26069140434265137 1699
1784395188221 0.2484484761953354 1700
1784395188227 0.27836859226226807 1701
1784395188233 0.25912001729011536 1702
1784395188239 0.25097018480300903 1703
1784395188245 0.2569132149219513 1704
1784395188251 0.2707374691963196 1705
1784395188257 0.2617998421192169 1706
1784395188262 0.2597894072532654 1707
1784395188267 0.26154741644859314 1708
1784395188272 0.2552788257598877 1709
1784395188277 0.2698685824871063 1710
1784395188281 0.2449883371591568 1711
1784395188288 0.2581388056278229 1712
1784395188293 0.2604396939277649 1713
1784395188298 0.25519558787345886 1714
1784395188304 0.2592194676399231 1715
1784395188311 0.23610100150108337 1716
1784395188317 0.2570646107196808 1717
1784395188323 0.2600369453430176 1718
1784395188330 0.2868838310241699 1719
1784395188336 0.2784530222415924 1720
1784395188342 0.2804322838783264 1721
1784395188348 0.2644725441932678 1722
1784395188354 0.26604560017585754 1723
1784395188361 0.28492802381515503 1724
1784395188367 0.2574535310268402 1725
1784395188372 0.262596994638443 1726
1784395188377 0.24908670783042908 1727
1784395188382 0.26427334547042847 1728
1784395188387 0.2554425299167633 1729
1784395188391 0.25976958870887756 1730
1784395188396 0.23028697073459625 1731
1784395188401 0.26882219314575195 1732
1784395188406 0.25900718569755554 1733
1784395188412 0.24160416424274445 1734
1784395188418 0.24936960637569427 1735
1784395188425 0.2767612040042877 1736
1784395188431 0.24788124859333038 1737
1784395188437 0.26499849557876587 1738
1784395188444 0.25768664479255676 1739
1784395188450 0.2620909512042999 1740
1784395188457 0.24948732554912567 1741
1784395188463 0.2552243769168854 1742
1784395188469 0.2589091956615448 1743
1784395188474 0.25291749835014343 1744
1784395188479 0.23151056468486786 1745
1784395188485 0.2692095637321472 1746
1784395188492 0.26977798342704773 1747
1784395188497 0.2572374939918518 1748
1784395188503 0.27362310886383057 1749
1784395188507 0.25648197531700134 1750
1784395188514 0.26367178559303284 1751
1784395188518 0.2548971474170685 1752
1784395188524 0.2600831091403961 1753
1784395188529 0.27388837933540344 1754
1784395188535 0.2556445002555847 1755
1784395188540 0.2625953257083893 1756
1784395188546 0.24123740196228027 1757
1784395188552 0.27646276354789734 1758
1784395188559 0.27059119939804077 1759
1784395188564 0.25432953238487244 1760
1784395188570 0.2626587748527527 1761
1784395188577 0.273449569940567 1762
1784395188583 0.2684277594089508 1763
1784395188589 0.2542433738708496 1764
1784395188596 0.2546965181827545 1765
1784395188601 0.27709054946899414 1766
1784395188607 0.25047895312309265 1767
1784395188611 0.25412508845329285 1768
1784395188616 0.25092771649360657 1769
1784395188620 0.25875163078308105 1770
1784395188625 0.2654080390930176 1771
1784395188630 0.27385327219963074 1772
1784395188636 0.26407814025878906 1773
1784395188641 0.26899948716163635 1774
1784395188649 0.25648078322410583 1775
1784395188657 0.2634953558444977 1776
1784395188663 0.2704593539237976 1777
1784395188668 0.2461618334054947 1778
1784395188673 0.25051385164260864 1779
1784395188678 0.2670999765396118 1780
1784395188683 0.27497854828834534 1781
1784395188688 0.2688167989253998 1782
1784395188693 0.27432820200920105 1783
1784395188698 0.2731786370277405 1784
1784395188703 0.2556236684322357 1785
1784395188708 0.26557669043540955 1786
1784395188716 0.2640303671360016 1787
1784395188722 0.24030689895153046 1788
1784395188726 0.2522446811199188 1789
1784395188731 0.25941726565361023 1790
1784395188736 0.2584306597709656 1791
1784395188740 0.2610663175582886 1792
1784395188744 0.2572704255580902 1793
1784395188748 0.2645767629146576 1794
1784395188753 0.27879106998443604 1795
1784395188759 0.2798326909542084 1796
1784395188763 0.27765846252441406 1797
1784395188769 0.2607008218765259 1798
1784395188775 0.26697346568107605 1799
1784395188781 0.25568661093711853 1800
1784395188786 0.2677517235279083 1801
1784395188793 0.2779223620891571 1802
1784395188799 0.25581449270248413 1803
1784395188805 0.2529740631580353 1804
1784395188811 0.25878119468688965 1805
1784395188817 0.2700580358505249 1806
1784395188821 0.25529807806015015 1807
1784395188826 0.2744666337966919 1808
1784395188831 0.27889057993888855 1809
1784395188837 0.2636147439479828 1810
1784395188842 0.27611297369003296 1811
1784395188848 0.2677006125450134 1812
1784395188853 0.2639981806278229 1813
1784395188858 0.2595338523387909 1814
1784395188864 0.2660471796989441 1815
1784395188869 0.26507532596588135 1816
1784395188875 0.2539965808391571 1817
1784395188880 0.275058776140213 1818
1784395188886 0.268232136964798 1819
1784395188891 0.25193315744400024 1820
1784395188897 0.26019492745399475 1821
1784395188902 0.2629455626010895 1822
1784395188907 0.275879442691803 1823
1784395188912 0.24363379180431366 1824
1784395188917 0.2707969844341278 1825
1784395188921 0.2686772346496582 1826
1784395188925 0.27652350068092346 1827
1784395188930 0.26361188292503357 1828
1784395188935 0.24829035997390747 1829
1784395188940 0.26012569665908813 1830
1784395188945 0.26747986674308777 1831
1784395188953 0.2553047835826874 1832
1784395188958 0.2626078724861145 1833
1784395188964 0.25985297560691833 1834
1784395188969 0.2550915777683258 1835
1784395188974 0.27592748403549194 1836
1784395188979 0.25728240609169006 1837
1784395188984 0.27310729026794434 1838
1784395188989 0.2689773142337799 1839
1784395188994 0.27505260705947876 1840
1784395188999 0.26314428448677063 1841
1784395189004 0.2661401927471161 1842
1784395189009 0.2584540843963623 1843
1784395189014 0.2612621784210205 1844
1784395189022 0.261452317237854 1845
1784395189029 0.25965210795402527 1846
1784395189035 0.2537387013435364 1847
1784395189040 0.26021355390548706 1848
1784395189046 0.273896187543869 1849
1784395189051 0.26079344749450684 1850
1784395189055 0.2598225474357605 1851
1784395189060 0.2419046312570572 1852
1784395189064 0.2604310214519501 1853
1784395189070 0.2548770606517792 1854
1784395189075 0.2497260421514511 1855
1784395189080 0.25551435351371765 1856
1784395189086 0.27388572692871094 1857
1784395189094 0.2507835030555725 1858
1784395189099 0.2709018290042877 1859
1784395189105 0.26108330488204956 1860
1784395189111 0.2715393602848053 1861
1784395189117 0.26088035106658936 1862
1784395189123 0.2597564458847046 1863
1784395189128 0.27810582518577576 1864
1784395189135 0.26347020268440247 1865
1784395189140 0.26621708273887634 1866
1784395189145 0.24233803153038025 1867
1784395189151 0.24708250164985657 1868
1784395189156 0.24777355790138245 1869
1784395189161 0.25820133090019226 1870
1784395189167 0.24964721500873566 1871
1784395189173 0.24550700187683105 1872
1784395189178 0.2687496542930603 1873
1784395189385 0.2483392059803009 1874
1784395189391 0.253261923789978 1875
1784395189397 0.25417548418045044 1876
1784395189402 0.26304253935813904 1877
1784395189408 0.252622127532959 1878
1784395189414 0.2667710781097412 1879
1784395189419 0.25559142231941223 1880
1784395189425 0.27557268738746643 1881
1784395189430 0.2673840820789337 1882
1784395189437 0.2549399137496948 1883
1784395189447 0.28135964274406433 1884
1784395189453 0.2615661323070526 1885
1784395189459 0.2685021460056305 1886
1784395189465 0.2627721428871155 1887
1784395189471 0.26231396198272705 1888
1784395189477 0.2739599645137787 1889
1784395189482 0.26658061146736145 1890
1784395189488 0.2623639702796936 1891
1784395189495 0.26963135600090027 1892
1784395189503 0.2644161283969879 1893
1784395189508 0.2695642113685608 1894
1784395189514 0.27364301681518555 1895
1784395189519 0.25165095925331116 1896
1784395189524 0.2632810175418854 1897
1784395189531 0.263601154088974 1898
1784395189538 0.2745389938354492 1899
1784395189544 0.2757214605808258 1900
1784395189552 0.2642284333705902 1901
1784395189557 0.2742091715335846 1902
1784395189563 0.2689339518547058 1903
1784395189569 0.2554331421852112 1904
1784395189576 0.2607448995113373 1905
1784395189582 0.25271013379096985 1906
1784395189586 0.26601624488830566 1907
1784395189591 0.2425672560930252 1908
1784395189597 0.2550247609615326 1909
1784395189603 0.2513171434402466 1910
1784395189608 0.26033058762550354 1911
1784395189613 0.27345070242881775 1912
1784395189618 0.24573485553264618 1913
1784395189623 0.26800966262817383 1914
1784395189628 0.27870434522628784 1915
1784395189634 0.2744418978691101 1916
1784395189639 0.2589302957057953 1917
1784395189645 0.2719252109527588 1918
1784395189650 0.2776830494403839 1919
1784395189655 0.24249400198459625 1920
1784395189661 0.26184606552124023 1921
1784395189666 0.2702324092388153 1922
1784395189671 0.2620674967765808 1923
1784395189677 0.24347583949565887 1924
1784395189682 0.2631162106990814 1925
1784395189687 0.2578626275062561 1926
1784395189693 0.27001649141311646 1927
1784395189699 0.2639327943325043 1928
1784395189704 0.2494228482246399 1929
1784395189710 0.25103452801704407 1930
1784395189716 0.2715459167957306 1931
1784395189721 0.28105902671813965 1932
1784395189727 0.2692577540874481 1933
1784395189733 0.2717430591583252 1934
1784395189739 0.25103044509887695 1935
1784395189746 0.2579096853733063 1936
1784395189753 0.25866612792015076 1937
1784395189759 0.26653197407722473 1938
1784395189764 0.27174824476242065 1939
1784395189771 0.2487035095691681 1940
1784395189779 0.25546929240226746 1941
1784395189785 0.2507401704788208 1942
1784395189792 0.27432405948638916 1943
1784395189801 0.2621764838695526 1944
1784395189808 0.28026220202445984 1945
1784395189814 0.2647206485271454 1946
1784395189821 0.2634883522987366 1947
1784395189827 0.28320708870887756 1948
1784395189833 0.26799529790878296 1949
1784395189841 0.28637951612472534 1950
1784395189848 0.26848602294921875 1951
1784395189853 0.28148654103279114 1952
1784395189858 0.2504796087741852 1953
1784395189865 0.27715596556663513 1954
1784395189871 0.2650538682937622 1955
1784395189876 0.25325849652290344 1956
1784395189882 0.2701738476753235 1957
1784395189887 0.2784688174724579 1958
1784395189893 0.23966501653194427 1959
1784395189899 0.26714542508125305 1960
1784395189904 0.2675759494304657 1961
1784395189909 0.26601776480674744 1962
1784395189915 0.2651277780532837 1963
1784395189920 0.26669448614120483 1964
1784395189925 0.27050429582595825 1965
1784395189930 0.259732723236084 1966
1784395189935 0.2498583048582077 1967
1784395189941 0.24705497920513153 1968
1784395189947 0.248296856880188 1969
1784395189954 0.26735496520996094 1970
1784395189959 0.2577478885650635 1971
1784395189963 0.2564495801925659 1972
1784395189968 0.2761763036251068 1973
1784395189973 0.26802942156791687 1974
1784395189978 0.26167064905166626 1975
1784395189983 0.2663753926753998 1976
1784395189988 0.2553376853466034 1977
1784395189993 0.2623758614063263 1978
1784395189999 0.27140355110168457 1979
1784395190005 0.2657715082168579 1980
1784395190016 0.26964929699897766 1981
1784395190023 0.2506667673587799 1982
1784395190030 0.25423693656921387 1983
1784395190037 0.24676482379436493 1984
1784395190043 0.2772068977355957 1985
1784395190050 0.25650715827941895 1986
1784395190058 0.26572486758232117 1987
1784395190064 0.2785603702068329 1988
1784395190071 0.2791990637779236 1989
1784395190077 0.2596488893032074 1990
1784395190083 0.2566719055175781 1991
1784395190088 0.24892611801624298 1992
1784395190093 0.26303789019584656 1993
1784395190097 0.2632596790790558 1994
1784395190102 0.26523348689079285 1995
1784395190106 0.28587082028388977 1996
1784395190111 0.248733788728714 1997
1784395190118 0.27882012724876404 1998
1784395190123 0.24763111770153046 1999
1784395190129 0.2747074067592621 2000
1784395190136 0.25392502546310425 2001
1784395190142 0.28894394636154175 2002
1784395190147 0.27170202136039734 2003
1784395190154 0.25271329283714294 2004
1784395190159 0.2913122773170471 2005
1784395190165 0.27632424235343933 2006
1784395190170 0.2745935618877411 2007
1784395190175 0.27208197116851807 2008
1784395190180 0.26457828283309937 2009
1784395190185 0.27233174443244934 2010
1784395190190 0.2771978974342346 2011
1784395190196 0.28282928466796875 2012
1784395190201 0.2548461854457855 2013
1784395190207 0.27958422899246216 2014
1784395190213 0.2667035162448883 2015
1784395190219 0.2654573619365692 2016
1784395190224 0.26268839836120605 2017
1784395190229 0.25388121604919434 2018
1784395190234 0.25829023122787476 2019
1784395190239 0.2547529637813568 2020
1784395190243 0.26092812418937683 2021
1784395190247 0.2660244107246399 2022
1784395190252 0.23769837617874146 2023
1784395190257 0.2491971254348755 2024
1784395190262 0.2714720070362091 2025
1784395190267 0.27168747782707214 2026
1784395190272 0.27160871028900146 2027
1784395190278 0.2616473436355591 2028
1784395190284 0.26666656136512756 2029
1784395190290 0.27569741010665894 2030
1784395190295 0.25763577222824097 2031
1784395190301 0.25693145394325256 2032
1784395190306 0.24844710528850555 2033
1784395190312 0.24934493005275726 2034
1784395190318 0.25529903173446655 2035
1784395190323 0.24143384397029877 2036
1784395190328 0.2731344401836395 2037
1784395190332 0.25529396533966064 2038
1784395190337 0.26838114857673645 2039
1784395190341 0.2615763545036316 2040
1784395190345 0.2724567651748657 2041
1784395190349 0.25419116020202637 2042
1784395190354 0.24916920065879822 2043
1784395190361 0.2549443244934082 2044
1784395190367 0.26647862792015076 2045
1784395190373 0.26221024990081787 2046
1784395190379 0.269574910402298 2047
1784395190384 0.2542884945869446 2048
1784395190389 0.2616986334323883 2049
1784395190393 0.255255788564682 2050
1784395190397 0.28092408180236816 2051
1784395190402 0.2719684839248657 2052
1784395190406 0.26042720675468445 2053
1784395190411 0.2676209807395935 2054
1784395190416 0.26188814640045166 2055
1784395190421 0.2790127098560333 2056
1784395190427 0.270677387714386 2057
1784395190433 0.2641181945800781 2058
1784395190439 0.25387051701545715 2059
1784395190444 0.26184916496276855 2060
1784395190449 0.26522296667099 2061
1784395190453 0.2658919394016266 2062
1784395190458 0.2518484890460968 2063
1784395190462 0.26360663771629333 2064
1784395190466 0.25904086232185364 2065
1784395190470 0.25667738914489746 2066
1784395190475 0.27046167850494385 2067
1784395190479 0.2646004855632782 2068
1784395190484 0.2617761194705963 2069
1784395190489 0.24927730858325958 2070
1784395190496 0.27364587783813477 2071
1784395190502 0.26175418496131897 2072
1784395190508 0.2790900766849518 2073
1784395190514 0.25781455636024475 2074
1784395190519 0.2501567006111145 2075
1784395190524 0.25577235221862793 2076
1784395190530 0.2773798406124115 2077
1784395190535 0.2567768096923828 2078
1784395190541 0.28513798117637634 2079
1784395190547 0.2517228126525879 2080
1784395190552 0.2715475261211395 2081
1784395190558 0.2432599514722824 2082
1784395190563 0.2641141712665558 2083
1784395190569 0.2540525794029236 2084
1784395190575 0.2649497389793396 2085
1784395190581 0.26359519362449646 2086
1784395190587 0.27296507358551025 2087
1784395190593 0.2643399238586426 2088
1784395190598 0.25049740076065063 2089
1784395190603 0.2628449499607086 2090
1784395190609 0.2643499970436096 2091
1784395190614 0.2781173586845398 2092
1784395190618 0.2817501127719879 2093
1784395190623 0.2631869316101074 2094
1784395190627 0.27068936824798584 2095
1784395190632 0.27615487575531006 2096
1784395190637 0.2646118402481079 2097
1784395190643 0.2537815272808075 2098
1784395190649 0.26653042435646057 2099
1784395190654 0.2617679834365845 2100
1784395190659 0.26183971762657166 2101
1784395190664 0.2609346807003021 2102
1784395190670 0.24890448153018951 2103
1784395190675 0.25898998975753784 2104
1784395190679 0.25568151473999023 2105
1784395190685 0.2727782130241394 2106
1784395190691 0.2614498734474182 2107
1784395190697 0.2382536083459854 2108
1784395190703 0.2663351893424988 2109
1784395190709 0.2624881863594055 2110
1784395190715 0.2447834014892578 2111
1784395190720 0.2634066641330719 2112
1784395190728 0.24813663959503174 2113
1784395190734 0.251665860414505 2114
1784395190738 0.26137250661849976 2115
1784395190742 0.28079044818878174 2116
1784395190746 0.25883302092552185 2117
1784395190751 0.2722654640674591 2118
1784395190756 0.26623663306236267 2119
1784395190761 0.25714966654777527 2120
1784395190766 0.2738349437713623 2121
1784395190773 0.2558498680591583 2122
1784395190779 0.2600191831588745 2123
1784395190785 0.2598126530647278 2124
1784395190792 0.262267142534256 2125
1784395190798 0.25287771224975586 2126
1784395190804 0.2731545865535736 2127
1784395190810 0.27082058787345886 2128
1784395190816 0.2577179968357086 2129
1784395190822 0.28252631425857544 2130
1784395190827 0.26899850368499756 2131
1784395190832 0.2780076265335083 2132
1784395190838 0.24758875370025635 2133
1784395190844 0.2548845112323761 2134
1784395190850 0.27204105257987976 2135
1784395190855 0.2702345848083496 2136
1784395190859 0.25825822353363037 2137
1784395190864 0.2532765567302704 2138
1784395190869 0.2564248740673065 2139
1784395190874 0.2545154392719269 2140
1784395190878 0.2676013112068176 2141
1784395190883 0.26618853211402893 2142
1784395190888 0.24976864457130432 2143
1784395190894 0.2725578546524048 2144
1784395190900 0.27306339144706726 2145
1784395190906 0.2579059600830078 2146
1784395190912 0.257951021194458 2147
1784395190917 0.26186057925224304 2148
1784395190925 0.2520827353000641 2149
1784395190931 0.2449159473180771 2150
1784395190937 0.2602258324623108 2151
1784395190942 0.24774037301540375 2152
1784395190947 0.25325116515159607 2153
1784395190952 0.2572615444660187 2154
1784395190957 0.2509967088699341 2155
1784395190961 0.2624867856502533 2156
1784395190966 0.23735789954662323 2157
1784395190971 0.2521457374095917 2158
1784395190975 0.2514490485191345 2159
1784395190981 0.25619950890541077 2160
1784395190987 0.2559281587600708 2161
1784395190993 0.27309396862983704 2162
1784395191000 0.22979678213596344 2163
1784395191006 0.2463272660970688 2164
1784395191014 0.2605210840702057 2165
1784395191021 0.258046954870224 2166
1784395191027 0.2551824748516083 2167
1784395191031 0.25472626090049744 2168
1784395191036 0.26453760266304016 2169
1784395191041 0.25579530000686646 2170
1784395191046 0.24573102593421936 2171
1784395191052 0.23935571312904358 2172
1784395191057 0.2533718943595886 2173
1784395191061 0.26118943095207214 2174
1784395191069 0.261241614818573 2175
1784395191076 0.25043779611587524 2176
1784395191082 0.22972458600997925 2177
1784395191088 0.26211994886398315 2178
1784395191095 0.27070021629333496 2179
1784395191100 0.2402612268924713 2180
1784395191106 0.2552383244037628 2181
1784395191112 0.24912777543067932 2182
1784395191118 0.2463090866804123 2183
1784395191123 0.2542015016078949 2184
1784395191128 0.24086086452007294 2185
1784395191134 0.24778632819652557 2186
1784395191141 0.24955633282661438 2187
1784395191147 0.2632703483104706 2188
1784395191154 0.2482215017080307 2189
1784395191158 0.23614387214183807 2190
1784395191164 0.26374512910842896 2191
1784395191168 0.2567761540412903 2192
1784395191173 0.26799750328063965 2193
1784395191178 0.23940733075141907 2194
1784395191183 0.27711260318756104 2195
1784395191188 0.27467307448387146 2196
1784395191194 0.2768579125404358 2197
1784395191200 0.27906787395477295 2198
1784395191207 0.2700022757053375 2199
1784395191212 0.24982024729251862 2200
1784395191217 0.2653903365135193 2201
1784395191222 0.2594177722930908 2202
1784395191227 0.2624034583568573 2203
1784395191231 0.2590957581996918 2204
1784395191236 0.26660704612731934 2205
1784395191240 0.25650134682655334 2206
1784395191245 0.2713805139064789 2207
1784395191249 0.27723389863967896 2208
1784395191254 0.2506924569606781 2209
1784395191258 0.2709582448005676 2210
1784395191264 0.26528945565223694 2211
1784395191270 0.2656281888484955 2212
1784395191276 0.29059234261512756 2213
1784395191282 0.25965777039527893 2214
1784395191288 0.25385311245918274 2215
1784395191294 0.2574201226234436 2216
1784395191301 0.25819575786590576 2217
1784395191307 0.271304190158844 2218
1784395191313 0.2572583854198456 2219
1784395191319 0.256693959236145 2220
1784395191324 0.26186659932136536 2221
1784395191332 0.2720066010951996 2222
1784395191338 0.2793463170528412 2223
1784395191343 0.251761257648468 2224
1784395191348 0.25173959136009216 2225
1784395191353 0.2666010558605194 2226
1784395191357 0.2732182443141937 2227
1784395191362 0.24898859858512878 2228
1784395191367 0.2615931034088135 2229
1784395191372 0.2705303132534027 2230
1784395191377 0.23838333785533905 2231
1784395191381 0.27040553092956543 2232
1784395191387 0.25128650665283203 2233
1784395191392 0.26711758971214294 2234
1784395191398 0.25346702337265015 2235
1784395191404 0.25720658898353577 2236
1784395191410 0.2650558650493622 2237
1784395191416 0.2536582052707672 2238
1784395191422 0.2684224247932434 2239
1784395191429 0.2506689429283142 2240
1784395191435 0.24387644231319427 2241
1784395191442 0.2652294337749481 2242
1784395191449 0.2591482698917389 2243
1784395191456 0.2617654800415039 2244
1784395191462 0.24061506986618042 2245
1784395191469 0.24459929764270782 2246
1784395191475 0.2687940299510956 2247
1784395191481 0.26274436712265015 2248
1784395191486 0.27517640590667725 2249
1784395191492 0.26634305715560913 2250
1784395191496 0.27615898847579956 2251
1784395191501 0.24097348749637604 2252
1784395191505 0.2594836950302124 2253
1784395191510 0.24736414849758148 2254
1784395191515 0.261825829744339 2255
1784395191519 0.26169851422309875 2256
1784395191525 0.2591405212879181 2257
1784395191532 0.26027926802635193 2258
1784395191537 0.24734993278980255 2259
1784395191542 0.2696736752986908 2260
1784395191546 0.2640995383262634 2261
1784395191550 0.2649982273578644 2262
1784395191556 0.24061863124370575 2263
1784395191560 0.25863274931907654 2264
1784395191565 0.26059243083000183 2265
1784395191570 0.2549102306365967 2266
1784395191574 0.27593502402305603 2267
1784395191579 0.25021207332611084 2268
1784395191586 0.2616889476776123 2269
1784395191592 0.25695136189460754 2270
1784395191598 0.25864511728286743 2271
1784395191605 0.2708650827407837 2272
1784395191611 0.2512083649635315 2273
1784395191616 0.2751477062702179 2274
1784395191621 0.24836234748363495 2275
1784395191625 0.26150742173194885 2276
1784395191631 0.2698083519935608 2277
1784395191637 0.26302844285964966 2278
1784395191641 0.2617679536342621 2279
1784395191646 0.2569957971572876 2280
1784395191651 0.26084643602371216 2281
1784395191656 0.2470870465040207 2282
1784395191660 0.28020039200782776 2283
1784395191665 0.25505268573760986 2284
1784395191670 0.25708529353141785 2285
1784395191675 0.2642950713634491 2286
1784395191681 0.2530544698238373 2287
1784395191686 0.27419576048851013 2288
1784395191693 0.24299877882003784 2289
1784395191699 0.2765958607196808 2290
1784395191705 0.2535737454891205 2291
1784395191711 0.2498978227376938 2292
1784395191717 0.260150283575058 2293
1784395191724 0.2616976797580719 2294
1784395191730 0.25833550095558167 2295
1784395191735 0.2475731521844864 2296
1784395191739 0.2533899247646332 2297
1784395191744 0.24990889430046082 2298
1784395191748 0.26610592007637024 2299
1784395191752 0.26907312870025635 2300
1784395191757 0.2567332983016968 2301
1784395191762 0.24820956587791443 2302
1784395191766 0.25307270884513855 2303
1784395191771 0.2585006356239319 2304
1784395191777 0.23518837988376617 2305
1784395191783 0.2552114725112915 2306
1784395191790 0.25246551632881165 2307
1784395191796 0.26706063747406006 2308
1784395191801 0.27123451232910156 2309
1784395191808 0.25258636474609375 2310
1784395191813 0.23950418829917908 2311
1784395191818 0.2500593662261963 2312
1784395191822 0.2621237635612488 2313
1784395191826 0.24025285243988037 2314
1784395191831 0.25212711095809937 2315
1784395191835 0.2502827048301697 2316
1784395191840 0.2714248597621918 2317
1784395191844 0.27291473746299744 2318
1784395191848 0.2563457787036896 2319
1784395191854 0.2521493434906006 2320
1784395191859 0.26168394088745117 2321
1784395191865 0.2778286933898926 2322
1784395191871 0.2443833202123642 2323
1784395191877 0.25425097346305847 2324
1784395191882 0.2658442258834839 2325
1784395191888 0.25213056802749634 2326
1784395191893 0.25819236040115356 2327
1784395191898 0.2600196599960327 2328
1784395191902 0.2559118866920471 2329
1784395191907 0.2535269856452942 2330
1784395191911 0.26669272780418396 2331
1784395191916 0.2525549829006195 2332
1784395191920 0.2575582265853882 2333
1784395191925 0.25220900774002075 2334
1784395191931 0.25612539052963257 2335
1784395191938 0.25690093636512756 2336
1784395191944 0.24773655831813812 2337
1784395191949 0.2673386037349701 2338
1784395191954 0.23562376201152802 2339
1784395191958 0.24680931866168976 2340
1784395191963 0.2594970762729645 2341
1784395191967 0.24775224924087524 2342
1784395191971 0.24982066452503204 2343
1784395191976 0.2594663202762604 2344
1784395191980 0.2429780811071396 2345
1784395191985 0.26297107338905334 2346
1784395191990 0.25135624408721924 2347
1784395191996 0.2504352629184723 2348
1784395192002 0.24103814363479614 2349
1784395192007 0.2490551471710205 2350
1784395192013 0.2588004767894745 2351
1784395192018 0.24265994131565094 2352
1784395192023 0.24770009517669678 2353
1784395192029 0.25388455390930176 2354
1784395192034 0.2539026141166687 2355
1784395192039 0.2618609368801117 2356
1784395192044 0.2732492983341217 2357
1784395192048 0.2652042508125305 2358
1784395192053 0.2522067725658417 2359
1784395192058 0.25676026940345764 2360
1784395192063 0.24426613748073578 2361
1784395192068 0.2679533362388611 2362
1784395192072 0.260559618473053 2363
1784395192077 0.2850463390350342 2364
1784395192082 0.26944500207901 2365
1784395192087 0.25750988721847534 2366
1784395192093 0.25878363847732544 2367
1784395192100 0.26051580905914307 2368
1784395192106 0.2651323080062866 2369
1784395192114 0.26044586300849915 2370
1784395192118 0.25193876028060913 2371
1784395192123 0.2782920002937317 2372
1784395192127 0.27224335074424744 2373
1784395192132 0.24758493900299072 2374
1784395192136 0.2892968952655792 2375
1784395192140 0.2550848126411438 2376
1784395192144 0.252566397190094 2377
1784395192149 0.26423534750938416 2378
1784395192153 0.26240217685699463 2379
1784395192159 0.27236902713775635 2380
1784395192166 0.25840291380882263 2381
1784395192172 0.25302863121032715 2382
1784395192178 0.26743313670158386 2383
1784395192184 0.2634141147136688 2384
1784395192190 0.24037909507751465 2385
1784395192194 0.2697480320930481 2386
1784395192198 0.2442096471786499 2387
1784395192203 0.273708701133728 2388
1784395192208 0.28562015295028687 2389
1784395192212 0.26674166321754456 2390
1784395192217 0.2818106412887573 2391
1784395192221 0.27159714698791504 2392
1784395192225 0.2534659504890442 2393
1784395192238 0.26886045932769775 2394
1784395192245 0.2519855797290802 2395
1784395192250 0.25627440214157104 2396
1784395192255 0.28227055072784424 2397
1784395192259 0.26083847880363464 2398
1784395192264 0.24781231582164764 2399
1784395192269 0.2658305764198303 2400
1784395192275 0.2614566385746002 2401
1784395192279 0.2648366689682007 2402
1784395192284 0.24913369119167328 2403
1784395192290 0.2663200795650482 2404
1784395192295 0.26389411091804504 2405
1784395192301 0.2555593252182007 2406
1784395192307 0.24147579073905945 2407
1784395192313 0.2615083158016205 2408
1784395192320 0.2604435980319977 2409
1784395192332 0.26324447989463806 2410
1784395192337 0.26386141777038574 2411
1784395192343 0.260612815618515 2412
1784395192349 0.2638006806373596 2413
1784395192354 0.2595316767692566 2414
1784395192358 0.2544691264629364 2415
1784395192362 0.2621585726737976 2416
1784395192367 0.23307843506336212 2417
1784395192372 0.26075243949890137 2418
1784395192377 0.27838632464408875 2419
1784395192382 0.2572987973690033 2420
1784395192387 0.2502540647983551 2421
1784395192392 0.2534370422363281 2422
1784395192398 0.2528518736362457 2423
1784395192404 0.2543351650238037 2424
1784395192409 0.24082598090171814 2425
1784395192415 0.26080450415611267 2426
1784395192421 0.25140342116355896 2427
1784395192426 0.2566545605659485 2428
1784395192431 0.2609241008758545 2429
1784395192436 0.2451077252626419 2430
1784395192442 0.2582795023918152 2431
1784395192447 0.24324584007263184 2432
1784395192453 0.24481843411922455 2433
1784395192458 0.2505017817020416 2434
1784395192463 0.2611464262008667 2435
1784395192468 0.260626882314682 2436
1784395192473 0.2563948631286621 2437
1784395192478 0.24534665048122406 2438
1784395192483 0.25464972853660583 2439
1784395192488 0.2577615976333618 2440
1784395192494 0.2565322518348694 2441
1784395192500 0.25307193398475647 2442
1784395192508 0.2444266825914383 2443
1784395192515 0.25616511702537537 2444
1784395192520 0.2546020448207855 2445
1784395192526 0.2555307149887085 2446
1784395192533 0.25300347805023193 2447
1784395192539 0.26686930656433105 2448
1784395192544 0.27108144760131836 2449
1784395192549 0.2712990641593933 2450
1784395192554 0.261661171913147 2451
1784395192558 0.26552122831344604 2452
1784395192562 0.2585129737854004 2453
1784395192567 0.28145337104797363 2454
1784395192571 0.29834863543510437 2455
1784395192577 0.25187426805496216 2456
1784395192582 0.28440332412719727 2457
1784395192590 0.2844400107860565 2458
1784395192595 0.24588122963905334 2459
1784395192600 0.2882791757583618 2460
1784395192605 0.2757589817047119 2461
1784395192610 0.2564174234867096 2462
1784395192614 0.2829538583755493 2463
1784395192620 0.2577005922794342 2464
1784395192624 0.2698688507080078 2465
1784395192628 0.2790689170360565 2466
1784395192633 0.25010234117507935 2467
1784395192639 0.27424344420433044 2468
1784395192645 0.26717033982276917 2469
1784395192651 0.25995635986328125 2470
1784395192658 0.25424864888191223 2471
1784395192664 0.267589807510376 2472
1784395192668 0.27184411883354187 2473
1784395192673 0.259352445602417 2474
1784395192678 0.27045947313308716 2475
1784395192682 0.2684879004955292 2476
1784395192687 0.27042829990386963 2477
1784395192691 0.2635553777217865 2478
1784395192696 0.25817927718162537 2479
1784395192701 0.25739023089408875 2480
1784395192707 0.27032163739204407 2481
1784395192713 0.2634950280189514 2482
1784395192719 0.2563599646091461 2483
1784395192723 0.25135543942451477 2484
1784395192727 0.2574045658111572 2485
1784395192732 0.24847133457660675 2486
1784395192737 0.2502521574497223 2487
1784395192742 0.25236186385154724 2488
1784395192746 0.25741517543792725 2489
1784395192750 0.2558720111846924 2490
1784395192755 0.25071069598197937 2491
1784395192760 0.24762238562107086 2492
1784395192766 0.24539534747600555 2493
1784395192773 0.2582635283470154 2494
1784395192779 0.2607455551624298 2495
1784395192785 0.26635050773620605 2496
1784395192791 0.2692486643791199 2497
1784395192797 0.26193755865097046 2498
1784395192803 0.2626880705356598 2499
1784395192808 0.27250921726226807 2500
1784395192814 0.26409590244293213 2501
1784395192819 0.254100501537323 2502
1784395192825 0.27539992332458496 2503
1784395192830 0.2808212637901306 2504
1784395192835 0.267251580953598 2505
1784395192841 0.27057626843452454 2506
1784395192846 0.25614139437675476 2507
1784395192850 0.26168280839920044 2508
1784395192855 0.25792163610458374 2509
1784395192860 0.2519451379776001 2510
1784395192864 0.25913870334625244 2511
1784395192869 0.2520807683467865 2512
1784395192873 0.2602350413799286 2513
1784395192877 0.24742870032787323 2514
1784395192882 0.24008528888225555 2515
1784395192889 0.2610136568546295 2516
1784395192896 0.2751254141330719 2517
1784395192901 0.26629918813705444 2518
1784395192907 0.2614193856716156 2519
1784395192913 0.2667462229728699 2520
1784395192917 0.2644738256931305 2521
1784395192922 0.23935775458812714 2522
1784395192926 0.25320321321487427 2523
1784395192931 0.26821961998939514 2524
1784395192935 0.2469298243522644 2525
1784395192940 0.26575493812561035 2526
1784395192945 0.26016905903816223 2527
1784395192949 0.25570783019065857 2528
1784395192953 0.25295448303222656 2529
1784395192959 0.2639175057411194 2530
1784395192965 0.2690255045890808 2531
1784395192972 0.2601805329322815 2532
1784395192978 0.25876671075820923 2533
1784395192984 0.23949693143367767 2534
1784395192990 0.2470274567604065 2535
1784395192996 0.2536128759384155 2536
1784395193001 0.24864742159843445 2537
1784395193006 0.2521277964115143 2538
1784395193011 0.26582181453704834 2539
1784395193017 0.2508934736251831 2540
1784395193022 0.24681979417800903 2541
1784395193027 0.26025933027267456 2542
1784395193031 0.264229416847229 2543
1784395193036 0.27259573340415955 2544
1784395193040 0.25042724609375 2545
1784395193044 0.2553842067718506 2546
1784395193049 0.25526267290115356 2547
1784395193054 0.25723695755004883 2548
1784395193059 0.2685997486114502 2549
1784395193063 0.2593861222267151 2550
1784395193069 0.27143386006355286 2551
1784395193074 0.24642428755760193 2552
1784395193080 0.26428231596946716 2553
1784395193085 0.26146993041038513 2554
1784395193090 0.2571377158164978 2555
1784395193097 0.27105626463890076 2556
1784395193102 0.26484405994415283 2557
1784395193107 0.25728780031204224 2558
1784395193111 0.27701130509376526 2559
1784395193115 0.2592870891094208 2560
1784395193120 0.2548229694366455 2561
1784395193124 0.2608332633972168 2562
1784395193130 0.27439960837364197 2563
1784395193134 0.230912446975708 2564
1784395193138 0.2591116726398468 2565
1784395193142 0.2631990909576416 2566
1784395193147 0.27081671357154846 2567
1784395193154 0.24857093393802643 2568
1784395193159 0.2453363537788391 2569
1784395193164 0.2528231739997864 2570
1784395193170 0.2629365622997284 2571
1784395193176 0.25184252858161926 2572
1784395193181 0.25133854150772095 2573
1784395193186 0.2523866295814514 2574
1784395193191 0.26046013832092285 2575
1784395193196 0.24950562417507172 2576
1784395193200 0.2515350580215454 2577
1784395193206 0.2740798592567444 2578
1784395193212 0.2657441198825836 2579
1784395193217 0.2621736228466034 2580
1784395193223 0.2522333562374115 2581
1784395193229 0.25455668568611145 2582
1784395193235 0.25823327898979187 2583
1784395193240 0.26734867691993713 2584
1784395193246 0.26029881834983826 2585
1784395193251 0.2608146071434021 2586
1784395193257 0.27723363041877747 2587
1784395193263 0.24259521067142487 2588
1784395193268 0.25895196199417114 2589
1784395193273 0.26769956946372986 2590
1784395193278 0.2442455291748047 2591
1784395193283 0.25766679644584656 2592
1784395193289 0.2533687949180603 2593
1784395193296 0.2466963678598404 2594
1784395193301 0.2555386424064636 2595
1784395193306 0.2524465322494507 2596
1784395193311 0.24698729813098907 2597
1784395193315 0.25716760754585266 2598
1784395193320 0.2555561065673828 2599
1784395193324 0.2647813558578491 2600
1784395193330 0.2598317563533783 2601
1784395193334 0.23406709730625153 2602
1784395193340 0.2667040228843689 2603
1784395193345 0.25917041301727295 2604
1784395193351 0.23791803419589996 2605
1784395193357 0.2753129303455353 2606
1784395193362 0.26329946517944336 2607
1784395193369 0.25789982080459595 2608
1784395193375 0.26714780926704407 2609
1784395193380 0.2360183149576187 2610
1784395193386 0.25624024868011475 2611
1784395193391 0.24346181750297546 2612
1784395193395 0.2535954415798187 2613
1784395193399 0.246942400932312 2614
1784395193404 0.25637948513031006 2615
1784395193409 0.26265308260917664 2616
1784395193413 0.2557491064071655 2617
1784395193418 0.2399939000606537 2618
1784395193422 0.25502780079841614 2619
1784395193426 0.2526344060897827 2620
1784395193432 0.2441394180059433 2621
1784395193439 0.25760382413864136 2622
1784395193443 0.2641643285751343 2623
1784395193449 0.24274201691150665 2624
1784395193453 0.25982198119163513 2625
1784395193458 0.2719535231590271 2626
1784395193464 0.271380752325058 2627
1784395193468 0.2813522219657898 2628
1784395193472 0.2640642523765564 2629
1784395193477 0.25220924615859985 2630
1784395193481 0.2552966773509979 2631
1784395193487 0.2505968511104584 2632
1784395193493 0.2469119280576706 2633
1784395193499 0.2494450807571411 2634
1784395193504 0.2567562460899353 2635
1784395193511 0.2562883198261261 2636
1784395193516 0.2525438666343689 2637
1784395193521 0.2428085207939148 2638
1784395193525 0.25501126050949097 2639
1784395193529 0.25602883100509644 2640
1784395193534 0.25375330448150635 2641
1784395193538 0.2629946768283844 2642
1784395193542 0.23886552453041077 2643
1784395193546 0.25455451011657715 2644
1784395193550 0.23341359198093414 2645
1784395193554 0.2538703680038452 2646
1784395193559 0.2557806372642517 2647
1784395193565 0.24487590789794922 2648
1784395193572 0.28045499324798584 2649
1784395193577 0.25072017312049866 2650
1784395193582 0.2469853162765503 2651
1784395193587 0.25957974791526794 2652
1784395193592 0.256762832403183 2653
1784395193596 0.2642209529876709 2654
1784395193600 0.2722958028316498 2655
1784395193605 0.26494863629341125 2656
1784395193609 0.25229257345199585 2657
1784395193614 0.2542124092578888 2658
1784395193619 0.26992541551589966 2659
1784395193625 0.24767117202281952 2660
1784395193630 0.26202392578125 2661
1784395193636 0.26991552114486694 2662
1784395193642 0.26328688859939575 2663
1784395193647 0.25946906208992004 2664
1784395193652 0.26003244519233704 2665
1784395193657 0.2448974847793579 2666
1784395193661 0.2639475464820862 2667
1784395193667 0.2517893612384796 2668
1784395193671 0.2561786472797394 2669
1784395193676 0.2680967152118683 2670
1784395193680 0.2533453404903412 2671
1784395193686 0.284405916929245 2672
1784395193692 0.24430350959300995 2673
1784395193697 0.27151256799697876 2674
1784395193703 0.2507551610469818 2675
1784395193708 0.2773290276527405 2676
1784395193713 0.2460135966539383 2677
1784395193718 0.26462477445602417 2678
1784395193722 0.26404327154159546 2679
1784395193726 0.2622204124927521 2680
1784395193730 0.2566453814506531 2681
1784395193734 0.2606302499771118 2682
1784395193739 0.26895812153816223 2683
1784395193745 0.2578916847705841 2684
1784395193752 0.2696441411972046 2685
1784395193757 0.25640612840652466 2686
1784395193762 0.2739851176738739 2687
1784395193767 0.255331814289093 2688
1784395193772 0.2520570456981659 2689
1784395193776 0.25112661719322205 2690
1784395193780 0.2697764039039612 2691
1784395193785 0.25237998366355896 2692
1784395193789 0.2545299232006073 2693
1784395193794 0.2553786635398865 2694
1784395193798 0.2589865028858185 2695
1784395193804 0.26358795166015625 2696
1784395193810 0.2580941617488861 2697
1784395193817 0.2656218409538269 2698
1784395193823 0.25956621766090393 2699
1784395193827 0.2776612937450409 2700
1784395193834 0.26483964920043945 2701
1784395193840 0.25882476568222046 2702
1784395193845 0.25810202956199646 2703
1784395193851 0.2686994969844818 2704
1784395193856 0.2652287781238556 2705
1784395193862 0.26714378595352173 2706
1784395193867 0.28966444730758667 2707
1784395193873 0.26277512311935425 2708
1784395193879 0.27626505494117737 2709
1784395193884 0.27817484736442566 2710
1784395193888 0.2566656470298767 2711
1784395193893 0.269010454416275 2712
1784395193897 0.2673119008541107 2713
1784395193901 0.26487240195274353 2714
1784395193906 0.2484629899263382 2715
1784395193910 0.2568088173866272 2716
1784395193914 0.25318875908851624 2717
1784395193919 0.2552872598171234 2718
1784395193924 0.23739638924598694 2719
1784395193930 0.24819457530975342 2720
1784395193936 0.2686663269996643 2721
1784395193942 0.26819199323654175 2722
1784395193948 0.264803409576416 2723
1784395193953 0.2549096345901489 2724
1784395193957 0.26264721155166626 2725
1784395193962 0.262360543012619 2726
1784395193966 0.25832584500312805 2727
1784395193971 0.24679617583751678 2728
1784395193975 0.27538278698921204 2729
1784395193980 0.27073144912719727 2730
1784395193984 0.26467880606651306 2731
1784395193989 0.26342108845710754 2732
1784395193995 0.2551974952220917 2733
1784395194000 0.27583009004592896 2734
1784395194006 0.2754150629043579 2735
1784395194012 0.26188644766807556 2736
1784395194017 0.2683267891407013 2737
1784395194024 0.2599281072616577 2738
1784395194030 0.25276628136634827 2739
1784395194035 0.25284343957901 2740
1784395194040 0.2595626413822174 2741
1784395194045 0.26499873399734497 2742
1784395194050 0.26556703448295593 2743
1784395194055 0.2785041332244873 2744
1784395194060 0.26144400238990784 2745
1784395194064 0.26584985852241516 2746
1784395194068 0.25231027603149414 2747
1784395194073 0.2676790654659271 2748
1784395194078 0.27336180210113525 2749
1784395194084 0.26428982615470886 2750
1784395194090 0.2590359151363373 2751
1784395194095 0.2401033341884613 2752
1784395194101 0.25952544808387756 2753
1784395194106 0.26287877559661865 2754
1784395194111 0.2702392637729645 2755
1784395194116 0.25781914591789246 2756
1784395194121 0.2646583020687103 2757
1784395194125 0.27638617157936096 2758
1784395194129 0.25248095393180847 2759
1784395194134 0.2775737941265106 2760
1784395194138 0.2740267515182495 2761
1784395194144 0.2601644694805145 2762
1784395194150 0.27712658047676086 2763
1784395194155 0.26532500982284546 2764
1784395194161 0.268444299697876 2765
1784395194166 0.25765261054039 2766
1784395194170 0.25732943415641785 2767
1784395194175 0.2788611948490143 2768
1784395194179 0.2584373652935028 2769
1784395194184 0.2605896294116974 2770
1784395194189 0.26859235763549805 2771
1784395194194 0.2638677656650543 2772
1784395194199 0.2591415345668793 2773
1784395194205 0.26517316699028015 2774
1784395194211 0.2606316804885864 2775
1784395194218 0.2824294865131378 2776
1784395194224 0.2570570409297943 2777
1784395194230 0.2633458077907562 2778
1784395194236 0.2589135766029358 2779
1784395194241 0.2537117898464203 2780
1784395194247 0.2700844705104828 2781
1784395194252 0.24841786921024323 2782
1784395194256 0.25202640891075134 2783
1784395194261 0.24587495625019073 2784
1784395194266 0.2579079866409302 2785
1784395194271 0.2686692178249359 2786
1784395194276 0.25396567583084106 2787
1784395194281 0.2508663237094879 2788
1784395194285 0.26876428723335266 2789
1784395194290 0.2535566985607147 2790
1784395194296 0.2626175880432129 2791
1784395194302 0.2662469148635864 2792
1784395194308 0.24992778897285461 2793
1784395194313 0.25677812099456787 2794
1784395194318 0.2626184821128845 2795
1784395194322 0.25570377707481384 2796
1784395194327 0.2662757635116577 2797
1784395194332 0.25762683153152466 2798
1784395194336 0.24594421684741974 2799
1784395194340 0.27225053310394287 2800
1784395194345 0.2649279236793518 2801
1784395194351 0.27093806862831116 2802
1784395194356 0.25626298785209656 2803
1784395194362 0.259528249502182 2804
1784395194368 0.2526109516620636 2805
1784395194375 0.273205041885376 2806
1784395194380 0.28288984298706055 2807
1784395194384 0.2501731514930725 2808
1784395194389 0.25328701734542847 2809
1784395194394 0.2822346091270447 2810
