1784394040979 10.721284866333008 0
1784394040984 16.527156829833984 1
1784394040990 15.065754890441895 2
1784394040995 15.429574012756348 3
1784394041003 18.538169860839844 4
1784394041009 14.377287864685059 5
1784394041016 16.800016403198242 6
1784394041023 18.20424461364746 7
1784394041029 13.336523056030273 8
1784394041035 19.11505126953125 9
1784394041044 17.605894088745117 10
1784394041051 15.423404693603516 11
1784394041058 18.31926918029785 12
1784394041064 15.402512550354004 13
1784394041070 14.499288558959961 14
1784394041076 17.21897315979004 15
1784394041080 16.366071701049805 16
1784394041084 15.524513244628906 17
1784394041090 19.86754608154297 18
1784394041096 15.679829597473145 19
1784394041103 14.311210632324219 20
1784394041109 13.239078521728516 21
1784394041115 13.40143871307373 22
1784394041121 12.675627708435059 23
1784394041128 11.346712112426758 24
1784394041133 12.287860870361328 25
1784394041138 10.606344223022461 26
1784394041145 11.045533180236816 27
1784394041150 12.366610527038574 28
1784394041156 10.604706764221191 29
1784394041162 12.286077499389648 30
1784394041173 10.411444664001465 31
1784394041179 10.065768241882324 32
1784394041184 10.331995010375977 33
1784394041189 10.337127685546875 34
1784394041195 11.854575157165527 35
1784394041201 9.537311553955078 36
1784394041210 11.457921981811523 37
1784394041215 10.651093482971191 38
1784394041220 10.471359252929688 39
1784394041226 9.1159086227417 40
1784394041231 9.558916091918945 41
1784394041237 9.315115928649902 42
1784394041245 9.340615272521973 43
1784394041251 9.742513656616211 44
1784394041258 7.749792098999023 45
1784394041264 10.397526741027832 46
1784394041269 10.896078109741211 47
1784394041274 9.911628723144531 48
1784394041279 10.94217300415039 49
1784394041284 10.84390926361084 50
1784394041288 10.337928771972656 51
1784394041293 10.758419036865234 52
1784394041298 13.31523609161377 53
1784394041303 10.793789863586426 54
1784394041307 11.660589218139648 55
1784394041312 9.741098403930664 56
1784394041318 11.574302673339844 57
1784394041323 8.354296684265137 58
1784394041327 12.024894714355469 59
1784394041332 9.302413940429688 60
1784394041337 10.788297653198242 61
1784394041344 10.86212158203125 62
1784394041350 8.705864906311035 63
1784394041355 11.054264068603516 64
1784394041361 9.954692840576172 65
1784394041366 9.789680480957031 66
1784394041371 10.247193336486816 67
1784394041377 9.80817985534668 68
1784394041382 9.997601509094238 69
1784394041388 9.776176452636719 70
1784394041393 13.24267864227295 71
1784394041397 8.405671119689941 72
1784394041401 11.41916275024414 73
1784394041406 11.988906860351562 74
1784394041411 11.445030212402344 75
1784394041415 11.157910346984863 76
1784394041420 14.155843734741211 77
1784394041424 12.876103401184082 78
1784394041430 13.84980297088623 79
1784394041435 12.397415161132812 80
1784394041439 11.484664916992188 81
1784394041445 11.65036678314209 82
1784394041451 10.63740348815918 83
1784394041456 9.147668838500977 84
1784394041460 11.398918151855469 85
1784394041465 7.728426933288574 86
1784394041470 10.835201263427734 87
1784394041475 8.598937034606934 88
1784394041480 9.513785362243652 89
1784394041485 10.918478965759277 90
1784394041490 10.547723770141602 91
1784394041495 12.757858276367188 92
1784394041500 11.137259483337402 93
1784394041505 11.26745319366455 94
1784394041509 11.80012035369873 95
1784394041515 10.3072509765625 96
1784394041520 11.280022621154785 97
1784394041524 10.175165176391602 98
1784394041529 10.02587604522705 99
1784394041533 10.083820343017578 100
1784394041538 11.549225807189941 101
1784394041543 9.541025161743164 102
1784394041552 9.984454154968262 103
1784394041559 11.123373985290527 104
1784394041566 10.694305419921875 105
1784394041572 11.565019607543945 106
1784394041577 8.615029335021973 107
1784394041583 10.693180084228516 108
1784394041588 9.347673416137695 109
1784394041594 10.338878631591797 110
1784394041600 9.965399742126465 111
1784394041606 10.259567260742188 112
1784394041611 11.486588478088379 113
1784394041618 10.308682441711426 114
1784394041623 9.258270263671875 115
1784394041629 12.980234146118164 116
1784394041634 13.649067878723145 117
1784394041639 10.273406982421875 118
1784394041643 12.63833236694336 119
1784394041648 13.797990798950195 120
1784394041659 12.153332710266113 121
1784394041667 13.407934188842773 122
1784394041673 13.505804061889648 123
1784394041679 13.867607116699219 124
1784394041685 11.841577529907227 125
1784394041690 12.425929069519043 126
1784394041697 11.443889617919922 127
1784394041704 11.302783966064453 128
1784394041708 13.034380912780762 129
1784394041716 10.74376106262207 130
1784394041725 12.042505264282227 131
1784394041731 11.36390209197998 132
1784394041735 10.005248069763184 133
1784394041740 9.87952709197998 134
1784394041744 13.689777374267578 135
1784394041749 10.385968208312988 136
1784394041756 12.622061729431152 137
1784394041763 12.746044158935547 138
1784394041769 11.592748641967773 139
1784394041775 11.3173246383667 140
1784394041781 12.268142700195312 141
1784394041787 11.24343490600586 142
1784394041792 9.684487342834473 143
1784394041798 10.487493515014648 144
1784394041804 11.046430587768555 145
1784394041810 10.569077491760254 146
1784394041816 10.723302841186523 147
1784394041822 11.2254638671875 148
1784394041827 9.82582950592041 149
1784394041833 9.836490631103516 150
1784394041839 9.629576683044434 151
1784394041846 9.58450698852539 152
1784394041852 9.655797958374023 153
1784394041858 9.292720794677734 154
1784394041864 9.714719772338867 155
1784394041870 9.576884269714355 156
1784394041875 11.70732307434082 157
1784394041881 10.341497421264648 158
1784394041889 11.058205604553223 159
1784394041896 10.176616668701172 160
1784394041901 10.08832836151123 161
1784394041906 8.69771957397461 162
1784394041910 10.314126014709473 163
1784394041915 9.431243896484375 164
1784394041919 12.948678970336914 165
1784394041922 12.726531982421875 166
1784394041926 13.696653366088867 167
1784394041930 12.405681610107422 168
1784394041933 12.810040473937988 169
1784394041937 13.186799049377441 170
1784394041941 12.336406707763672 171
1784394041944 9.839619636535645 172
1784394041948 11.051412582397461 173
1784394041951 10.952253341674805 174
1784394041954 9.538630485534668 175
1784394041958 12.407674789428711 176
1784394041962 11.336149215698242 177
1784394041964 10.17453384399414 178
1784394041968 10.6327486038208 179
1784394041970 9.582310676574707 180
1784394041973 12.069788932800293 181
1784394041976 11.568796157836914 182
1784394041979 10.189739227294922 183
1784394041982 10.567679405212402 184
1784394041985 9.95477294921875 185
1784394041988 11.179943084716797 186
1784394041991 9.689068794250488 187
1784394041993 8.75263786315918 188
1784394041996 9.580504417419434 189
1784394041998 8.592275619506836 190
1784394042001 9.348421096801758 191
1784394042003 9.253475189208984 192
1784394042006 12.416583061218262 193
1784394042009 11.41103744506836 194
1784394042012 9.872587203979492 195
1784394042015 11.835948944091797 196
1784394042018 10.707498550415039 197
1784394042021 9.418375015258789 198
1784394042023 11.242424964904785 199
1784394042026 11.461597442626953 200
1784394042029 10.084341049194336 201
1784394042031 9.382174491882324 202
1784394042034 9.456244468688965 203
1784394042037 9.561901092529297 204
1784394042040 10.225114822387695 205
1784394042043 8.388532638549805 206
1784394042045 10.17086410522461 207
1784394042049 9.073870658874512 208
1784394042051 10.09391975402832 209
1784394042054 10.080282211303711 210
1784394042056 11.027288436889648 211
1784394042059 11.289752960205078 212
1784394042062 11.442002296447754 213
1784394042064 10.899467468261719 214
1784394042067 11.300043106079102 215
1784394042070 9.463862419128418 216
1784394042072 12.018835067749023 217
1784394042075 9.31818962097168 218
1784394042078 10.707841873168945 219
1784394042080 8.30528450012207 220
1784394042083 10.070865631103516 221
1784394042085 9.56498908996582 222
1784394042088 12.672898292541504 223
1784394042091 11.615516662597656 224
1784394042094 12.48824691772461 225
1784394042097 10.893932342529297 226
1784394042099 9.400236129760742 227
1784394042102 9.44178581237793 228
1784394042105 9.088558197021484 229
1784394042108 8.67105770111084 230
1784394042110 9.103883743286133 231
1784394042113 8.367110252380371 232
1784394042116 10.288201332092285 233
1784394042118 8.804760932922363 234
1784394042121 9.91019058227539 235
1784394042124 10.24596881866455 236
1784394042127 9.88584041595459 237
1784394042130 9.216362953186035 238
1784394042133 8.092966079711914 239
1784394042135 8.57263469696045 240
1784394042138 9.509500503540039 241
1784394042141 8.941744804382324 242
1784394042144 10.186097145080566 243
1784394042146 9.33127212524414 244
1784394042149 11.45687198638916 245
1784394042152 9.179073333740234 246
1784394042155 12.95608139038086 247
1784394042158 11.098272323608398 248
1784394042161 11.359402656555176 249
1784394042165 11.656993865966797 250
1784394042173 11.21208667755127 251
1784394042180 10.842215538024902 252
1784394042184 9.480904579162598 253
1784394042187 10.907684326171875 254
1784394042189 8.741364479064941 255
1784394042199 11.0748929977417 256
1784394042206 9.033472061157227 257
1784394042210 9.796001434326172 258
1784394042212 9.544437408447266 259
1784394042217 10.179657936096191 260
1784394042221 9.885845184326172 261
1784394042227 11.751304626464844 262
1784394042230 10.302586555480957 263
1784394042234 11.537320137023926 264
1784394042237 10.438736915588379 265
1784394042241 10.19210433959961 266
1784394042244 9.426682472229004 267
1784394042260 9.556452751159668 268
1784394042268 10.587764739990234 269
1784394042272 12.425095558166504 270
1784394042275 10.680962562561035 271
1784394042278 11.024645805358887 272
1784394042283 10.228446960449219 273
1784394042286 10.49360179901123 274
1784394042290 8.961485862731934 275
1784394042294 12.76991081237793 276
1784394042297 9.43574333190918 277
1784394042300 11.601409912109375 278
1784394042303 10.339497566223145 279
1784394042306 11.877035140991211 280
1784394042309 10.32490348815918 281
1784394042311 9.550277709960938 282
1784394042314 16.315141677856445 283
1784394042317 13.069321632385254 284
1784394042320 12.244731903076172 285
1784394042322 12.446330070495605 286
1784394042325 15.202853202819824 287
1784394042327 10.902379035949707 288
1784394042330 13.94852066040039 289
1784394042333 14.400125503540039 290
1784394042336 11.509546279907227 291
1784394042339 12.62460708618164 292
1784394042341 13.560003280639648 293
1784394042344 11.670948028564453 294
1784394042347 11.325485229492188 295
1784394042350 13.189412117004395 296
1784394042352 13.39278793334961 297
1784394042355 12.3951997756958 298
1784394042357 13.582751274108887 299
1784394042360 11.310759544372559 300
1784394042363 11.846539497375488 301
1784394042365 11.234001159667969 302
1784394042368 12.206130981445312 303
1784394042371 13.841045379638672 304
1784394042373 13.249530792236328 305
1784394042376 13.004029273986816 306
1784394042379 15.223167419433594 307
1784394042382 13.544322967529297 308
1784394042385 14.077366828918457 309
1784394042388 11.939894676208496 310
1784394042390 12.935336112976074 311
1784394042394 13.316948890686035 312
1784394042396 10.995508193969727 313
1784394042399 13.45544147491455 314
1784394042402 13.496956825256348 315
1784394042405 12.704926490783691 316
1784394042408 13.585915565490723 317
1784394042411 12.078123092651367 318
1784394042413 10.669631958007812 319
1784394042417 11.980793952941895 320
1784394042420 11.985859870910645 321
1784394042423 10.999082565307617 322
1784394042428 9.377461433410645 323
1784394042431 10.533421516418457 324
1784394042434 9.679903984069824 325
1784394042437 9.740888595581055 326
1784394042440 10.388566017150879 327
1784394042443 9.268646240234375 328
1784394042446 10.471190452575684 329
1784394042450 9.71076488494873 330
1784394042453 12.549304962158203 331
1784394042456 10.784945487976074 332
1784394042458 11.196508407592773 333
1784394042461 12.862570762634277 334
1784394042464 8.657783508300781 335
1784394042467 12.060408592224121 336
1784394042470 9.673666954040527 337
1784394042473 12.311454772949219 338
1784394042476 14.008251190185547 339
1784394042478 9.686402320861816 340
1784394042481 13.025331497192383 341
1784394042484 11.335582733154297 342
1784394042486 9.591920852661133 343
1784394042489 10.213376998901367 344
1784394042492 9.047703742980957 345
1784394042494 11.797616004943848 346
1784394042497 10.474621772766113 347
1784394042499 12.003373146057129 348
1784394042502 10.535371780395508 349
1784394042505 10.241695404052734 350
1784394042507 13.472567558288574 351
1784394042510 7.559614181518555 352
1784394042512 11.422799110412598 353
1784394042518 9.388969421386719 354
1784394042522 11.721561431884766 355
1784394042526 10.011528968811035 356
1784394042529 10.735467910766602 357
1784394042532 10.796238899230957 358
1784394042535 11.014351844787598 359
1784394042539 11.746970176696777 360
1784394042550 9.809932708740234 361
1784394042553 10.374624252319336 362
1784394042557 10.925882339477539 363
1784394042559 12.81470775604248 364
1784394042562 10.485419273376465 365
1784394042565 12.759206771850586 366
1784394042567 10.94558334350586 367
1784394042570 11.101752281188965 368
1784394042572 11.257719039916992 369
1784394042575 9.67686939239502 370
1784394042577 10.968252182006836 371
1784394042580 11.689569473266602 372
1784394042582 8.892602920532227 373
1784394042585 11.266159057617188 374
1784394042587 11.139317512512207 375
1784394042590 11.848769187927246 376
1784394042593 10.763385772705078 377
1784394042595 10.803391456604004 378
1784394042598 12.748299598693848 379
1784394042601 12.22549819946289 380
1784394042605 9.832096099853516 381
1784394042608 11.278984069824219 382
1784394042611 10.287546157836914 383
1784394042614 9.764280319213867 384
1784394042617 8.305912971496582 385
1784394042619 11.464805603027344 386
1784394042622 10.018141746520996 387
1784394042625 8.83681583404541 388
1784394042627 10.584943771362305 389
1784394042630 8.237163543701172 390
1784394042633 10.860746383666992 391
1784394042635 9.932302474975586 392
1784394042638 10.93931770324707 393
1784394042640 11.650727272033691 394
1784394042643 9.030075073242188 395
1784394042645 10.454148292541504 396
1784394042648 9.785301208496094 397
1784394042651 9.420700073242188 398
1784394042653 9.826001167297363 399
1784394042656 9.936165809631348 400
1784394042658 10.505829811096191 401
1784394042661 9.127257347106934 402
1784394042664 9.640484809875488 403
1784394042667 10.664158821105957 404
1784394042669 10.714674949645996 405
1784394042672 11.074638366699219 406
1784394042675 12.052842140197754 407
1784394042677 9.74140453338623 408
1784394042679 13.684675216674805 409
1784394042682 13.369213104248047 410
1784394042685 11.895806312561035 411
1784394042687 12.753547668457031 412
1784394042690 11.83571720123291 413
1784394042692 12.85575008392334 414
1784394042695 15.156024932861328 415
1784394042697 14.588752746582031 416
1784394042700 12.091232299804688 417
1784394042703 15.891959190368652 418
1784394042705 12.197208404541016 419
1784394042708 13.98550796508789 420
1784394042710 10.777078628540039 421
1784394042713 13.116323471069336 422
1784394042715 12.424677848815918 423
1784394042718 12.2572603225708 424
1784394042721 9.270665168762207 425
1784394042724 12.14041519165039 426
1784394042726 11.528768539428711 427
1784394042729 11.041058540344238 428
1784394042731 10.879415512084961 429
1784394042734 10.411175727844238 430
1784394042737 9.516759872436523 431
1784394042740 10.490036010742188 432
1784394042742 8.810469627380371 433
1784394042753 11.308259963989258 434
1784394042756 9.493599891662598 435
1784394042759 8.646974563598633 436
1784394042762 9.21544075012207 437
1784394042765 9.107094764709473 438
1784394042769 9.851701736450195 439
1784394042772 9.303449630737305 440
1784394042775 9.237923622131348 441
1784394042778 10.31087875366211 442
1784394042782 9.162698745727539 443
1784394042785 8.381175994873047 444
1784394042788 10.396808624267578 445
1784394042792 11.48238754272461 446
1784394042796 10.032862663269043 447
1784394042799 12.85519790649414 448
1784394042802 11.479595184326172 449
1784394042805 15.013650894165039 450
1784394042808 11.412256240844727 451
1784394042811 12.377626419067383 452
1784394042815 12.046666145324707 453
1784394042818 11.093853950500488 454
1784394042821 9.461860656738281 455
1784394042825 8.920369148254395 456
1784394042828 8.69214153289795 457
1784394042831 8.359417915344238 458
1784394042834 9.0242919921875 459
1784394042837 9.673962593078613 460
1784394042840 10.911357879638672 461
1784394042843 8.606188774108887 462
1784394042846 13.401915550231934 463
1784394042849 13.024255752563477 464
1784394042852 8.808505058288574 465
1784394042856 11.056174278259277 466
1784394042859 10.373708724975586 467
1784394042861 10.919434547424316 468
1784394042864 9.334528923034668 469
1784394042868 9.171188354492188 470
1784394042871 10.00788688659668 471
1784394042875 11.452981948852539 472
1784394042879 8.299835205078125 473
1784394042882 11.44132137298584 474
1784394042885 10.732995986938477 475
1784394042888 9.7022123336792 476
1784394042890 9.275774002075195 477
1784394042894 9.669878959655762 478
1784394042897 10.629911422729492 479
1784394042900 9.930355072021484 480
1784394042904 10.933239936828613 481
1784394042906 9.540962219238281 482
1784394042910 12.205398559570312 483
1784394042913 8.813699722290039 484
1784394042917 11.012042999267578 485
1784394042920 11.499784469604492 486
1784394042923 8.184393882751465 487
1784394042927 12.197928428649902 488
1784394042930 10.663348197937012 489
1784394042933 9.871532440185547 490
1784394042937 10.200394630432129 491
1784394042940 9.792402267456055 492
1784394042944 9.307382583618164 493
1784394042947 9.952418327331543 494
1784394042950 8.441108703613281 495
1784394042953 7.610562801361084 496
1784394042957 8.491990089416504 497
1784394042960 6.91449499130249 498
1784394042962 8.812222480773926 499
1784394042966 6.69954252243042 500
1784394042969 8.398548126220703 501
1784394042972 8.463226318359375 502
1784394042976 9.414647102355957 503
1784394042980 8.561586380004883 504
1784394042984 9.243179321289062 505
1784394042987 10.583718299865723 506
1784394042990 9.638273239135742 507
1784394042992 10.650233268737793 508
1784394042995 11.640517234802246 509
1784394042999 11.648324012756348 510
1784394043001 10.310325622558594 511
1784394043005 11.161481857299805 512
1784394043009 8.732013702392578 513
1784394043013 11.441049575805664 514
1784394043020 11.235944747924805 515
1784394043024 9.801185607910156 516
1784394043027 10.178888320922852 517
1784394043030 13.275936126708984 518
1784394043033 11.509151458740234 519
1784394043036 11.814891815185547 520
1784394043039 15.481995582580566 521
1784394043042 10.072505950927734 522
1784394043044 12.846431732177734 523
1784394043047 15.67198371887207 524
1784394043050 10.314939498901367 525
1784394043052 16.272510528564453 526
1784394043055 15.616939544677734 527
1784394043058 12.599130630493164 528
1784394043060 12.71701717376709 529
1784394043063 12.863182067871094 530
1784394043066 12.379855155944824 531
1784394043068 10.83413314819336 532
1784394043071 13.249265670776367 533
1784394043073 9.3503999710083 534
1784394043076 12.848843574523926 535
1784394043079 12.803949356079102 536
1784394043081 8.73230266571045 537
1784394043084 12.516701698303223 538
1784394043087 9.589426040649414 539
1784394043090 11.933497428894043 540
1784394043093 10.272682189941406 541
1784394043096 10.026782035827637 542
1784394043099 11.103528022766113 543
1784394043103 8.519479751586914 544
1784394043106 11.170761108398438 545
1784394043109 9.232660293579102 546
1784394043111 9.410408020019531 547
1784394043114 10.863432884216309 548
1784394043116 7.138272285461426 549
1784394043120 12.528645515441895 550
1784394043122 9.101218223571777 551
1784394043125 11.419568061828613 552
1784394043128 9.360921859741211 553
1784394043130 10.855546951293945 554
1784394043133 12.54505729675293 555
1784394043136 10.510713577270508 556
1784394043139 11.833479881286621 557
1784394043142 13.771422386169434 558
1784394043145 13.090965270996094 559
1784394043148 10.266339302062988 560
1784394043150 12.670572280883789 561
1784394043153 10.790520668029785 562
1784394043155 11.143918991088867 563
1784394043158 11.505237579345703 564
1784394043161 9.300024032592773 565
1784394043164 12.155787467956543 566
1784394043167 12.423223495483398 567
1784394043170 10.355655670166016 568
1784394043174 11.094069480895996 569
1784394043177 13.412223815917969 570
1784394043181 10.224153518676758 571
1784394043183 10.4566650390625 572
1784394043187 11.468653678894043 573
1784394043190 11.37547492980957 574
1784394043193 12.250746726989746 575
1784394043196 10.753618240356445 576
1784394043198 12.946826934814453 577
1784394043201 12.425036430358887 578
1784394043204 11.238563537597656 579
1784394043206 12.71811580657959 580
1784394043208 13.41773796081543 581
1784394043211 10.963733673095703 582
1784394043214 12.237241744995117 583
1784394043216 13.444405555725098 584
1784394043219 11.675440788269043 585
1784394043222 12.764110565185547 586
1784394043224 12.911911010742188 587
1784394043227 9.536256790161133 588
1784394043230 11.853256225585938 589
1784394043233 10.690887451171875 590
1784394043236 14.531232833862305 591
1784394043238 10.89173412322998 592
1784394043241 11.506895065307617 593
1784394043243 9.757774353027344 594
1784394043246 14.229331016540527 595
1784394043248 9.505716323852539 596
1784394043251 12.540684700012207 597
1784394043253 13.914997100830078 598
1784394043256 7.961093902587891 599
1784394043259 13.433971405029297 600
1784394043261 13.238041877746582 601
1784394043264 10.68234634399414 602
1784394043266 13.901166915893555 603
1784394043269 18.13783073425293 604
1784394043271 11.096048355102539 605
1784394043274 15.249115943908691 606
1784394043276 17.267732620239258 607
1784394043279 13.30831241607666 608
1784394043281 14.837932586669922 609
1784394043284 14.830099105834961 610
1784394043286 12.20128059387207 611
1784394043289 16.412796020507812 612
1784394043293 13.321660995483398 613
1784394043297 13.160334587097168 614
1784394043300 14.510446548461914 615
1784394043303 13.408207893371582 616
1784394043305 13.934276580810547 617
1784394043307 13.981497764587402 618
1784394043310 12.17920970916748 619
1784394043314 12.668707847595215 620
1784394043317 12.917787551879883 621
1784394043321 10.530945777893066 622
1784394043324 12.684426307678223 623
1784394043329 13.769025802612305 624
1784394043333 12.02013111114502 625
1784394043335 10.80255126953125 626
1784394043337 13.336479187011719 627
1784394043340 8.378278732299805 628
1784394043343 13.512768745422363 629
1784394043346 12.294717788696289 630
1784394043349 9.925446510314941 631
1784394043352 13.502758026123047 632
1784394043355 10.410491943359375 633
1784394043357 12.767048835754395 634
1784394043359 9.772002220153809 635
1784394043361 12.895060539245605 636
1784394043365 12.082280158996582 637
1784394043369 11.50717830657959 638
1784394043371 13.025745391845703 639
1784394043375 11.751321792602539 640
1784394043377 12.818490982055664 641
1784394043381 11.593462944030762 642
1784394043384 13.629679679870605 643
1784394043387 12.362611770629883 644
1784394043390 9.408560752868652 645
1784394043393 14.133871078491211 646
1784394043395 11.544764518737793 647
1784394043399 10.657247543334961 648
1784394043402 12.875161170959473 649
1784394043405 13.341476440429688 650
1784394043408 10.189558982849121 651
1784394043412 12.536104202270508 652
1784394043415 11.625648498535156 653
1784394043418 12.241493225097656 654
1784394043422 13.823882102966309 655
1784394043425 12.309184074401855 656
1784394043428 14.03369140625 657
1784394043432 10.341415405273438 658
1784394043435 13.120131492614746 659
1784394043437 12.506769180297852 660
1784394043440 8.802602767944336 661
1784394043443 13.60501480102539 662
1784394043445 8.954588890075684 663
1784394043448 14.098953247070312 664
1784394043451 13.009098052978516 665
1784394043454 10.618675231933594 666
1784394043457 15.256068229675293 667
1784394043460 12.712656021118164 668
1784394043463 12.677413940429688 669
1784394043466 17.421175003051758 670
1784394043469 14.486043930053711 671
1784394043472 14.253074645996094 672
1784394043475 14.209065437316895 673
1784394043478 14.67841911315918 674
1784394043481 12.515996932983398 675
1784394043484 16.162660598754883 676
1784394043487 11.836299896240234 677
1784394043490 14.673927307128906 678
1784394043493 12.675785064697266 679
1784394043496 14.841148376464844 680
1784394043499 13.000164031982422 681
1784394043502 11.34268856048584 682
1784394043505 15.46847152709961 683
1784394043507 10.434783935546875 684
1784394043510 14.548506736755371 685
1784394043513 12.831892013549805 686
1784394043516 12.247045516967773 687
1784394043518 15.28631591796875 688
1784394043521 11.960039138793945 689
1784394043524 14.334471702575684 690
1784394043528 12.84218978881836 691
1784394043531 10.754129409790039 692
1784394043534 14.950709342956543 693
1784394043538 10.43669319152832 694
1784394043540 10.984480857849121 695
1784394043543 9.146324157714844 696
1784394043546 10.24617862701416 697
1784394043549 10.430575370788574 698
1784394043552 10.75331974029541 699
1784394043558 10.622363090515137 700
1784394043564 13.028976440429688 701
1784394043567 11.010781288146973 702
1784394043571 11.215930938720703 703
1784394043575 11.525708198547363 704
1784394043578 11.135496139526367 705
1784394043582 10.775888442993164 706
1784394043584 10.965629577636719 707
1784394043588 9.608519554138184 708
1784394043591 10.797048568725586 709
1784394043594 10.601398468017578 710
1784394043597 10.870304107666016 711
1784394043601 11.537090301513672 712
1784394043604 13.493863105773926 713
1784394043607 13.997835159301758 714
1784394043610 10.464177131652832 715
1784394043613 10.198075294494629 716
1784394043616 8.914033889770508 717
1784394043619 9.518630981445312 718
1784394043622 12.175753593444824 719
1784394043624 9.17180061340332 720
1784394043628 11.509912490844727 721
1784394043631 9.83214282989502 722
1784394043633 11.616849899291992 723
1784394043636 11.29214859008789 724
1784394043639 10.273923873901367 725
1784394043642 11.765275955200195 726
1784394043645 12.425966262817383 727
1784394043648 10.656723022460938 728
1784394043651 13.12258529663086 729
1784394043654 14.93689250946045 730
1784394043657 12.07686996459961 731
1784394043660 12.72991943359375 732
1784394043662 13.823187828063965 733
1784394043665 11.243647575378418 734
1784394043667 12.57144832611084 735
1784394043670 12.681169509887695 736
1784394043673 11.806995391845703 737
1784394043676 12.556279182434082 738
1784394043679 10.811590194702148 739
1784394043682 12.473389625549316 740
1784394043685 10.271782875061035 741
1784394043688 13.372246742248535 742
1784394043691 12.564516067504883 743
1784394043694 11.179244995117188 744
1784394043696 12.435965538024902 745
1784394043699 11.987626075744629 746
1784394043702 11.744489669799805 747
1784394043704 12.604488372802734 748
1784394043707 10.350598335266113 749
1784394043710 12.160416603088379 750
1784394043712 9.899699211120605 751
1784394043715 9.262876510620117 752
1784394043718 9.45336627960205 753
1784394043721 8.503500938415527 754
1784394043724 10.011087417602539 755
1784394043727 9.265718460083008 756
1784394043730 9.716588020324707 757
1784394043733 10.739911079406738 758
1784394043735 9.319416046142578 759
1784394043738 8.447664260864258 760
1784394043741 9.32117748260498 761
1784394043743 10.640501976013184 762
1784394043746 11.467885971069336 763
1784394043749 12.734719276428223 764
1784394043751 9.67353630065918 765
1784394043754 11.515618324279785 766
1784394043757 9.365396499633789 767
1784394043759 11.887127876281738 768
1784394043762 9.704870223999023 769
1784394043764 13.329886436462402 770
1784394043767 10.511236190795898 771
1784394043770 10.736246109008789 772
1784394043773 11.787247657775879 773
1784394043776 10.337413787841797 774
1784394043778 12.382848739624023 775
1784394043782 13.094986915588379 776
1784394043784 10.45991325378418 777
1784394043787 14.000991821289062 778
1784394043789 13.063384056091309 779
1784394043792 15.042957305908203 780
1784394043795 13.517559051513672 781
1784394043798 11.62528133392334 782
1784394043801 14.92726993560791 783
1784394043805 13.182385444641113 784
1784394043808 12.146556854248047 785
1784394043811 14.238897323608398 786
1784394043814 15.433874130249023 787
1784394043822 13.540231704711914 788
1784394043825 9.996387481689453 789
1784394043829 13.612727165222168 790
1784394043832 10.99907112121582 791
1784394043836 11.925019264221191 792
1784394043839 14.57705307006836 793
1784394043843 12.274957656860352 794
1784394043846 14.230377197265625 795
1784394043850 12.094659805297852 796
1784394043853 13.021305084228516 797
1784394043856 12.271743774414062 798
1784394043860 13.07413101196289 799
1784394043862 13.280251502990723 800
1784394043865 12.743446350097656 801
1784394043868 14.979621887207031 802
1784394043871 13.038668632507324 803
1784394043875 13.177703857421875 804
1784394043877 11.512114524841309 805
1784394043880 12.96606159210205 806
1784394043883 13.465761184692383 807
1784394043886 15.008020401000977 808
1784394043889 16.423128128051758 809
1784394043893 11.31380844116211 810
1784394043895 15.3848876953125 811
1784394043898 14.34423542022705 812
1784394043901 12.637140274047852 813
1784394043905 14.66614055633545 814
1784394043908 13.350983619689941 815
1784394043911 13.100579261779785 816
1784394043915 15.713343620300293 817
1784394043917 16.417163848876953 818
1784394043920 13.744226455688477 819
1784394043923 14.756568908691406 820
1784394043926 15.787758827209473 821
1784394043929 13.292667388916016 822
1784394043932 10.842321395874023 823
1784394043934 14.755502700805664 824
1784394043938 15.557577133178711 825
1784394043942 12.737195014953613 826
1784394043945 18.061098098754883 827
1784394043949 19.735830307006836 828
1784394043952 13.53251838684082 829
1784394043955 14.862288475036621 830
1784394043958 15.746407508850098 831
1784394043961 16.679935455322266 832
1784394043965 16.69069480895996 833
1784394043969 17.987289428710938 834
1784394043973 17.825395584106445 835
1784394043976 11.5822172164917 836
1784394043980 15.654666900634766 837
1784394043983 13.975366592407227 838
1784394043987 13.618902206420898 839
1784394043990 16.770048141479492 840
1784394043992 15.497639656066895 841
1784394043997 11.26700210571289 842
1784394043999 14.844561576843262 843
1784394044002 16.967571258544922 844
1784394044004 14.275297164916992 845
1784394044007 12.961742401123047 846
1784394044009 13.906261444091797 847
1784394044012 10.93908405303955 848
1784394044015 13.256318092346191 849
1784394044018 12.121109008789062 850
1784394044021 11.593001365661621 851
1784394044024 14.9059476852417 852
1784394044027 12.681321144104004 853
1784394044029 13.658967971801758 854
1784394044032 15.227742195129395 855
1784394044035 10.919434547424316 856
1784394044038 14.058378219604492 857
1784394044041 14.340686798095703 858
1784394044044 10.864370346069336 859
1784394044047 17.4050350189209 860
1784394044050 18.479665756225586 861
1784394044052 11.976968765258789 862
1784394044055 13.233031272888184 863
1784394044057 13.961030960083008 864
1784394044060 11.401874542236328 865
1784394044063 12.590188980102539 866
1784394044065 9.805569648742676 867
1784394044068 12.372152328491211 868
1784394044071 11.577244758605957 869
1784394044073 14.421277046203613 870
1784394044076 13.70776081085205 871
1784394044079 10.13084602355957 872
1784394044081 10.541526794433594 873
1784394044084 10.536338806152344 874
1784394044087 8.259352684020996 875
1784394044090 10.512351036071777 876
1784394044093 8.891146659851074 877
1784394044096 12.331892013549805 878
1784394044098 10.88572883605957 879
1784394044102 11.406331062316895 880
1784394044105 11.353384971618652 881
1784394044108 11.25936508178711 882
1784394044111 10.426616668701172 883
1784394044114 10.957016944885254 884
1784394044117 11.54141902923584 885
1784394044119 9.738933563232422 886
1784394044123 11.94057559967041 887
1784394044126 13.554183959960938 888
1784394044129 10.127111434936523 889
1784394044133 14.809589385986328 890
1784394044136 10.064602851867676 891
1784394044140 14.24034595489502 892
1784394044143 15.42635726928711 893
1784394044146 11.196122169494629 894
1784394044149 15.351028442382812 895
1784394044152 11.118526458740234 896
1784394044155 13.267359733581543 897
1784394044159 13.239026069641113 898
1784394044162 10.701684951782227 899
1784394044165 13.418746948242188 900
1784394044167 10.867286682128906 901
1784394044171 11.301801681518555 902
1784394044174 12.860494613647461 903
1784394044177 9.227751731872559 904
1784394044180 13.937429428100586 905
1784394044183 11.778315544128418 906
1784394044186 11.90752124786377 907
1784394044190 12.9570894241333 908
1784394044194 14.133658409118652 909
1784394044198 8.901338577270508 910
1784394044201 14.857366561889648 911
1784394044205 13.41440486907959 912
1784394044208 8.390410423278809 913
1784394044211 12.630626678466797 914
1784394044214 9.472184181213379 915
1784394044217 11.471134185791016 916
1784394044220 10.9185209274292 917
1784394044222 12.186066627502441 918
1784394044225 10.764612197875977 919
1784394044227 10.900527954101562 920
1784394044230 11.027311325073242 921
1784394044233 9.335986137390137 922
1784394044236 9.323875427246094 923
1784394044238 9.526586532592773 924
1784394044240 9.687165260314941 925
1784394044243 9.830917358398438 926
1784394044246 8.966622352600098 927
1784394044249 9.322428703308105 928
1784394044252 11.03324031829834 929
1784394044255 10.73395824432373 930
1784394044258 8.786996841430664 931
1784394044261 13.596762657165527 932
1784394044264 9.149148941040039 933
1784394044267 11.177303314208984 934
1784394044269 10.3966646194458 935
1784394044272 9.640033721923828 936
1784394044275 11.536748886108398 937
1784394044279 10.038325309753418 938
1784394044282 9.979761123657227 939
1784394044286 9.759570121765137 940
1784394044289 7.8344855308532715 941
1784394044293 10.351155281066895 942
1784394044296 8.906378746032715 943
1784394044298 10.170845985412598 944
1784394044300 9.443585395812988 945
1784394044303 10.100053787231445 946
1784394044305 9.299580574035645 947
1784394044308 10.104720115661621 948
1784394044311 9.258955955505371 949
1784394044315 10.251290321350098 950
1784394044317 9.724710464477539 951
1784394044321 11.375044822692871 952
1784394044323 10.945231437683105 953
1784394044327 9.859899520874023 954
1784394044330 10.658638000488281 955
1784394044334 10.858488082885742 956
1784394044337 11.992975234985352 957
1784394044340 13.434965133666992 958
1784394044343 9.2422456741333 959
1784394044346 11.692063331604004 960
1784394044357 8.80664348602295 961
1784394044363 11.229389190673828 962
1784394044367 9.249954223632812 963
1784394044370 9.564558982849121 964
1784394044375 11.484467506408691 965
1784394044378 9.429489135742188 966
1784394044382 11.852445602416992 967
1784394044392 10.703211784362793 968
1784394044398 9.37393569946289 969
1784394044401 9.363028526306152 970
1784394044404 8.915844917297363 971
1784394044407 8.380634307861328 972
1784394044410 9.017232894897461 973
1784394044414 9.655879020690918 974
1784394044417 9.260661125183105 975
1784394044421 8.77217960357666 976
1784394044424 9.542473793029785 977
1784394044429 8.390368461608887 978
1784394044431 9.356818199157715 979
1784394044435 10.490930557250977 980
1784394044437 7.253024101257324 981
1784394044440 10.020017623901367 982
1784394044442 9.17341136932373 983
1784394044445 8.573619842529297 984
1784394044449 8.23190689086914 985
1784394044452 7.179579734802246 986
1784394044454 7.9290947914123535 987
1784394044456 9.05309009552002 988
1784394044458 7.824113845825195 989
1784394044461 11.296896934509277 990
1784394044464 8.284770011901855 991
1784394044467 11.343738555908203 992
1784394044470 11.441415786743164 993
1784394044474 9.185205459594727 994
1784394044477 11.018525123596191 995
1784394044480 8.907485961914062 996
1784394044484 10.684146881103516 997
1784394044487 9.421090126037598 998
1784394044491 10.174413681030273 999
1784394044493 8.696931838989258 1000
1784394044497 11.14696216583252 1001
1784394044500 11.721999168395996 1002
1784394044503 12.535621643066406 1003
1784394044507 13.980888366699219 1004
1784394044509 11.488046646118164 1005
1784394044512 10.208443641662598 1006
1784394044515 12.494695663452148 1007
1784394044518 10.23701000213623 1008
1784394044522 11.708232879638672 1009
1784394044525 10.699942588806152 1010
1784394044528 11.201543807983398 1011
1784394044531 12.544198989868164 1012
1784394044534 9.35936164855957 1013
1784394044536 11.030879974365234 1014
1784394044539 9.84926700592041 1015
1784394044543 10.770248413085938 1016
1784394044547 9.437272071838379 1017
1784394044551 11.697259902954102 1018
1784394044554 11.292977333068848 1019
1784394044559 10.00903606414795 1020
1784394044562 11.19785213470459 1021
1784394044566 12.3606538772583 1022
1784394044569 11.826530456542969 1023
1784394044572 11.93267822265625 1024
1784394044575 11.906009674072266 1025
1784394044578 14.409797668457031 1026
1784394044581 8.90437126159668 1027
1784394044584 13.56742000579834 1028
1784394044586 11.745973587036133 1029
1784394044589 13.63243293762207 1030
1784394044592 10.983341217041016 1031
1784394044594 10.472838401794434 1032
1784394044597 11.967530250549316 1033
1784394044600 9.060197830200195 1034
1784394044602 12.865180969238281 1035
1784394044605 10.849323272705078 1036
1784394044608 9.832820892333984 1037
1784394044610 11.721514701843262 1038
1784394044613 10.591286659240723 1039
1784394044615 9.650145530700684 1040
1784394044618 9.503893852233887 1041
1784394044621 9.78546142578125 1042
1784394044623 9.568244934082031 1043
1784394044626 11.207956314086914 1044
1784394044629 10.239577293395996 1045
1784394044632 11.634605407714844 1046
1784394044635 13.989908218383789 1047
1784394044637 12.597818374633789 1048
1784394044640 10.850452423095703 1049
1784394044644 10.870414733886719 1050
1784394044647 11.626142501831055 1051
1784394044650 10.26414966583252 1052
1784394044653 10.997405052185059 1053
1784394044656 11.135208129882812 1054
1784394044666 11.445685386657715 1055
1784394044669 10.907227516174316 1056
1784394044673 10.833709716796875 1057
1784394044677 14.780660629272461 1058
1784394044681 14.97502613067627 1059
1784394044685 14.175209045410156 1060
1784394044688 17.81534194946289 1061
1784394044691 13.923314094543457 1062
1784394044693 16.70063591003418 1063
1784394044697 17.1406307220459 1064
1784394044700 16.07693862915039 1065
1784394044704 15.670438766479492 1066
1784394044707 16.46332359313965 1067
1784394044710 17.358552932739258 1068
1784394044713 14.226755142211914 1069
1784394044717 17.69251823425293 1070
1784394044721 19.2609806060791 1071
1784394044727 13.691840171813965 1072
1784394044731 15.720138549804688 1073
1784394044734 15.918145179748535 1074
1784394044738 13.381343841552734 1075
1784394044741 13.065555572509766 1076
1784394044744 13.664593696594238 1077
1784394044748 15.037437438964844 1078
1784394044751 11.64377212524414 1079
1784394044754 13.757673263549805 1080
1784394044760 14.193883895874023 1081
1784394044763 10.27639389038086 1082
1784394044766 13.481441497802734 1083
1784394044770 9.240561485290527 1084
1784394044773 12.48439884185791 1085
1784394044776 11.698614120483398 1086
1784394044779 9.751590728759766 1087
1784394044781 10.778128623962402 1088
1784394044784 10.25655460357666 1089
1784394044787 10.503141403198242 1090
1784394044790 10.902742385864258 1091
1784394044793 10.626605987548828 1092
1784394044795 11.311603546142578 1093
1784394044798 10.044471740722656 1094
1784394044801 10.222016334533691 1095
1784394044803 8.10983657836914 1096
1784394044806 9.045948028564453 1097
1784394044809 8.62309741973877 1098
1784394044811 10.070826530456543 1099
1784394044814 8.831184387207031 1100
1784394044817 8.07990550994873 1101
1784394044819 8.083894729614258 1102
1784394044822 7.901866912841797 1103
1784394044825 7.603982925415039 1104
1784394044827 9.26977252960205 1105
1784394044830 7.395089626312256 1106
1784394044832 10.609729766845703 1107
1784394044835 8.28215503692627 1108
1784394044837 9.56174373626709 1109
1784394044840 9.574264526367188 1110
1784394044843 9.579863548278809 1111
1784394044846 9.87105655670166 1112
1784394044849 9.505714416503906 1113
1784394044852 10.2118558883667 1114
1784394044856 9.68687915802002 1115
1784394044859 11.784004211425781 1116
1784394044863 13.231292724609375 1117
1784394044866 12.282867431640625 1118
1784394044869 13.07060718536377 1119
1784394044873 13.87838363647461 1120
1784394044877 12.84359359741211 1121
1784394044880 13.12096881866455 1122
1784394044885 11.284494400024414 1123
1784394044888 10.384613037109375 1124
1784394044892 12.781455039978027 1125
1784394044895 10.278841018676758 1126
1784394044898 13.676178932189941 1127
1784394044902 14.248191833496094 1128
1784394044905 13.04755687713623 1129
1784394044909 16.306432723999023 1130
1784394044912 12.85953140258789 1131
1784394044916 12.633182525634766 1132
1784394044919 12.691740036010742 1133
1784394044922 9.217241287231445 1134
1784394044926 13.180411338806152 1135
1784394044936 11.578468322753906 1136
1784394044940 11.795486450195312 1137
1784394044942 11.648448944091797 1138
1784394044947 13.045999526977539 1139
1784394044950 13.83231258392334 1140
1784394044954 11.931196212768555 1141
1784394044957 14.888640403747559 1142
1784394044961 11.389288902282715 1143
1784394044964 12.419431686401367 1144
1784394044968 9.220812797546387 1145
1784394044973 11.998895645141602 1146
1784394044977 11.658291816711426 1147
1784394044980 11.69168758392334 1148
1784394044983 12.943819999694824 1149
1784394044986 11.162272453308105 1150
1784394044990 11.720004081726074 1151
1784394044993 9.151083946228027 1152
1784394044998 12.97671890258789 1153
1784394045001 11.088409423828125 1154
1784394045005 9.581812858581543 1155
1784394045007 10.592964172363281 1156
1784394045009 9.29615592956543 1157
1784394045011 9.634584426879883 1158
1784394045014 8.203136444091797 1159
1784394045017 8.905155181884766 1160
1784394045020 8.245190620422363 1161
1784394045022 8.180207252502441 1162
1784394045025 8.46528148651123 1163
1784394045028 9.089279174804688 1164
1784394045031 9.560471534729004 1165
1784394045035 8.639569282531738 1166
1784394045038 9.352023124694824 1167
1784394045041 10.082633972167969 1168
1784394045044 8.436686515808105 1169
1784394045047 12.92923641204834 1170
1784394045050 10.088193893432617 1171
1784394045054 13.59520435333252 1172
1784394045056 15.001614570617676 1173
1784394045059 10.632363319396973 1174
1784394045062 16.580150604248047 1175
1784394045064 11.877021789550781 1176
1784394045067 12.273938179016113 1177
1784394045069 10.637629508972168 1178
1784394045073 14.470354080200195 1179
1784394045075 14.509167671203613 1180
1784394045078 11.74094295501709 1181
1784394045081 14.71865177154541 1182
1784394045084 12.219605445861816 1183
1784394045087 13.761981964111328 1184
1784394045089 14.25853443145752 1185
1784394045092 12.944574356079102 1186
1784394045095 11.719414710998535 1187
1784394045098 15.493080139160156 1188
1784394045100 15.470168113708496 1189
1784394045103 11.615803718566895 1190
1784394045106 15.106854438781738 1191
1784394045108 15.299948692321777 1192
1784394045111 12.516559600830078 1193
1784394045113 15.43974494934082 1194
1784394045116 14.07567024230957 1195
1784394045119 12.345327377319336 1196
1784394045122 18.08110809326172 1197
1784394045125 12.342586517333984 1198
1784394045128 15.115924835205078 1199
1784394045131 14.081809997558594 1200
1784394045134 16.330568313598633 1201
1784394045137 17.769309997558594 1202
1784394045140 15.850127220153809 1203
1784394045143 19.06059455871582 1204
1784394045146 13.154313087463379 1205
1784394045149 15.723883628845215 1206
1784394045152 16.632442474365234 1207
1784394045154 12.126386642456055 1208
1784394045158 14.718549728393555 1209
1784394045160 14.856932640075684 1210
1784394045163 15.010891914367676 1211
1784394045166 15.6383695602417 1212
1784394045169 13.281975746154785 1213
1784394045172 13.957538604736328 1214
1784394045174 11.598848342895508 1215
1784394045177 16.495222091674805 1216
1784394045181 15.080474853515625 1217
1784394045184 11.971980094909668 1218
1784394045187 14.652185440063477 1219
1784394045190 12.9442720413208 1220
1784394045194 13.650299072265625 1221
1784394045196 12.465068817138672 1222
1784394045200 12.8123779296875 1223
1784394045203 11.767172813415527 1224
1784394045207 13.136625289916992 1225
1784394045209 13.876131057739258 1226
1784394045213 11.269667625427246 1227
1784394045216 12.077783584594727 1228
1784394045219 10.953278541564941 1229
1784394045221 9.581178665161133 1230
1784394045225 11.048971176147461 1231
1784394045228 8.911813735961914 1232
1784394045231 10.587974548339844 1233
1784394045233 9.678646087646484 1234
1784394045236 9.087878227233887 1235
1784394045239 9.36233901977539 1236
1784394045243 10.616748809814453 1237
1784394045246 11.766889572143555 1238
1784394045249 10.11116886138916 1239
1784394045252 9.97146987915039 1240
1784394045255 10.316617012023926 1241
1784394045258 9.549859046936035 1242
1784394045261 11.1207275390625 1243
1784394045264 10.68150520324707 1244
1784394045267 10.765959739685059 1245
1784394045270 14.998747825622559 1246
1784394045273 11.418020248413086 1247
1784394045276 12.840258598327637 1248
1784394045279 11.465211868286133 1249
1784394045282 12.548066139221191 1250
1784394045286 12.065244674682617 1251
1784394045290 14.548075675964355 1252
1784394045293 12.00255298614502 1253
1784394045297 11.43964672088623 1254
1784394045300 13.055843353271484 1255
1784394045303 11.403026580810547 1256
1784394045306 13.270927429199219 1257
1784394045309 14.881209373474121 1258
1784394045312 12.956908226013184 1259
1784394045316 12.07102108001709 1260
1784394045319 13.867234230041504 1261
1784394045322 11.139931678771973 1262
1784394045324 11.113840103149414 1263
1784394045327 10.882019996643066 1264
1784394045331 11.717476844787598 1265
1784394045335 10.930954933166504 1266
1784394045339 10.705015182495117 1267
1784394045342 13.266210556030273 1268
1784394045345 10.178357124328613 1269
1784394045348 14.214971542358398 1270
1784394045351 13.537738800048828 1271
1784394045354 11.356857299804688 1272
1784394045359 14.331701278686523 1273
1784394045363 14.079309463500977 1274
1784394045366 12.653885841369629 1275
1784394045369 11.699475288391113 1276
1784394045372 12.463046073913574 1277
1784394045374 10.73822021484375 1278
1784394045377 10.574532508850098 1279
1784394045380 9.772163391113281 1280
1784394045383 8.584497451782227 1281
1784394045386 9.055367469787598 1282
1784394045389 9.033185958862305 1283
1784394045392 10.185221672058105 1284
1784394045395 8.327132225036621 1285
1784394045397 9.548190116882324 1286
1784394045400 8.295035362243652 1287
1784394045403 8.806281089782715 1288
1784394045406 9.471263885498047 1289
1784394045409 8.565056800842285 1290
1784394045411 9.19977855682373 1291
1784394045414 10.18211555480957 1292
1784394045418 8.781695365905762 1293
1784394045420 10.955533981323242 1294
1784394045423 10.561131477355957 1295
1784394045426 11.369010925292969 1296
1784394045430 13.10943603515625 1297
1784394045433 12.488576889038086 1298
1784394045436 11.477466583251953 1299
1784394045439 15.487887382507324 1300
1784394045443 9.076774597167969 1301
1784394045445 11.97561264038086 1302
1784394045448 11.997220039367676 1303
1784394045451 7.600557327270508 1304
1784394045454 13.055563926696777 1305
1784394045457 9.697322845458984 1306
1784394045461 15.026575088500977 1307
1784394045464 9.90376091003418 1308
1784394045467 14.36685848236084 1309
1784394045470 12.601699829101562 1310
1784394045473 10.172331809997559 1311
1784394045476 11.600326538085938 1312
1784394045479 10.513081550598145 1313
1784394045482 10.681146621704102 1314
1784394045486 11.439960479736328 1315
1784394045489 9.578193664550781 1316
1784394045492 11.910229682922363 1317
1784394045496 12.00253677368164 1318
1784394045499 12.3746919631958 1319
1784394045502 12.582820892333984 1320
1784394045507 10.692012786865234 1321
1784394045511 11.909045219421387 1322
1784394045513 10.870115280151367 1323
1784394045516 13.400196075439453 1324
1784394045519 10.195932388305664 1325
1784394045523 10.611942291259766 1326
1784394045526 12.935522079467773 1327
1784394045529 10.067159652709961 1328
1784394045532 11.925421714782715 1329
1784394045536 11.77820873260498 1330
1784394045539 9.682998657226562 1331
1784394045542 11.730985641479492 1332
1784394045544 10.282979965209961 1333
1784394045548 10.249845504760742 1334
1784394045552 10.47066879272461 1335
1784394045554 11.175954818725586 1336
1784394045557 9.901281356811523 1337
1784394045559 12.900256156921387 1338
1784394045563 10.578717231750488 1339
1784394045566 10.879408836364746 1340
1784394045570 10.20156192779541 1341
1784394045573 10.098613739013672 1342
1784394045576 9.352654457092285 1343
1784394045578 10.933201789855957 1344
1784394045582 7.716149806976318 1345
1784394045585 11.746195793151855 1346
1784394045588 7.975656032562256 1347
1784394045591 11.792765617370605 1348
1784394045593 10.35110855102539 1349
1784394045596 11.29772663116455 1350
1784394045599 11.455373764038086 1351
1784394045602 8.457000732421875 1352
1784394045605 12.28088092803955 1353
1784394045608 10.740787506103516 1354
1784394045611 12.659748077392578 1355
1784394045614 11.230788230895996 1356
1784394045616 8.858705520629883 1357
1784394045619 11.459121704101562 1358
1784394045622 9.945165634155273 1359
1784394045625 11.61390495300293 1360
1784394045628 12.324390411376953 1361
1784394045631 12.211382865905762 1362
1784394045633 12.157485961914062 1363
1784394045636 10.590049743652344 1364
1784394045639 10.691747665405273 1365
1784394045642 11.885026931762695 1366
1784394045645 8.620071411132812 1367
1784394045648 11.365364074707031 1368
1784394045651 10.296149253845215 1369
1784394045653 11.025457382202148 1370
1784394045657 12.461203575134277 1371
1784394045659 9.254646301269531 1372
1784394045662 14.264634132385254 1373
1784394045665 11.805627822875977 1374
1784394045667 9.589715957641602 1375
1784394045670 12.074213027954102 1376
1784394045673 12.00649356842041 1377
1784394045676 11.247549057006836 1378
1784394045678 12.156039237976074 1379
1784394045681 13.138742446899414 1380
1784394045684 11.076322555541992 1381
1784394045687 8.348535537719727 1382
1784394045689 12.524307250976562 1383
1784394045692 11.946306228637695 1384
1784394045694 10.967750549316406 1385
1784394045698 10.854893684387207 1386
1784394045701 12.250253677368164 1387
1784394045704 11.92919921875 1388
1784394045707 9.220856666564941 1389
1784394045711 13.982304573059082 1390
1784394045713 11.325697898864746 1391
1784394045716 11.524826049804688 1392
1784394045719 12.446846008300781 1393
1784394045722 11.60374927520752 1394
1784394045725 11.255718231201172 1395
1784394045728 12.511961936950684 1396
1784394045730 10.317951202392578 1397
1784394045733 10.007614135742188 1398
1784394045737 10.287991523742676 1399
1784394045741 9.046855926513672 1400
1784394045744 9.239067077636719 1401
1784394045747 9.893689155578613 1402
1784394045750 11.40129566192627 1403
1784394045753 10.743424415588379 1404
1784394045756 12.867785453796387 1405
1784394045759 10.806066513061523 1406
1784394045761 10.289310455322266 1407
1784394045764 10.348623275756836 1408
1784394045767 9.165934562683105 1409
1784394045770 9.615252494812012 1410
1784394045772 10.095464706420898 1411
1784394045775 10.619226455688477 1412
1784394045778 10.000141143798828 1413
1784394045781 10.584035873413086 1414
1784394045784 8.233253479003906 1415
1784394045787 9.800661087036133 1416
1784394045790 8.181055068969727 1417
1784394045792 9.860353469848633 1418
1784394045795 7.652627468109131 1419
1784394045798 8.906253814697266 1420
1784394045801 10.028398513793945 1421
1784394045804 9.689509391784668 1422
1784394045808 8.24921703338623 1423
1784394045812 8.149871826171875 1424
1784394045815 8.599225044250488 1425
1784394045819 7.540596961975098 1426
1784394045821 9.474868774414062 1427
1784394045824 7.559972286224365 1428
1784394045827 10.156295776367188 1429
1784394045830 8.244241714477539 1430
1784394045833 9.326862335205078 1431
1784394045836 10.471028327941895 1432
1784394045838 9.482346534729004 1433
1784394045841 8.333651542663574 1434
1784394045844 9.482071876525879 1435
1784394045847 7.299540996551514 1436
1784394045850 10.818075180053711 1437
1784394045852 9.149495124816895 1438
1784394045855 10.617246627807617 1439
1784394045858 10.582518577575684 1440
1784394045860 10.551873207092285 1441
1784394045863 11.935047149658203 1442
1784394045866 9.949509620666504 1443
1784394045869 9.874106407165527 1444
1784394045871 11.925457000732422 1445
1784394045874 11.93199348449707 1446
1784394045878 11.218229293823242 1447
1784394045881 11.038311004638672 1448
1784394045883 11.953892707824707 1449
1784394045886 10.14281940460205 1450
1784394045889 11.69395637512207 1451
1784394045892 10.67108154296875 1452
1784394045895 12.581748962402344 1453
1784394045898 11.636716842651367 1454
1784394045901 12.72250747680664 1455
1784394045904 12.025581359863281 1456
1784394045907 11.298022270202637 1457
1784394045910 11.401421546936035 1458
1784394045912 10.796517372131348 1459
1784394045915 11.3602876663208 1460
1784394045918 10.867470741271973 1461
1784394045920 10.757349967956543 1462
1784394045923 13.385106086730957 1463
1784394045926 10.932424545288086 1464
1784394045929 12.504474639892578 1465
1784394045932 9.940786361694336 1466
1784394045934 12.184285163879395 1467
1784394045937 12.137543678283691 1468
1784394045940 10.983436584472656 1469
1784394045942 13.12173843383789 1470
1784394045945 9.951765060424805 1471
1784394045948 11.617115020751953 1472
1784394045950 10.761911392211914 1473
1784394045953 9.190673828125 1474
1784394045955 9.596917152404785 1475
1784394045958 10.51382827758789 1476
1784394045960 9.841004371643066 1477
1784394045963 9.638961791992188 1478
1784394045966 12.11717700958252 1479
1784394045969 8.629602432250977 1480
1784394045972 10.944734573364258 1481
1784394045974 10.97403335571289 1482
1784394045977 8.746423721313477 1483
1784394045979 10.471428871154785 1484
1784394045982 7.640348434448242 1485
1784394045984 8.65328311920166 1486
1784394045987 10.948762893676758 1487
1784394045989 9.231385231018066 1488
1784394045992 11.032307624816895 1489
1784394045995 10.414944648742676 1490
1784394045997 10.578303337097168 1491
1784394046000 11.248851776123047 1492
1784394046002 12.415139198303223 1493
1784394046005 10.464225769042969 1494
1784394046008 13.980340957641602 1495
1784394046011 12.822381973266602 1496
1784394046013 11.297050476074219 1497
1784394046016 11.402069091796875 1498
1784394046018 10.5060396194458 1499
1784394046021 10.555729866027832 1500
1784394046024 10.029459953308105 1501
1784394046027 10.477140426635742 1502
1784394046030 9.919660568237305 1503
1784394046033 9.255325317382812 1504
1784394046035 11.03455638885498 1505
1784394046038 9.668184280395508 1506
1784394046041 11.59232234954834 1507
1784394046044 11.780805587768555 1508
1784394046046 10.467941284179688 1509
1784394046049 11.750250816345215 1510
1784394046052 10.817166328430176 1511
1784394046055 10.680940628051758 1512
1784394046058 9.496196746826172 1513
1784394046061 9.310172080993652 1514
1784394046063 10.425433158874512 1515
1784394046068 9.237760543823242 1516
1784394046072 10.014842987060547 1517
1784394046075 9.106485366821289 1518
1784394046078 10.25947093963623 1519
1784394046082 8.544118881225586 1520
1784394046085 10.07325553894043 1521
1784394046089 8.433061599731445 1522
1784394046093 9.441503524780273 1523
1784394046095 7.9007792472839355 1524
1784394046098 11.575864791870117 1525
1784394046103 8.993233680725098 1526
1784394046107 10.423559188842773 1527
1784394046110 10.731810569763184 1528
1784394046113 9.17895221710205 1529
1784394046116 13.067378997802734 1530
1784394046118 9.94900131225586 1531
1784394046121 9.64562702178955 1532
1784394046124 12.80241870880127 1533
1784394046127 9.266921043395996 1534
1784394046130 12.911683082580566 1535
1784394046133 13.497275352478027 1536
1784394046136 10.456668853759766 1537
1784394046139 12.218626976013184 1538
1784394046142 14.25665283203125 1539
1784394046145 10.497236251831055 1540
1784394046148 11.420992851257324 1541
1784394046150 14.08095645904541 1542
1784394046154 12.48458480834961 1543
1784394046157 12.479704856872559 1544
1784394046160 14.779264450073242 1545
1784394046163 11.10089111328125 1546
1784394046166 12.88444995880127 1547
1784394046169 13.665752410888672 1548
1784394046172 10.017961502075195 1549
1784394046175 13.015922546386719 1550
1784394046178 11.376317977905273 1551
1784394046181 13.228617668151855 1552
1784394046184 11.603283882141113 1553
1784394046187 11.372343063354492 1554
1784394046190 12.606209754943848 1555
1784394046193 11.413904190063477 1556
1784394046196 10.994597434997559 1557
1784394046199 12.299314498901367 1558
1784394046202 11.644826889038086 1559
1784394046206 12.370393753051758 1560
1784394046209 12.865933418273926 1561
1784394046213 12.084507942199707 1562
1784394046216 11.243704795837402 1563
1784394046220 10.994684219360352 1564
1784394046223 12.249792098999023 1565
1784394046226 10.622721672058105 1566
1784394046229 12.236673355102539 1567
1784394046232 11.230950355529785 1568
1784394046234 10.501325607299805 1569
1784394046238 13.651137351989746 1570
1784394046242 9.093009948730469 1571
1784394046245 13.427742004394531 1572
1784394046248 10.64932632446289 1573
1784394046252 12.824870109558105 1574
1784394046255 11.560068130493164 1575
1784394046258 10.416739463806152 1576
1784394046261 11.437761306762695 1577
1784394046264 11.806892395019531 1578
1784394046268 10.856520652770996 1579
1784394046270 10.811640739440918 1580
1784394046274 11.816256523132324 1581
1784394046277 10.735326766967773 1582
1784394046281 11.880395889282227 1583
1784394046284 9.32960319519043 1584
1784394046287 11.306042671203613 1585
1784394046290 11.052592277526855 1586
1784394046293 10.717578887939453 1587
1784394046296 11.062561988830566 1588
1784394046299 10.602599143981934 1589
1784394046302 10.146524429321289 1590
1784394046305 12.884506225585938 1591
1784394046307 11.763339042663574 1592
1784394046311 9.16279411315918 1593
1784394046313 12.837485313415527 1594
1784394046316 9.99770736694336 1595
1784394046319 12.782918930053711 1596
1784394046323 11.364296913146973 1597
1784394046325 12.875640869140625 1598
1784394046328 14.016350746154785 1599
1784394046332 11.53048038482666 1600
1784394046336 12.585769653320312 1601
1784394046338 10.571557998657227 1602
1784394046342 11.282684326171875 1603
1784394046344 11.440181732177734 1604
1784394046347 12.408267974853516 1605
1784394046349 10.112645149230957 1606
1784394046352 12.819777488708496 1607
1784394046354 12.291804313659668 1608
1784394046357 13.26578426361084 1609
1784394046360 12.0197114944458 1610
1784394046364 12.896190643310547 1611
1784394046367 12.522810935974121 1612
1784394046370 10.532538414001465 1613
1784394046373 13.941803932189941 1614
1784394046377 12.743732452392578 1615
1784394046379 13.403955459594727 1616
1784394046381 15.503602981567383 1617
1784394046384 10.797786712646484 1618
1784394046388 13.206925392150879 1619
1784394046391 13.298036575317383 1620
1784394046394 13.32754135131836 1621
1784394046398 12.394509315490723 1622
1784394046401 13.56049919128418 1623
1784394046404 11.531181335449219 1624
1784394046408 10.553857803344727 1625
1784394046413 11.385010719299316 1626
1784394046416 11.590286254882812 1627
1784394046420 8.349827766418457 1628
1784394046422 15.913806915283203 1629
1784394046426 15.21070671081543 1630
1784394046428 11.862977981567383 1631
1784394046431 13.652997970581055 1632
1784394046434 14.081602096557617 1633
1784394046437 10.142523765563965 1634
1784394046441 12.042492866516113 1635
1784394046444 13.889195442199707 1636
1784394046447 12.566328048706055 1637
1784394046450 12.330721855163574 1638
1784394046453 16.008052825927734 1639
1784394046457 15.062515258789062 1640
1784394046459 11.459260940551758 1641
1784394046462 14.337506294250488 1642
1784394046465 14.877318382263184 1643
1784394046468 12.435108184814453 1644
1784394046471 12.325313568115234 1645
1784394046475 12.658964157104492 1646
1784394046477 10.020391464233398 1647
1784394046480 14.68606185913086 1648
1784394046483 11.486106872558594 1649
1784394046486 12.590727806091309 1650
1784394046488 10.754298210144043 1651
1784394046491 12.91527271270752 1652
1784394046494 10.714078903198242 1653
1784394046497 10.826016426086426 1654
1784394046500 12.655113220214844 1655
1784394046502 8.184078216552734 1656
1784394046505 12.949548721313477 1657
1784394046508 10.102328300476074 1658
1784394046511 9.388445854187012 1659
1784394046514 9.346989631652832 1660
1784394046517 9.99946403503418 1661
1784394046519 8.302282333374023 1662
1784394046523 9.951913833618164 1663
1784394046525 9.35314655303955 1664
1784394046528 9.334077835083008 1665
1784394046532 10.519240379333496 1666
1784394046535 9.234912872314453 1667
1784394046537 10.723578453063965 1668
1784394046540 10.757303237915039 1669
1784394046543 10.483108520507812 1670
1784394046546 12.545584678649902 1671
1784394046548 10.466861724853516 1672
1784394046551 13.501033782958984 1673
1784394046554 12.652337074279785 1674
1784394046556 11.044987678527832 1675
1784394046559 12.276702880859375 1676
1784394046562 11.449841499328613 1677
1784394046565 9.729214668273926 1678
1784394046567 11.857953071594238 1679
1784394046570 8.941166877746582 1680
1784394046572 10.97134780883789 1681
1784394046575 10.301861763000488 1682
1784394046578 10.953362464904785 1683
1784394046580 10.024259567260742 1684
1784394046583 8.995819091796875 1685
1784394046586 10.614724159240723 1686
1784394046588 9.976956367492676 1687
1784394046591 8.87485122680664 1688
1784394046593 9.560489654541016 1689
1784394046596 8.117474555969238 1690
1784394046599 8.595685958862305 1691
1784394046601 8.315022468566895 1692
1784394046604 8.412867546081543 1693
1784394046607 8.771429061889648 1694
1784394046609 9.376237869262695 1695
1784394046612 10.931697845458984 1696
1784394046615 8.49055290222168 1697
1784394046618 10.78147029876709 1698
1784394046620 8.530470848083496 1699
1784394046623 10.800058364868164 1700
1784394046626 7.851136684417725 1701
1784394046628 8.844587326049805 1702
1784394046631 8.20567798614502 1703
1784394046634 8.875199317932129 1704
1784394046636 9.731709480285645 1705
1784394046639 8.226874351501465 1706
1784394046641 8.086183547973633 1707
1784394046644 9.949502944946289 1708
1784394046647 6.6982808113098145 1709
1784394046652 9.105269432067871 1710
1784394046655 7.631073474884033 1711
1784394046659 6.09721565246582 1712
1784394046662 8.500279426574707 1713
1784394046665 7.102757453918457 1714
1784394046668 8.553122520446777 1715
1784394046671 8.844568252563477 1716
1784394046674 8.566231727600098 1717
1784394046676 8.369147300720215 1718
1784394046680 8.033395767211914 1719
1784394046683 9.125679016113281 1720
1784394046686 6.581828594207764 1721
1784394046689 9.192024230957031 1722
1784394046691 7.181792259216309 1723
1784394046694 11.879122734069824 1724
1784394046697 10.838846206665039 1725
1784394046700 7.808113098144531 1726
1784394046704 10.783045768737793 1727
1784394046706 11.250393867492676 1728
1784394046709 11.754834175109863 1729
1784394046712 11.982269287109375 1730
1784394046714 10.471450805664062 1731
1784394046717 8.583106994628906 1732
1784394046720 10.662288665771484 1733
1784394046723 9.621012687683105 1734
1784394046726 11.35139274597168 1735
1784394046729 11.310564041137695 1736
1784394046732 8.891958236694336 1737
1784394046735 10.462569236755371 1738
1784394046738 10.68773078918457 1739
1784394046741 8.80264949798584 1740
1784394046744 11.567675590515137 1741
1784394046747 9.662096977233887 1742
1784394046751 10.57620620727539 1743
1784394046753 12.30897045135498 1744
1784394046756 12.900079727172852 1745
1784394046759 11.298669815063477 1746
1784394046761 12.054702758789062 1747
1784394046764 12.337310791015625 1748
1784394046767 11.050313949584961 1749
1784394046770 11.78268814086914 1750
1784394046773 9.052888870239258 1751
1784394046776 11.63512134552002 1752
1784394046780 10.69842529296875 1753
1784394046783 13.293146133422852 1754
1784394046785 9.671822547912598 1755
1784394046787 12.8107328414917 1756
1784394046790 11.878347396850586 1757
1784394046792 9.4713773727417 1758
1784394046795 9.71180248260498 1759
1784394046798 10.232783317565918 1760
1784394046800 8.60857105255127 1761
1784394046803 11.07977294921875 1762
1784394046805 10.185420036315918 1763
1784394046808 10.416316032409668 1764
1784394046811 11.405394554138184 1765
1784394046814 10.79979419708252 1766
1784394046816 8.798171043395996 1767
1784394046819 10.149398803710938 1768
1784394046821 7.006655693054199 1769
1784394046824 12.753634452819824 1770
1784394046827 9.056760787963867 1771
1784394046829 10.732658386230469 1772
1784394046832 9.843610763549805 1773
1784394046835 8.44196605682373 1774
1784394046837 10.199946403503418 1775
1784394046839 8.762115478515625 1776
1784394046842 13.21468734741211 1777
1784394046845 10.535845756530762 1778
1784394046848 10.018755912780762 1779
1784394046850 8.324976921081543 1780
1784394046853 8.705657005310059 1781
1784394046856 9.121252059936523 1782
1784394046858 7.654104709625244 1783
1784394046861 10.23509693145752 1784
1784394046863 8.096427917480469 1785
1784394046866 8.88895320892334 1786
1784394046869 8.97381591796875 1787
1784394046871 7.749393939971924 1788
1784394046874 9.14874267578125 1789
1784394046876 9.52297592163086 1790
1784394046879 9.371886253356934 1791
1784394046882 11.101123809814453 1792
1784394046885 11.522477149963379 1793
1784394046887 10.203974723815918 1794
1784394046890 10.684584617614746 1795
1784394046893 10.15945816040039 1796
1784394046895 12.042139053344727 1797
1784394046899 10.72653865814209 1798
1784394046902 10.836079597473145 1799
1784394046905 11.963425636291504 1800
1784394046907 9.8469877243042 1801
1784394046910 8.533405303955078 1802
1784394046913 12.313965797424316 1803
1784394046916 9.594541549682617 1804
1784394046919 10.351567268371582 1805
1784394046921 10.214728355407715 1806
1784394046924 8.34216022491455 1807
1784394046927 8.776531219482422 1808
1784394046930 8.276006698608398 1809
1784394046933 9.240057945251465 1810
1784394046936 10.232047080993652 1811
1784394046938 8.750727653503418 1812
1784394046941 9.29676628112793 1813
1784394046944 8.441588401794434 1814
1784394046947 8.151151657104492 1815
1784394046949 9.355025291442871 1816
1784394046952 10.226811408996582 1817
1784394046955 10.500258445739746 1818
1784394046958 9.339174270629883 1819
1784394046960 10.498239517211914 1820
1784394046963 11.705327987670898 1821
1784394046966 9.023709297180176 1822
1784394046968 10.619417190551758 1823
1784394046972 13.019478797912598 1824
1784394046975 10.027029991149902 1825
1784394046978 11.906408309936523 1826
1784394046982 11.526643753051758 1827
1784394046986 10.305914878845215 1828
1784394046989 11.164897918701172 1829
1784394046992 12.43339729309082 1830
1784394046996 11.236660957336426 1831
1784394046999 9.525813102722168 1832
1784394047002 11.85594367980957 1833
1784394047005 8.627184867858887 1834
1784394047008 10.564924240112305 1835
1784394047032 9.30278205871582 1836
1784394047037 9.796014785766602 1837
1784394047040 9.294511795043945 1838
1784394047045 8.719213485717773 1839
1784394047050 10.151963233947754 1840
1784394047053 8.11972713470459 1841
1784394047056 8.905149459838867 1842
1784394047060 10.150983810424805 1843
1784394047063 9.382818222045898 1844
1784394047065 10.778555870056152 1845
1784394047068 7.792123794555664 1846
1784394047071 9.877872467041016 1847
1784394047074 8.0742769241333 1848
1784394047076 9.264564514160156 1849
1784394047079 8.962776184082031 1850
1784394047081 9.218925476074219 1851
1784394047084 9.906540870666504 1852
1784394047086 10.541707038879395 1853
1784394047089 8.064374923706055 1854
1784394047094 9.679746627807617 1855
1784394047097 10.9028959274292 1856
1784394047102 9.254648208618164 1857
1784394047105 11.121968269348145 1858
1784394047108 10.99530029296875 1859
1784394047111 11.027193069458008 1860
1784394047114 10.626766204833984 1861
1784394047117 11.704435348510742 1862
1784394047120 12.547792434692383 1863
1784394047123 11.840558052062988 1864
1784394047126 14.97464370727539 1865
1784394047129 11.140151977539062 1866
1784394047132 15.100740432739258 1867
1784394047135 12.942912101745605 1868
1784394047138 11.668261528015137 1869
1784394047141 14.687182426452637 1870
1784394047144 19.19853973388672 1871
1784394047147 14.902219772338867 1872
1784394047149 14.68294620513916 1873
1784394047152 19.807842254638672 1874
1784394047342 11.452425956726074 1875
1784394047345 15.434728622436523 1876
1784394047348 15.137177467346191 1877
1784394047350 13.399500846862793 1878
1784394047353 15.345976829528809 1879
1784394047356 15.238821029663086 1880
1784394047359 14.732344627380371 1881
1784394047362 15.95488166809082 1882
1784394047364 14.074874877929688 1883
1784394047367 12.470527648925781 1884
1784394047370 16.342205047607422 1885
1784394047373 12.545823097229004 1886
1784394047376 13.72536849975586 1887
1784394047379 13.701037406921387 1888
1784394047382 11.423589706420898 1889
1784394047385 13.505425453186035 1890
1784394047388 13.287452697753906 1891
1784394047391 12.584224700927734 1892
1784394047394 12.247076988220215 1893
1784394047398 14.345453262329102 1894
1784394047401 11.307576179504395 1895
1784394047404 11.669689178466797 1896
1784394047407 12.578787803649902 1897
1784394047411 13.15109920501709 1898
1784394047415 12.128408432006836 1899
1784394047419 13.990721702575684 1900
1784394047423 12.4749174118042 1901
1784394047426 11.46471881866455 1902
1784394047431 14.862654685974121 1903
1784394047435 12.54752254486084 1904
1784394047438 9.450594902038574 1905
1784394047441 13.151691436767578 1906
1784394047445 10.142720222473145 1907
1784394047449 11.206863403320312 1908
1784394047451 12.661799430847168 1909
1784394047454 9.634140968322754 1910
1784394047458 12.582234382629395 1911
1784394047461 9.38936996459961 1912
1784394047464 14.031388282775879 1913
1784394047466 10.93409538269043 1914
1784394047471 12.295936584472656 1915
1784394047476 14.744705200195312 1916
1784394047478 9.726041793823242 1917
1784394047481 15.117045402526855 1918
1784394047484 17.548948287963867 1919
1784394047487 11.281963348388672 1920
1784394047490 13.24686050415039 1921
1784394047494 16.833633422851562 1922
1784394047496 11.836507797241211 1923
1784394047499 17.004594802856445 1924
1784394047502 14.359271049499512 1925
1784394047505 13.656052589416504 1926
1784394047507 15.487309455871582 1927
1784394047510 12.211311340332031 1928
1784394047513 13.373047828674316 1929
1784394047515 12.225554466247559 1930
1784394047518 12.315529823303223 1931
1784394047522 14.801730155944824 1932
1784394047525 10.157343864440918 1933
1784394047528 11.858402252197266 1934
1784394047534 12.264948844909668 1935
1784394047537 9.485904693603516 1936
1784394047541 11.605024337768555 1937
1784394047543 12.232047080993652 1938
1784394047547 11.63720703125 1939
1784394047550 10.498814582824707 1940
1784394047554 11.960376739501953 1941
1784394047557 11.628952980041504 1942
1784394047560 9.547845840454102 1943
1784394047563 12.234910011291504 1944
1784394047568 10.771286010742188 1945
1784394047571 12.240903854370117 1946
1784394047574 15.209413528442383 1947
1784394047577 11.181010246276855 1948
1784394047581 13.469245910644531 1949
1784394047583 11.782373428344727 1950
1784394047586 10.044262886047363 1951
1784394047590 13.676286697387695 1952
1784394047592 8.675088882446289 1953
1784394047595 12.601649284362793 1954
1784394047598 9.852090835571289 1955
1784394047601 11.083763122558594 1956
1784394047603 12.857014656066895 1957
1784394047605 11.513097763061523 1958
1784394047608 10.990830421447754 1959
1784394047611 12.98324203491211 1960
1784394047614 12.316725730895996 1961
1784394047617 10.228595733642578 1962
1784394047620 10.913854598999023 1963
1784394047622 10.269683837890625 1964
1784394047625 10.884590148925781 1965
1784394047628 10.760055541992188 1966
1784394047630 11.493481636047363 1967
1784394047633 10.65732192993164 1968
1784394047636 9.417998313903809 1969
1784394047639 10.613706588745117 1970
1784394047641 9.597112655639648 1971
1784394047644 10.791778564453125 1972
1784394047647 12.898066520690918 1973
1784394047651 10.666942596435547 1974
1784394047654 12.742338180541992 1975
1784394047656 10.894604682922363 1976
1784394047659 9.273961067199707 1977
1784394047662 10.972496032714844 1978
1784394047665 10.53656005859375 1979
1784394047668 10.215229034423828 1980
1784394047671 10.145999908447266 1981
1784394047674 10.673513412475586 1982
1784394047677 11.255416870117188 1983
1784394047681 9.336562156677246 1984
1784394047684 11.721402168273926 1985
1784394047687 12.113710403442383 1986
1784394047689 9.98720932006836 1987
1784394047692 9.541593551635742 1988
1784394047695 10.877557754516602 1989
1784394047697 10.845467567443848 1990
1784394047701 10.797295570373535 1991
1784394047703 9.459750175476074 1992
1784394047706 12.368910789489746 1993
1784394047709 7.554023265838623 1994
1784394047712 10.395122528076172 1995
1784394047715 9.627013206481934 1996
1784394047718 11.194357872009277 1997
1784394047721 11.707025527954102 1998
1784394047724 10.851341247558594 1999
1784394047726 11.239200592041016 2000
1784394047729 10.3790922164917 2001
1784394047732 11.320700645446777 2002
1784394047735 9.983611106872559 2003
1784394047737 12.145273208618164 2004
1784394047740 13.486183166503906 2005
1784394047743 9.287213325500488 2006
1784394047746 11.722582817077637 2007
1784394047749 10.982243537902832 2008
1784394047753 10.197772026062012 2009
1784394047756 12.708126068115234 2010
1784394047759 8.5093994140625 2011
1784394047762 13.145126342773438 2012
1784394047764 12.126603126525879 2013
1784394047767 10.89659595489502 2014
1784394047770 11.634074211120605 2015
1784394047773 12.20294189453125 2016
1784394047776 10.726408004760742 2017
1784394047778 10.794515609741211 2018
1784394047781 10.238138198852539 2019
1784394047784 10.716955184936523 2020
1784394047786 10.741267204284668 2021
1784394047789 10.338839530944824 2022
1784394047791 11.76663875579834 2023
1784394047794 10.210347175598145 2024
1784394047797 12.990527153015137 2025
1784394047799 12.729381561279297 2026
1784394047802 11.107776641845703 2027
1784394047805 14.031858444213867 2028
1784394047808 11.88360595703125 2029
1784394047811 12.85423469543457 2030
1784394047814 13.932374000549316 2031
1784394047816 9.542085647583008 2032
1784394047819 13.384944915771484 2033
1784394047823 10.728479385375977 2034
1784394047826 14.451711654663086 2035
1784394047828 13.894622802734375 2036
1784394047831 12.931961059570312 2037
1784394047834 11.914594650268555 2038
1784394047836 11.409472465515137 2039
1784394047839 11.75451374053955 2040
1784394047841 11.055599212646484 2041
1784394047844 10.407115936279297 2042
1784394047846 9.408562660217285 2043
1784394047849 9.15899658203125 2044
1784394047852 8.61848258972168 2045
1784394047855 10.319389343261719 2046
1784394047859 9.693994522094727 2047
1784394047862 10.796004295349121 2048
1784394047865 11.058369636535645 2049
1784394047868 9.402898788452148 2050
1784394047870 10.4750394821167 2051
1784394047874 11.967103004455566 2052
1784394047878 10.550750732421875 2053
1784394047880 11.81302547454834 2054
1784394047882 13.356898307800293 2055
1784394047885 11.194547653198242 2056
1784394047888 12.825372695922852 2057
1784394047891 11.785066604614258 2058
1784394047894 10.410869598388672 2059
1784394047896 10.453878402709961 2060
1784394047899 10.384623527526855 2061
1784394047902 11.420194625854492 2062
1784394047904 10.1630277633667 2063
1784394047907 13.425484657287598 2064
1784394047910 11.277341842651367 2065
1784394047912 11.985526084899902 2066
1784394047915 11.16394329071045 2067
1784394047918 10.662142753601074 2068
1784394047921 12.908610343933105 2069
1784394047924 10.878631591796875 2070
1784394047926 12.296255111694336 2071
1784394047929 11.298015594482422 2072
1784394047932 11.202641487121582 2073
1784394047934 10.321508407592773 2074
1784394047937 9.08570384979248 2075
1784394047939 12.508533477783203 2076
1784394047942 11.61771011352539 2077
1784394047945 10.58434009552002 2078
1784394047948 12.592945098876953 2079
1784394047951 11.054238319396973 2080
1784394047954 10.942373275756836 2081
1784394047956 11.222831726074219 2082
1784394047959 11.023599624633789 2083
1784394047961 10.212087631225586 2084
1784394047964 10.983152389526367 2085
1784394047967 9.88900375366211 2086
1784394047970 10.477701187133789 2087
1784394047973 9.888912200927734 2088
1784394047975 10.160558700561523 2089
1784394047978 7.196252346038818 2090
1784394047980 10.70709228515625 2091
1784394047983 8.850051879882812 2092
1784394047986 10.14335823059082 2093
1784394047988 8.774571418762207 2094
1784394047991 9.948723793029785 2095
1784394047993 10.300337791442871 2096
1784394047996 8.71713924407959 2097
1784394047998 10.347155570983887 2098
1784394048001 9.056767463684082 2099
1784394048003 11.4393949508667 2100
1784394048005 10.949043273925781 2101
1784394048008 8.906167984008789 2102
1784394048010 12.701447486877441 2103
1784394048013 8.91463565826416 2104
1784394048015 11.709999084472656 2105
1784394048018 10.648433685302734 2106
1784394048020 9.959212303161621 2107
1784394048022 11.310271263122559 2108
1784394048025 11.728336334228516 2109
1784394048028 10.473007202148438 2110
1784394048030 11.5355224609375 2111
1784394048033 14.601597785949707 2112
1784394048035 11.448107719421387 2113
1784394048038 13.617853164672852 2114
1784394048041 16.41134262084961 2115
1784394048043 10.170648574829102 2116
1784394048046 16.18381690979004 2117
1784394048048 15.513934135437012 2118
1784394048051 12.28980541229248 2119
1784394048053 15.229482650756836 2120
1784394048056 15.642035484313965 2121
1784394048059 12.323612213134766 2122
1784394048061 12.777518272399902 2123
1784394048064 11.680802345275879 2124
1784394048067 10.966582298278809 2125
1784394048070 10.116888999938965 2126
1784394048072 10.00794792175293 2127
1784394048075 7.528792381286621 2128
1784394048077 9.31717300415039 2129
1784394048080 9.341245651245117 2130
1784394048083 9.897016525268555 2131
1784394048085 12.608643531799316 2132
1784394048088 8.387198448181152 2133
1784394048091 11.768921852111816 2134
1784394048093 8.514906883239746 2135
1784394048095 12.655723571777344 2136
1784394048098 12.059633255004883 2137
1784394048101 10.78425407409668 2138
1784394048103 14.403862953186035 2139
1784394048106 10.932356834411621 2140
1784394048109 14.094764709472656 2141
1784394048111 11.690207481384277 2142
1784394048114 9.606264114379883 2143
1784394048117 10.118783950805664 2144
1784394048120 9.605332374572754 2145
1784394048123 10.084327697753906 2146
1784394048126 10.69602108001709 2147
1784394048128 9.4414701461792 2148
1784394048131 11.679509162902832 2149
1784394048134 11.663593292236328 2150
1784394048137 10.076013565063477 2151
1784394048139 10.616789817810059 2152
1784394048141 11.571499824523926 2153
1784394048144 13.778237342834473 2154
1784394048146 8.695937156677246 2155
1784394048149 12.484426498413086 2156
1784394048152 11.52214527130127 2157
1784394048155 10.980154991149902 2158
1784394048158 15.026494979858398 2159
1784394048161 14.868128776550293 2160
1784394048164 16.399578094482422 2161
1784394048167 12.009775161743164 2162
1784394048171 13.299420356750488 2163
1784394048173 14.9384183883667 2164
1784394048176 12.41639518737793 2165
1784394048180 12.212231636047363 2166
1784394048183 11.549321174621582 2167
1784394048186 10.057951927185059 2168
1784394048189 12.82027530670166 2169
1784394048192 11.02976131439209 2170
1784394048196 11.98803997039795 2171
1784394048199 10.428316116333008 2172
1784394048202 10.836783409118652 2173
1784394048204 8.301316261291504 2174
1784394048208 12.13509464263916 2175
1784394048211 9.90206241607666 2176
1784394048215 12.16368293762207 2177
1784394048217 11.80834674835205 2178
1784394048220 9.389477729797363 2179
1784394048223 12.45945930480957 2180
1784394048225 9.916000366210938 2181
1784394048228 10.788022994995117 2182
1784394048231 8.62321662902832 2183
1784394048235 9.784276008605957 2184
1784394048238 8.917943000793457 2185
1784394048242 8.486007690429688 2186
1784394048245 9.611052513122559 2187
1784394048249 7.2180376052856445 2188
1784394048253 9.805171012878418 2189
1784394048256 8.811027526855469 2190
1784394048259 9.276216506958008 2191
1784394048262 10.30496597290039 2192
1784394048266 8.04958724975586 2193
1784394048268 10.938793182373047 2194
1784394048273 8.198468208312988 2195
1784394048276 9.342302322387695 2196
1784394048279 11.131702423095703 2197
1784394048282 9.624590873718262 2198
1784394048286 9.559444427490234 2199
1784394048289 8.385276794433594 2200
1784394048292 11.440437316894531 2201
1784394048296 11.04996395111084 2202
1784394048300 10.343193054199219 2203
1784394048302 11.824750900268555 2204
1784394048304 10.867729187011719 2205
1784394048306 12.780960083007812 2206
1784394048310 12.66153621673584 2207
1784394048314 13.301992416381836 2208
1784394048317 11.909324645996094 2209
1784394048321 11.210012435913086 2210
1784394048324 12.017464637756348 2211
1784394048327 14.297525405883789 2212
1784394048331 14.103734016418457 2213
1784394048333 12.015064239501953 2214
1784394048336 11.901566505432129 2215
1784394048339 11.634587287902832 2216
1784394048342 13.293889999389648 2217
1784394048344 11.677444458007812 2218
1784394048347 11.996284484863281 2219
1784394048349 12.409749984741211 2220
1784394048352 9.09317398071289 2221
1784394048355 11.158417701721191 2222
1784394048357 8.577250480651855 2223
1784394048360 10.259326934814453 2224
1784394048363 8.331280708312988 2225
1784394048366 8.119121551513672 2226
1784394048368 9.871508598327637 2227
1784394048371 7.661491870880127 2228
1784394048374 11.325935363769531 2229
1784394048377 8.256458282470703 2230
1784394048380 10.944021224975586 2231
1784394048382 9.863829612731934 2232
1784394048385 10.866785049438477 2233
1784394048388 11.466840744018555 2234
1784394048392 10.430120468139648 2235
1784394048395 11.351014137268066 2236
1784394048398 11.431146621704102 2237
1784394048400 13.797587394714355 2238
1784394048404 12.042008399963379 2239
1784394048407 11.78034782409668 2240
1784394048411 14.95987319946289 2241
1784394048413 10.108109474182129 2242
1784394048416 14.321707725524902 2243
1784394048419 15.05720329284668 2244
1784394048423 13.65109634399414 2245
1784394048426 11.583043098449707 2246
1784394048429 11.700879096984863 2247
1784394048431 12.25669002532959 2248
1784394048435 9.924057006835938 2249
1784394048438 14.004311561584473 2250
1784394048440 11.686559677124023 2251
1784394048443 10.083934783935547 2252
1784394048446 14.563484191894531 2253
1784394048448 9.771618843078613 2254
1784394048452 12.30072021484375 2255
1784394048454 11.654050827026367 2256
1784394048457 9.912389755249023 2257
1784394048459 9.423014640808105 2258
1784394048464 8.520068168640137 2259
1784394048468 7.8005194664001465 2260
1784394048472 9.608874320983887 2261
1784394048475 10.662769317626953 2262
1784394048478 10.559194564819336 2263
1784394048481 10.117057800292969 2264
1784394048484 12.21484661102295 2265
1784394048489 9.423669815063477 2266
1784394048495 11.724794387817383 2267
1784394048499 11.389032363891602 2268
1784394048502 10.427404403686523 2269
1784394048506 11.826683044433594 2270
1784394048509 12.306025505065918 2271
1784394048520 10.14089584350586 2272
1784394048526 10.618539810180664 2273
1784394048530 12.742568969726562 2274
1784394048533 11.175711631774902 2275
1784394048536 12.534296989440918 2276
1784394048539 13.029085159301758 2277
1784394048543 11.155601501464844 2278
1784394048545 11.447774887084961 2279
1784394048549 11.166346549987793 2280
1784394048551 9.36680793762207 2281
1784394048554 10.961283683776855 2282
1784394048557 12.121787071228027 2283
1784394048561 10.948112487792969 2284
1784394048564 11.539519309997559 2285
1784394048567 12.212936401367188 2286
1784394048570 11.543379783630371 2287
1784394048573 12.074527740478516 2288
1784394048575 9.58383560180664 2289
1784394048578 10.673646926879883 2290
1784394048581 11.584033012390137 2291
1784394048584 12.696298599243164 2292
1784394048586 10.376530647277832 2293
1784394048589 13.386693954467773 2294
1784394048592 14.19257926940918 2295
1784394048596 11.6315336227417 2296
1784394048600 12.737605094909668 2297
1784394048603 13.162699699401855 2298
1784394048607 10.713838577270508 2299
1784394048611 9.962445259094238 2300
1784394048614 12.576258659362793 2301
1784394048618 11.235103607177734 2302
1784394048622 10.287793159484863 2303
1784394048625 12.309852600097656 2304
1784394048628 9.390813827514648 2305
1784394048631 11.635382652282715 2306
1784394048633 11.32474136352539 2307
1784394048636 11.60819149017334 2308
1784394048640 14.04341983795166 2309
1784394048644 10.774322509765625 2310
1784394048647 12.540328979492188 2311
1784394048650 11.956658363342285 2312
1784394048653 13.502817153930664 2313
1784394048656 13.9644775390625 2314
1784394048659 10.632729530334473 2315
1784394048662 15.306766510009766 2316
1784394048665 10.459273338317871 2317
1784394048670 13.509571075439453 2318
1784394048673 15.227901458740234 2319
1784394048676 12.539732933044434 2320
1784394048679 12.974424362182617 2321
1784394048682 13.799494743347168 2322
1784394048685 13.52782154083252 2323
1784394048689 12.866617202758789 2324
1784394048691 11.496925354003906 2325
1784394048695 13.64258861541748 2326
1784394048699 13.036495208740234 2327
1784394048702 11.459692001342773 2328
1784394048704 13.975517272949219 2329
1784394048707 10.629043579101562 2330
1784394048710 13.591049194335938 2331
1784394048713 13.542457580566406 2332
1784394048716 12.084640502929688 2333
1784394048719 15.051807403564453 2334
1784394048722 12.818199157714844 2335
1784394048725 15.142902374267578 2336
1784394048728 13.457542419433594 2337
1784394048731 15.93862533569336 2338
1784394048733 13.570383071899414 2339
1784394048736 13.6361665725708 2340
1784394048739 14.478074073791504 2341
1784394048742 11.625080108642578 2342
1784394048745 14.544781684875488 2343
1784394048748 10.34609317779541 2344
1784394048750 13.296854019165039 2345
1784394048763 11.357205390930176 2346
1784394048766 12.699115753173828 2347
1784394048769 13.226900100708008 2348
1784394048772 8.321576118469238 2349
1784394048774 12.524958610534668 2350
1784394048777 10.811637878417969 2351
1784394048780 10.440693855285645 2352
1784394048784 12.83666706085205 2353
1784394048787 12.402427673339844 2354
1784394048790 12.638299942016602 2355
1784394048794 11.175798416137695 2356
1784394048798 11.135019302368164 2357
1784394048801 12.609689712524414 2358
1784394048804 11.922807693481445 2359
1784394048808 11.688258171081543 2360
1784394048811 11.70050048828125 2361
1784394048814 12.704384803771973 2362
1784394048818 9.688593864440918 2363
1784394048821 12.848743438720703 2364
1784394048823 11.504276275634766 2365
1784394048826 10.668716430664062 2366
1784394048830 15.056791305541992 2367
1784394048835 13.120315551757812 2368
1784394048837 11.371554374694824 2369
1784394048840 12.102946281433105 2370
1784394048842 12.943653106689453 2371
1784394048847 12.155521392822266 2372
1784394048854 11.833963394165039 2373
1784394048857 10.249876022338867 2374
1784394048860 10.472006797790527 2375
1784394048865 12.14643383026123 2376
1784394048868 8.684041976928711 2377
1784394048871 11.154034614562988 2378
1784394048874 9.069539070129395 2379
1784394048877 12.133855819702148 2380
1784394048880 11.614971160888672 2381
1784394048883 11.379403114318848 2382
1784394048885 10.298257827758789 2383
1784394048889 13.316381454467773 2384
1784394048891 12.019680976867676 2385
1784394048894 12.125852584838867 2386
1784394048897 13.097580909729004 2387
1784394048900 11.015325546264648 2388
1784394048904 8.61843490600586 2389
1784394048907 13.666051864624023 2390
1784394048910 11.182194709777832 2391
1784394048914 12.277371406555176 2392
1784394048917 14.634979248046875 2393
1784394048919 11.210761070251465 2394
1784394048923 14.450974464416504 2395
1784394048926 15.282341003417969 2396
1784394048929 9.835169792175293 2397
1784394048932 12.015247344970703 2398
1784394048935 10.464168548583984 2399
1784394048938 10.287064552307129 2400
1784394048940 10.502164840698242 2401
1784394048944 9.352235794067383 2402
1784394048949 10.797881126403809 2403
1784394048952 9.731512069702148 2404
1784394048955 9.372703552246094 2405
1784394048958 10.29793930053711 2406
1784394048962 10.302103042602539 2407
1784394048966 12.781513214111328 2408
1784394048969 12.018608093261719 2409
1784394048972 11.677191734313965 2410
1784394048975 12.107566833496094 2411
1784394048977 12.814079284667969 2412
1784394048981 11.209887504577637 2413
1784394048983 11.502781867980957 2414
1784394048986 9.89853572845459 2415
1784394048989 11.264636993408203 2416
1784394048993 11.753591537475586 2417
1784394048996 10.430377960205078 2418
1784394048998 12.489120483398438 2419
1784394049001 11.616930961608887 2420
1784394049004 11.326037406921387 2421
1784394049007 10.282309532165527 2422
1784394049010 10.15074348449707 2423
1784394049012 10.540823936462402 2424
1784394049015 9.016629219055176 2425
1784394049017 10.425129890441895 2426
1784394049019 9.266971588134766 2427
1784394049022 10.603804588317871 2428
1784394049025 10.549346923828125 2429
1784394049027 11.745966911315918 2430
1784394049030 10.660346031188965 2431
1784394049032 9.750642776489258 2432
1784394049037 8.235977172851562 2433
1784394049040 8.155759811401367 2434
1784394049043 9.47311782836914 2435
1784394049047 7.974542617797852 2436
1784394049051 9.152131080627441 2437
1784394049054 9.593718528747559 2438
1784394049057 8.470654487609863 2439
1784394049060 9.067749977111816 2440
1784394049062 9.476635932922363 2441
1784394049065 10.88212776184082 2442
1784394049069 10.54025650024414 2443
1784394049072 10.815909385681152 2444
1784394049075 12.865744590759277 2445
1784394049078 12.410391807556152 2446
1784394049081 14.191986083984375 2447
1784394049085 15.293715476989746 2448
1784394049088 15.203896522521973 2449
1784394049092 15.233017921447754 2450
1784394049095 11.365729331970215 2451
1784394049099 13.334851264953613 2452
1784394049102 11.346637725830078 2453
1784394049106 11.34383487701416 2454
1784394049112 11.846549034118652 2455
1784394049115 12.924662590026855 2456
1784394049118 11.08607006072998 2457
1784394049121 12.869535446166992 2458
1784394049124 13.056390762329102 2459
1784394049127 12.038711547851562 2460
1784394049130 14.851298332214355 2461
1784394049133 9.130413055419922 2462
1784394049137 14.171502113342285 2463
1784394049140 10.399711608886719 2464
1784394049144 9.872964859008789 2465
1784394049147 11.719552993774414 2466
1784394049150 9.616146087646484 2467
1784394049152 11.4884672164917 2468
1784394049154 12.047000885009766 2469
1784394049158 12.462043762207031 2470
1784394049162 10.23071002960205 2471
1784394049165 11.654848098754883 2472
1784394049168 10.424104690551758 2473
1784394049171 9.454463005065918 2474
1784394049175 11.460794448852539 2475
1784394049178 11.297471046447754 2476
1784394049181 12.511579513549805 2477
1784394049184 13.116313934326172 2478
1784394049187 13.162996292114258 2479
1784394049190 11.617643356323242 2480
1784394049194 11.595684051513672 2481
1784394049197 11.656710624694824 2482
1784394049200 13.816985130310059 2483
1784394049203 13.492878913879395 2484
1784394049205 13.057761192321777 2485
1784394049209 11.742443084716797 2486
1784394049212 13.83344841003418 2487
1784394049215 10.500097274780273 2488
1784394049218 11.095367431640625 2489
1784394049221 10.23481273651123 2490
1784394049224 9.30989933013916 2491
1784394049227 9.735322952270508 2492
1784394049230 9.814543724060059 2493
1784394049233 10.879213333129883 2494
1784394049236 9.800239562988281 2495
1784394049238 10.543813705444336 2496
1784394049241 9.53158950805664 2497
1784394049244 9.223885536193848 2498
1784394049246 11.684831619262695 2499
1784394049249 9.396505355834961 2500
1784394049252 10.47105884552002 2501
1784394049254 9.707443237304688 2502
1784394049257 8.286327362060547 2503
1784394049260 11.466506004333496 2504
1784394049263 10.793791770935059 2505
1784394049266 11.862095832824707 2506
1784394049269 12.682901382446289 2507
1784394049271 11.150915145874023 2508
1784394049274 13.019176483154297 2509
1784394049277 14.559490203857422 2510
1784394049279 12.153003692626953 2511
1784394049282 13.72663688659668 2512
1784394049285 15.971033096313477 2513
1784394049288 13.281092643737793 2514
1784394049291 12.852989196777344 2515
1784394049295 13.256715774536133 2516
1784394049297 16.71352195739746 2517
1784394049300 11.223156929016113 2518
1784394049303 14.773167610168457 2519
1784394049306 18.56017303466797 2520
1784394049308 13.909032821655273 2521
1784394049311 13.822588920593262 2522
1784394049314 15.998162269592285 2523
1784394049317 15.930091857910156 2524
1784394049320 15.582050323486328 2525
1784394049323 13.9942045211792 2526
1784394049326 15.660361289978027 2527
1784394049329 11.398894309997559 2528
1784394049332 13.124719619750977 2529
1784394049334 13.42983627319336 2530
1784394049337 12.928875923156738 2531
1784394049340 14.049177169799805 2532
1784394049343 11.452896118164062 2533
1784394049346 12.487175941467285 2534
1784394049349 11.571661949157715 2535
1784394049352 11.568740844726562 2536
1784394049355 11.558613777160645 2537
1784394049357 13.293289184570312 2538
1784394049359 9.253114700317383 2539
1784394049363 11.764888763427734 2540
1784394049371 12.213601112365723 2541
1784394049375 9.596945762634277 2542
1784394049378 13.874717712402344 2543
1784394049381 13.132336616516113 2544
1784394049383 11.521635055541992 2545
1784394049386 12.477936744689941 2546
1784394049388 13.13665771484375 2547
1784394049391 10.90007209777832 2548
1784394049393 10.166072845458984 2549
1784394049396 12.479217529296875 2550
1784394049398 10.66805362701416 2551
1784394049401 11.329008102416992 2552
1784394049404 13.04287338256836 2553
1784394049407 9.970799446105957 2554
1784394049410 10.392879486083984 2555
1784394049412 13.1057710647583 2556
1784394049416 8.659841537475586 2557
1784394049419 11.798968315124512 2558
1784394049422 8.830703735351562 2559
1784394049425 9.188450813293457 2560
1784394049429 9.82974910736084 2561
1784394049433 8.735678672790527 2562
1784394049435 9.000325202941895 2563
1784394049439 9.811949729919434 2564
1784394049442 10.361043930053711 2565
1784394049445 11.016698837280273 2566
1784394049448 12.030403137207031 2567
1784394049450 11.206049919128418 2568
1784394049453 13.254888534545898 2569
1784394049456 11.959010124206543 2570
1784394049459 10.425317764282227 2571
1784394049462 13.240315437316895 2572
1784394049466 12.017662048339844 2573
1784394049469 10.456676483154297 2574
1784394049472 13.072490692138672 2575
1784394049475 12.77566146850586 2576
1784394049477 9.98566722869873 2577
1784394049481 12.292871475219727 2578
1784394049484 12.25162410736084 2579
1784394049487 13.370820999145508 2580
1784394049490 11.23222827911377 2581
1784394049493 10.707268714904785 2582
1784394049496 10.687483787536621 2583
1784394049499 10.948559761047363 2584
1784394049502 10.248773574829102 2585
1784394049504 8.986004829406738 2586
1784394049508 9.738480567932129 2587
1784394049510 9.947362899780273 2588
1784394049513 9.516975402832031 2589
1784394049516 9.638954162597656 2590
1784394049520 10.560150146484375 2591
1784394049524 8.656449317932129 2592
1784394049528 9.08639907836914 2593
1784394049532 10.737078666687012 2594
1784394049536 9.955565452575684 2595
1784394049540 13.898334503173828 2596
1784394049543 11.42196273803711 2597
1784394049546 14.453514099121094 2598
1784394049549 13.398439407348633 2599
1784394049552 13.330907821655273 2600
1784394049556 13.830120086669922 2601
1784394049558 15.572635650634766 2602
1784394049561 15.606328964233398 2603
1784394049565 11.455759048461914 2604
1784394049569 13.292595863342285 2605
1784394049572 15.724848747253418 2606
1784394049575 10.160619735717773 2607
1784394049578 14.60188102722168 2608
1784394049582 10.992660522460938 2609
1784394049586 11.667208671569824 2610
1784394049591 12.462453842163086 2611
1784394049594 9.225139617919922 2612
1784394049598 12.83230972290039 2613
1784394049601 13.62458324432373 2614
1784394049604 10.699360847473145 2615
1784394049607 12.67970085144043 2616
1784394049609 14.148865699768066 2617
1784394049612 9.509380340576172 2618
1784394049615 13.183366775512695 2619
1784394049618 13.21369743347168 2620
1784394049621 12.636543273925781 2621
1784394049623 13.088224411010742 2622
1784394049626 13.558483123779297 2623
1784394049629 11.70728588104248 2624
1784394049631 11.383367538452148 2625
1784394049634 10.716792106628418 2626
1784394049636 9.741670608520508 2627
1784394049639 8.705179214477539 2628
1784394049642 11.401042938232422 2629
1784394049645 9.08071517944336 2630
1784394049648 11.443794250488281 2631
1784394049651 12.012086868286133 2632
1784394049654 10.647140502929688 2633
1784394049657 10.033417701721191 2634
1784394049660 13.36315631866455 2635
1784394049663 9.529756546020508 2636
1784394049667 12.134099006652832 2637
1784394049669 11.227082252502441 2638
1784394049672 11.578621864318848 2639
1784394049674 13.679727554321289 2640
1784394049678 13.142988204956055 2641
1784394049683 11.997126579284668 2642
1784394049686 12.75196647644043 2643
1784394049688 13.197148323059082 2644
1784394049692 11.810850143432617 2645
1784394049696 13.726551055908203 2646
1784394049700 12.873316764831543 2647
1784394049702 13.843695640563965 2648
1784394049707 13.963695526123047 2649
1784394049710 14.635198593139648 2650
1784394049713 14.775575637817383 2651
1784394049715 11.619078636169434 2652
1784394049718 12.362885475158691 2653
1784394049722 10.160623550415039 2654
1784394049726 11.616018295288086 2655
1784394049729 12.162740707397461 2656
1784394049732 10.848770141601562 2657
1784394049736 11.14660358428955 2658
1784394049739 10.496228218078613 2659
1784394049741 10.187213897705078 2660
1784394049744 8.905862808227539 2661
1784394049747 11.628819465637207 2662
1784394049750 10.259720802307129 2663
1784394049752 10.401270866394043 2664
1784394049755 11.178596496582031 2665
1784394049758 10.640172004699707 2666
1784394049760 11.932560920715332 2667
1784394049763 11.711834907531738 2668
1784394049766 9.280801773071289 2669
1784394049769 12.991937637329102 2670
1784394049772 13.469122886657715 2671
1784394049774 9.320682525634766 2672
1784394049777 13.02380084991455 2673
1784394049780 13.794300079345703 2674
1784394049782 12.247868537902832 2675
1784394049785 15.045038223266602 2676
1784394049788 14.476690292358398 2677
1784394049791 12.103964805603027 2678
1784394049794 10.603516578674316 2679
1784394049797 14.788625717163086 2680
1784394049800 11.616636276245117 2681
1784394049802 14.40148639678955 2682
1784394049806 11.662820816040039 2683
1784394049810 12.363029479980469 2684
1784394049812 12.574487686157227 2685
1784394049818 12.963303565979004 2686
1784394049821 12.6163911819458 2687
1784394049824 11.309924125671387 2688
1784394049829 12.105293273925781 2689
1784394049833 10.443132400512695 2690
1784394049835 10.848320960998535 2691
1784394049839 12.159553527832031 2692
1784394049842 11.283797264099121 2693
1784394049845 10.437142372131348 2694
1784394049857 11.48083209991455 2695
1784394049862 13.10451889038086 2696
1784394049866 11.039867401123047 2697
1784394049880 12.509175300598145 2698
1784394049883 10.938762664794922 2699
1784394049887 11.676922798156738 2700
1784394049890 10.798432350158691 2701
1784394049894 11.00179672241211 2702
1784394049898 10.754473686218262 2703
1784394049901 8.888497352600098 2704
1784394049905 8.40544605255127 2705
1784394049909 8.614258766174316 2706
1784394049913 10.613574028015137 2707
1784394049917 9.374319076538086 2708
1784394049926 11.821447372436523 2709
1784394049930 8.999772071838379 2710
1784394049935 10.8328857421875 2711
1784394049939 13.087655067443848 2712
1784394049943 9.272140502929688 2713
1784394049957 9.880976676940918 2714
1784394049960 10.75663948059082 2715
1784394049964 11.52579116821289 2716
1784394049967 11.51400089263916 2717
1784394049970 13.074167251586914 2718
1784394049973 13.882269859313965 2719
1784394049976 11.553095817565918 2720
1784394049980 14.111973762512207 2721
1784394049982 14.598827362060547 2722
1784394049986 10.786237716674805 2723
1784394049990 15.515735626220703 2724
1784394049994 11.71009635925293 2725
1784394049997 12.965435981750488 2726
1784394050000 13.217452049255371 2727
1784394050003 11.335338592529297 2728
1784394050006 13.73750114440918 2729
1784394050009 12.148648262023926 2730
1784394050012 14.294168472290039 2731
1784394050016 11.816372871398926 2732
1784394050018 13.546981811523438 2733
1784394050021 14.670945167541504 2734
1784394050024 13.10549545288086 2735
1784394050026 13.838619232177734 2736
1784394050029 14.85961627960205 2737
1784394050031 12.07817554473877 2738
1784394050034 13.354784965515137 2739
1784394050037 13.059300422668457 2740
1784394050040 11.740612030029297 2741
1784394050042 13.52072525024414 2742
1784394050045 12.101524353027344 2743
1784394050048 13.108733177185059 2744
1784394050051 14.999923706054688 2745
1784394050053 11.11245346069336 2746
1784394050056 14.097660064697266 2747
1784394050060 13.900825500488281 2748
1784394050063 11.541667938232422 2749
1784394050066 13.135242462158203 2750
1784394050069 13.371127128601074 2751
1784394050072 13.063720703125 2752
1784394050076 11.660517692565918 2753
1784394050078 12.570441246032715 2754
1784394050081 11.808479309082031 2755
1784394050084 12.490877151489258 2756
1784394050087 15.78054428100586 2757
1784394050090 9.993295669555664 2758
1784394050092 14.997224807739258 2759
1784394050095 11.123144149780273 2760
1784394050098 11.510017395019531 2761
1784394050102 12.91438102722168 2762
1784394050105 9.963641166687012 2763
1784394050108 10.56513786315918 2764
1784394050111 11.150025367736816 2765
1784394050114 8.89511489868164 2766
1784394050118 9.745229721069336 2767
1784394050121 12.135876655578613 2768
1784394050124 8.504744529724121 2769
1784394050127 14.067378044128418 2770
1784394050130 10.958818435668945 2771
1784394050133 11.872478485107422 2772
1784394050136 13.664932250976562 2773
1784394050139 11.463312149047852 2774
1784394050142 12.302529335021973 2775
1784394050145 11.166303634643555 2776
1784394050148 10.65565299987793 2777
1784394050150 10.76919174194336 2778
1784394050153 9.326031684875488 2779
1784394050157 10.62966537475586 2780
1784394050160 9.676393508911133 2781
1784394050162 9.445487976074219 2782
1784394050165 9.6529541015625 2783
1784394050167 8.658062934875488 2784
1784394050170 10.87265396118164 2785
1784394050172 8.553543090820312 2786
1784394050175 11.646875381469727 2787
1784394050178 10.124524116516113 2788
1784394050181 9.710660934448242 2789
1784394050184 10.747693061828613 2790
1784394050188 9.113715171813965 2791
1784394050191 11.88565444946289 2792
1784394050194 11.735244750976562 2793
1784394050196 9.091934204101562 2794
1784394050199 12.788601875305176 2795
1784394050201 8.36830997467041 2796
1784394050204 13.925312995910645 2797
1784394050207 13.26724910736084 2798
1784394050210 11.020483016967773 2799
1784394050213 15.780595779418945 2800
1784394050217 12.72463321685791 2801
1784394050220 16.287689208984375 2802
1784394050223 14.184139251708984 2803
1784394050225 14.542290687561035 2804
1784394050228 15.544177055358887 2805
1784394050231 10.075477600097656 2806
1784394050235 17.88987922668457 2807
1784394050238 16.36540985107422 2808
1784394050241 12.220085144042969 2809
1784394050244 13.559774398803711 2810
1784394050248 15.426859855651855 2811
1784394050251 10.385141372680664 2812
1784394050254 11.779012680053711 2813
1784394050258 13.60374927520752 2814
1784394050261 11.374272346496582 2815
1784394050266 17.88648223876953 2816
1784394050269 12.303112030029297 2817
1784394050273 13.91584587097168 2818
1784394050277 12.690225601196289 2819
1784394050281 11.156549453735352 2820
1784394050284 12.167814254760742 2821
1784394050287 10.433479309082031 2822
1784394050290 11.244024276733398 2823
1784394050294 10.828577041625977 2824
1784394050296 10.953508377075195 2825
1784394050302 13.185029983520508 2826
1784394050306 10.559144020080566 2827
1784394050311 10.749741554260254 2828
1784394050315 9.602008819580078 2829
1784394050318 11.41883659362793 2830
1784394050321 10.935853004455566 2831
1784394050325 12.067455291748047 2832
1784394050328 9.337356567382812 2833
1784394050331 11.675848007202148 2834
1784394050333 11.318199157714844 2835
1784394050336 10.901603698730469 2836
1784394050341 11.062203407287598 2837
1784394050344 11.820476531982422 2838
1784394050348 11.698709487915039 2839
1784394050351 12.081853866577148 2840
1784394050355 12.029109954833984 2841
1784394050357 10.142105102539062 2842
1784394050360 10.852160453796387 2843
1784394050363 9.623357772827148 2844
1784394050367 11.009969711303711 2845
1784394050370 9.529753684997559 2846
1784394050373 12.501107215881348 2847
1784394050375 9.585756301879883 2848
1784394050378 12.15685749053955 2849
1784394050381 11.892065048217773 2850
1784394050383 12.070868492126465 2851
1784394050386 10.415899276733398 2852
1784394050389 11.536457061767578 2853
1784394050392 11.30454158782959 2854
1784394050396 11.692238807678223 2855
1784394050399 13.278358459472656 2856
1784394050401 8.852694511413574 2857
1784394050404 13.368430137634277 2858
1784394050407 11.749387741088867 2859
1784394050410 9.726762771606445 2860
1784394050412 11.803596496582031 2861
1784394050415 10.595696449279785 2862
1784394050417 10.212995529174805 2863
1784394050420 10.225982666015625 2864
1784394050423 11.975008964538574 2865
1784394050426 10.878331184387207 2866
1784394050429 8.923334121704102 2867
1784394050432 13.927631378173828 2868
1784394050435 11.278273582458496 2869
1784394050437 12.057987213134766 2870
1784394050440 12.75928020477295 2871
1784394050443 11.897159576416016 2872
1784394050445 11.804916381835938 2873
1784394050448 10.476102828979492 2874
1784394050450 10.949405670166016 2875
1784394050453 13.502660751342773 2876
1784394050456 8.237032890319824 2877
1784394050459 12.589070320129395 2878
1784394050462 11.760076522827148 2879
1784394050464 8.863323211669922 2880
1784394050467 10.25377082824707 2881
1784394050470 9.081501960754395 2882
1784394050473 9.691841125488281 2883
1784394050475 10.339134216308594 2884
1784394050477 8.480623245239258 2885
1784394050480 9.410511016845703 2886
1784394050482 10.583902359008789 2887
1784394050485 11.879825592041016 2888
1784394050488 8.66840934753418 2889
1784394050491 12.15701675415039 2890
1784394050493 10.750384330749512 2891
1784394050496 9.717771530151367 2892
1784394050498 11.926204681396484 2893
1784394050501 8.48310661315918 2894
1784394050503 12.556507110595703 2895
1784394050506 9.508000373840332 2896
1784394050509 12.153331756591797 2897
1784394050512 9.654443740844727 2898
1784394050514 8.776235580444336 2899
1784394050517 10.464410781860352 2900
1784394050520 12.881628036499023 2901
1784394050523 11.237471580505371 2902
1784394050526 11.773773193359375 2903
1784394050528 11.372835159301758 2904
1784394050531 11.424739837646484 2905
1784394050534 9.827442169189453 2906
1784394050536 10.269584655761719 2907
1784394050539 10.526276588439941 2908
1784394050542 8.378730773925781 2909
1784394050545 11.617375373840332 2910
1784394050548 9.243276596069336 2911
1784394050551 11.550268173217773 2912
1784394050554 9.893251419067383 2913
1784394050557 11.688841819763184 2914
1784394050560 10.263157844543457 2915
1784394050564 8.997607231140137 2916
1784394050566 11.313741683959961 2917
1784394050569 10.150029182434082 2918
1784394050572 7.908076286315918 2919
1784394050574 9.082377433776855 2920
1784394050576 8.016053199768066 2921
1784394050579 9.351524353027344 2922
1784394050581 9.82215690612793 2923
1784394050584 10.734501838684082 2924
1784394050587 9.843829154968262 2925
1784394050589 11.655427932739258 2926
1784394050592 9.384350776672363 2927
1784394050594 11.65042781829834 2928
1784394050597 11.831693649291992 2929
1784394050599 12.629473686218262 2930
1784394050601 13.460235595703125 2931
1784394050605 13.08947467803955 2932
1784394050607 12.3082275390625 2933
1784394050610 11.571746826171875 2934
1784394050612 11.953047752380371 2935
1784394050615 10.226751327514648 2936
1784394050618 10.96805477142334 2937
1784394050620 13.397417068481445 2938
1784394050622 10.488853454589844 2939
1784394050625 11.556039810180664 2940
1784394050628 12.355464935302734 2941
1784394050630 11.958026885986328 2942
1784394050633 10.475760459899902 2943
1784394050636 12.177385330200195 2944
1784394050639 11.729459762573242 2945
1784394050641 10.22130298614502 2946
1784394050644 10.645710945129395 2947
1784394050646 12.496342658996582 2948
1784394050649 10.234855651855469 2949
1784394050651 12.272756576538086 2950
1784394050654 12.586959838867188 2951
1784394050656 8.24145221710205 2952
1784394050659 12.901886940002441 2953
1784394050662 11.159570693969727 2954
1784394050664 10.4593505859375 2955
1784394050667 12.132604598999023 2956
1784394050670 8.186506271362305 2957
1784394050672 10.61461353302002 2958
1784394050675 8.151766777038574 2959
1784394050678 10.611185073852539 2960
1784394050680 9.463417053222656 2961
1784394050682 10.971046447753906 2962
1784394050685 11.417329788208008 2963
1784394050688 11.420169830322266 2964
1784394050690 9.517488479614258 2965
1784394050693 8.474067687988281 2966
1784394050696 10.995317459106445 2967
1784394050698 8.611717224121094 2968
1784394050700 10.798222541809082 2969
1784394050703 8.173653602600098 2970
1784394050705 10.424209594726562 2971
1784394050708 9.666115760803223 2972
1784394050710 10.349002838134766 2973
1784394050712 12.069311141967773 2974
1784394050715 10.899462699890137 2975
1784394050718 14.78823471069336 2976
1784394050720 16.18982696533203 2977
1784394050723 13.232857704162598 2978
1784394050725 10.82534122467041 2979
1784394050728 14.32950496673584 2980
1784394050730 13.936311721801758 2981
1784394050733 13.031983375549316 2982
1784394050736 15.417277336120605 2983
1784394050738 13.53283977508545 2984
1784394050741 14.272807121276855 2985
1784394050743 14.568609237670898 2986
1784394050746 14.311676025390625 2987
1784394050748 13.496469497680664 2988
1784394050751 12.291362762451172 2989
1784394050754 12.394514083862305 2990
1784394050756 12.564447402954102 2991
1784394050759 13.421040534973145 2992
1784394050762 10.578640937805176 2993
1784394050765 13.199312210083008 2994
1784394050768 11.933286666870117 2995
1784394050770 10.745083808898926 2996
1784394050773 10.506949424743652 2997
1784394050775 9.198087692260742 2998
1784394050777 10.34151554107666 2999
1784394050780 9.380865097045898 3000
1784394050782 9.368470191955566 3001
1784394050785 11.908469200134277 3002
1784394050788 9.343247413635254 3003
1784394050791 10.366914749145508 3004
1784394050793 10.241509437561035 3005
1784394050796 10.878811836242676 3006
1784394050798 12.421446800231934 3007
1784394050801 11.117961883544922 3008
1784394050804 12.310352325439453 3009
1784394050806 10.59179401397705 3010
1784394050808 12.098956108093262 3011
1784394050811 9.658890724182129 3012
1784394050813 11.37414264678955 3013
1784394050816 14.615582466125488 3014
1784394050819 10.212966918945312 3015
1784394050823 12.912044525146484 3016
1784394050826 10.73086929321289 3017
1784394050829 11.767867088317871 3018
1784394050832 12.686542510986328 3019
1784394050835 8.69368839263916 3020
1784394050838 14.73669147491455 3021
1784394050841 14.284773826599121 3022
1784394050844 11.822845458984375 3023
1784394050847 12.822644233703613 3024
1784394050850 12.828020095825195 3025
1784394050853 11.897793769836426 3026
1784394050855 11.815024375915527 3027
1784394050859 9.999808311462402 3028
1784394050861 10.301756858825684 3029
1784394050864 10.120828628540039 3030
1784394050867 11.637516021728516 3031
1784394050870 10.44266128540039 3032
1784394050873 9.922137260437012 3033
1784394050875 10.82612419128418 3034
1784394050878 10.653823852539062 3035
1784394050880 9.700464248657227 3036
1784394050884 11.03366756439209 3037
1784394050887 11.547165870666504 3038
1784394050889 7.63057804107666 3039
1784394050892 11.437868118286133 3040
1784394050895 10.794547080993652 3041
1784394050897 8.716266632080078 3042
1784394050900 10.166946411132812 3043
1784394050903 11.41092300415039 3044
1784394050906 9.952247619628906 3045
1784394050908 12.598852157592773 3046
1784394050910 11.699275970458984 3047
1784394050913 10.482213973999023 3048
1784394050916 12.218280792236328 3049
1784394050918 12.409660339355469 3050
1784394050921 12.436382293701172 3051
1784394050924 12.642181396484375 3052
1784394050926 8.990960121154785 3053
1784394050929 11.646817207336426 3054
1784394050932 10.99606704711914 3055
1784394050935 10.371712684631348 3056
1784394050937 9.878847122192383 3057
1784394050940 9.246191024780273 3058
1784394050943 7.707591533660889 3059
1784394050945 11.610219955444336 3060
1784394050948 9.421052932739258 3061
1784394050950 10.150193214416504 3062
1784394050953 10.295733451843262 3063
1784394050955 11.548484802246094 3064
1784394050958 8.92832088470459 3065
1784394050961 11.868820190429688 3066
1784394050964 8.901691436767578 3067
1784394050966 12.654417991638184 3068
1784394050969 12.119245529174805 3069
1784394050972 7.490280628204346 3070
1784394050974 11.517794609069824 3071
1784394050977 9.74902629852295 3072
1784394050980 8.4827241897583 3073
1784394050982 9.678335189819336 3074
1784394050985 9.627120971679688 3075
1784394050988 9.397838592529297 3076
1784394050991 10.7279052734375 3077
1784394050994 10.595118522644043 3078
1784394050996 11.776639938354492 3079
1784394050999 10.912479400634766 3080
1784394051002 10.957612991333008 3081
1784394051005 13.74740219116211 3082
1784394051007 12.475936889648438 3083
1784394051010 10.880239486694336 3084
1784394051013 11.537534713745117 3085
1784394051016 10.876151084899902 3086
1784394051019 11.478456497192383 3087
1784394051022 9.83435344696045 3088
1784394051024 11.037853240966797 3089
1784394051027 11.79112434387207 3090
1784394051030 11.111393928527832 3091
1784394051033 12.53229808807373 3092
1784394051036 10.501773834228516 3093
1784394051038 12.150826454162598 3094
1784394051041 9.813488006591797 3095
1784394051044 14.042226791381836 3096
1784394051047 11.761489868164062 3097
1784394051050 10.80038833618164 3098
1784394051053 13.838289260864258 3099
1784394051055 9.924297332763672 3100
1784394051058 15.391979217529297 3101
1784394051061 11.716097831726074 3102
1784394051065 11.946063041687012 3103
1784394051074 12.487890243530273 3104
1784394051078 11.950206756591797 3105
1784394051084 11.287202835083008 3106
1784394051087 10.57654094696045 3107
1784394051090 13.3201904296875 3108
1784394051094 9.665454864501953 3109
1784394051098 14.05919361114502 3110
1784394051101 9.755131721496582 3111
1784394051105 14.52053165435791 3112
1784394051109 11.267378807067871 3113
1784394051112 10.737929344177246 3114
1784394051115 11.94249439239502 3115
1784394051119 10.364112854003906 3116
1784394051121 12.789457321166992 3117
1784394051125 11.639867782592773 3118
1784394051128 11.279853820800781 3119
1784394051131 11.279460906982422 3120
1784394051134 11.12380313873291 3121
1784394051137 13.584762573242188 3122
1784394051141 10.912269592285156 3123
1784394051144 11.529343605041504 3124
1784394051147 11.122322082519531 3125
1784394051149 13.157853126525879 3126
1784394051152 11.418570518493652 3127
1784394051155 11.74854850769043 3128
1784394051158 11.9644775390625 3129
1784394051160 9.997261047363281 3130
1784394051163 13.062342643737793 3131
1784394051166 15.52114200592041 3132
1784394051169 15.378543853759766 3133
1784394051171 12.581463813781738 3134
1784394051175 13.704301834106445 3135
1784394051177 15.37582015991211 3136
1784394051180 12.83139705657959 3137
1784394051183 15.656709671020508 3138
1784394051185 13.571337699890137 3139
1784394051188 12.564358711242676 3140
1784394051191 14.067636489868164 3141
1784394051194 12.290695190429688 3142
1784394051196 14.326001167297363 3143
1784394051199 13.245040893554688 3144
1784394051202 10.822396278381348 3145
1784394051204 10.589240074157715 3146
1784394051207 11.499689102172852 3147
1784394051210 10.469258308410645 3148
1784394051213 10.032247543334961 3149
1784394051216 9.901866912841797 3150
1784394051218 11.3568696975708 3151
1784394051221 10.83851146697998 3152
1784394051224 10.807043075561523 3153
1784394051227 12.46342945098877 3154
1784394051230 10.222043991088867 3155
1784394051232 12.076210021972656 3156
1784394051235 12.330378532409668 3157
1784394051238 10.359484672546387 3158
1784394051242 11.145120620727539 3159
1784394051245 10.370354652404785 3160
1784394051249 9.736898422241211 3161
1784394051257 8.582694053649902 3162
1784394051260 9.41544246673584 3163
1784394051263 9.402408599853516 3164
1784394051266 9.276012420654297 3165
1784394051269 8.99386215209961 3166
1784394051271 8.853367805480957 3167
1784394051275 8.863541603088379 3168
1784394051278 10.27359390258789 3169
1784394051281 8.65597915649414 3170
1784394051284 8.476612091064453 3171
1784394051286 10.111346244812012 3172
1784394051290 7.422971248626709 3173
1784394051292 10.881189346313477 3174
1784394051295 7.638010025024414 3175
1784394051298 13.169896125793457 3176
1784394051300 12.039737701416016 3177
1784394051303 8.800461769104004 3178
1784394051306 13.368709564208984 3179
1784394051309 9.800060272216797 3180
1784394051312 11.589488983154297 3181
1784394051318 13.352368354797363 3182
1784394051321 8.440370559692383 3183
1784394051324 13.03681755065918 3184
1784394051327 10.389754295349121 3185
1784394051330 13.880728721618652 3186
1784394051333 13.622720718383789 3187
1784394051336 11.767212867736816 3188
1784394051341 14.045802116394043 3189
1784394051345 14.1752290725708 3190
1784394051348 12.454997062683105 3191
1784394051351 13.230695724487305 3192
1784394051355 13.653286933898926 3193
1784394051357 11.310379981994629 3194
1784394051359 13.046690940856934 3195
1784394051362 13.711906433105469 3196
1784394051365 10.999096870422363 3197
1784394051369 12.413199424743652 3198
1784394051371 14.152571678161621 3199
1784394051375 10.515729904174805 3200
1784394051378 14.17965030670166 3201
1784394051382 14.269120216369629 3202
1784394051385 18.078458786010742 3203
1784394051388 15.679232597351074 3204
1784394051390 13.799722671508789 3205
1784394051393 15.461380004882812 3206
1784394051397 16.21042823791504 3207
1784394051400 13.104875564575195 3208
1784394051403 15.429546356201172 3209
1784394051407 15.494834899902344 3210
1784394051410 13.59689712524414 3211
1784394051413 13.625961303710938 3212
1784394051415 14.933530807495117 3213
1784394051419 11.62989616394043 3214
1784394051423 9.80843448638916 3215
1784394051426 11.764404296875 3216
1784394051429 11.349403381347656 3217
1784394051432 11.58434009552002 3218
1784394051435 13.041848182678223 3219
1784394051437 11.261079788208008 3220
1784394051440 11.083824157714844 3221
1784394051443 12.448773384094238 3222
1784394051446 12.50142765045166 3223
1784394051449 13.056275367736816 3224
1784394051452 15.763391494750977 3225
1784394051454 12.075797080993652 3226
1784394051457 14.12328052520752 3227
1784394051460 15.476445198059082 3228
1784394051462 13.046046257019043 3229
1784394051465 14.38784122467041 3230
1784394051467 14.2794189453125 3231
1784394051470 13.252613067626953 3232
1784394051473 12.691444396972656 3233
1784394051475 13.769079208374023 3234
1784394051478 14.015251159667969 3235
1784394051481 11.495342254638672 3236
1784394051484 15.858377456665039 3237
1784394051486 14.190559387207031 3238
1784394051489 10.556622505187988 3239
1784394051491 15.096172332763672 3240
1784394051494 13.87370491027832 3241
1784394051497 12.47228717803955 3242
1784394051499 14.084832191467285 3243
1784394051502 15.284163475036621 3244
1784394051505 12.116920471191406 3245
1784394051508 11.765082359313965 3246
1784394051510 17.71405029296875 3247
1784394051513 10.691093444824219 3248
1784394051515 15.989518165588379 3249
1784394051518 17.683433532714844 3250
1784394051521 12.0421724319458 3251
1784394051524 14.526166915893555 3252
1784394051527 14.524572372436523 3253
1784394051530 14.863265991210938 3254
1784394051533 15.159139633178711 3255
1784394051536 14.086551666259766 3256
1784394051539 13.232413291931152 3257
1784394051542 12.805059432983398 3258
1784394051545 14.380316734313965 3259
1784394051547 10.214659690856934 3260
1784394051550 12.756192207336426 3261
1784394051553 12.583429336547852 3262
1784394051555 10.689139366149902 3263
1784394051558 11.82569408416748 3264
1784394051561 13.432461738586426 3265
1784394051563 9.32450008392334 3266
1784394051566 11.334283828735352 3267
1784394051569 11.33973217010498 3268
1784394051571 9.025298118591309 3269
1784394051574 11.43471908569336 3270
1784394051577 9.54864501953125 3271
1784394051579 11.655513763427734 3272
1784394051582 10.58811092376709 3273
1784394051585 12.338667869567871 3274
1784394051587 10.453668594360352 3275
1784394051590 12.153153419494629 3276
1784394051593 10.757339477539062 3277
1784394051596 11.01594066619873 3278
1784394051599 11.36951732635498 3279
1784394051604 11.075690269470215 3280
1784394051607 10.03791618347168 3281
1784394051610 10.199103355407715 3282
1784394051613 11.162742614746094 3283
1784394051616 10.634550094604492 3284
1784394051618 13.851604461669922 3285
1784394051621 13.819719314575195 3286
1784394051624 11.264981269836426 3287
1784394051628 13.529876708984375 3288
1784394051632 12.911520957946777 3289
1784394051635 11.409627914428711 3290
1784394051637 11.015567779541016 3291
1784394051640 10.396881103515625 3292
1784394051643 10.615293502807617 3293
1784394051646 11.81664752960205 3294
1784394051649 10.563761711120605 3295
1784394051652 13.100586891174316 3296
1784394051654 14.180915832519531 3297
1784394051657 11.636336326599121 3298
1784394051660 11.884459495544434 3299
1784394051662 12.722813606262207 3300
1784394051665 12.801046371459961 3301
1784394051668 9.651577949523926 3302
1784394051670 14.877366065979004 3303
1784394051674 12.777862548828125 3304
1784394051677 11.688297271728516 3305
1784394051681 15.288063049316406 3306
1784394051684 10.900714874267578 3307
1784394051688 13.211151123046875 3308
1784394051691 14.078536033630371 3309
1784394051693 14.963563919067383 3310
1784394051696 13.839038848876953 3311
1784394051699 12.136175155639648 3312
1784394051702 15.666218757629395 3313
1784394051705 14.164719581604004 3314
1784394051707 12.513195991516113 3315
1784394051710 14.067203521728516 3316
1784394051713 11.938827514648438 3317
1784394051716 13.558149337768555 3318
1784394051719 15.240595817565918 3319
1784394051721 10.584315299987793 3320
1784394051724 13.8622465133667 3321
1784394051726 12.766114234924316 3322
1784394051729 12.766897201538086 3323
1784394051732 13.684408187866211 3324
1784394051734 11.117392539978027 3325
1784394051737 12.354501724243164 3326
1784394051740 9.803644180297852 3327
1784394051743 11.72354507446289 3328
1784394051746 12.849348068237305 3329
1784394051749 9.075299263000488 3330
1784394051752 13.964799880981445 3331
1784394051755 12.079215049743652 3332
1784394051757 11.102837562561035 3333
1784394051760 12.1736478805542 3334
1784394051763 13.93477725982666 3335
1784394051767 11.91132926940918 3336
1784394051769 13.127856254577637 3337
1784394051772 15.037934303283691 3338
1784394051775 12.250791549682617 3339
1784394051777 14.792231559753418 3340
1784394051781 14.666768074035645 3341
1784394051783 12.409378051757812 3342
1784394051786 12.585144996643066 3343
1784394051789 12.962468147277832 3344
1784394051792 10.092571258544922 3345
1784394051795 11.152495384216309 3346
1784394051797 10.314663887023926 3347
1784394051800 12.665613174438477 3348
1784394051803 12.34309196472168 3349
1784394051806 11.8154296875 3350
1784394051809 12.774774551391602 3351
1784394051812 12.329054832458496 3352
1784394051814 14.426549911499023 3353
1784394051817 10.648636817932129 3354
1784394051820 13.373948097229004 3355
1784394051822 11.602710723876953 3356
1784394051825 11.087174415588379 3357
1784394051828 12.55725383758545 3358
1784394051831 12.520934104919434 3359
1784394051833 9.515317916870117 3360
1784394051836 11.226177215576172 3361
1784394051839 10.668268203735352 3362
1784394051842 12.502209663391113 3363
1784394051844 14.392740249633789 3364
1784394051847 8.6033296585083 3365
1784394051850 15.24357795715332 3366
1784394051853 15.85766315460205 3367
1784394051855 12.159530639648438 3368
1784394051858 14.650157928466797 3369
1784394051861 11.895587921142578 3370
1784394051864 12.61612319946289 3371
1784394051867 14.99195671081543 3372
1784394051871 10.283090591430664 3373
1784394051874 14.613140106201172 3374
1784394051876 12.700474739074707 3375
1784394051879 11.773818969726562 3376
1784394051882 13.330692291259766 3377
1784394051885 13.593513488769531 3378
1784394051888 10.847676277160645 3379
1784394051890 12.652273178100586 3380
1784394051893 12.638476371765137 3381
1784394051899 11.950860977172852 3382
1784394051903 10.904947280883789 3383
1784394051906 12.360221862792969 3384
1784394051909 11.616390228271484 3385
1784394051912 10.255425453186035 3386
1784394051915 10.839621543884277 3387
1784394051918 9.951080322265625 3388
1784394051921 12.066329956054688 3389
1784394051923 10.26123046875 3390
1784394051926 10.755288124084473 3391
1784394051929 13.149419784545898 3392
1784394051932 9.81864070892334 3393
1784394051935 11.619771003723145 3394
1784394051937 11.720903396606445 3395
1784394051940 9.346636772155762 3396
1784394051943 11.61384105682373 3397
1784394051945 11.486948013305664 3398
1784394051948 9.311346054077148 3399
1784394051951 12.667379379272461 3400
1784394051954 8.501190185546875 3401
1784394051957 11.351191520690918 3402
1784394051960 11.238689422607422 3403
1784394051962 9.652636528015137 3404
1784394051965 10.819377899169922 3405
1784394051967 8.202258110046387 3406
1784394051970 10.17441177368164 3407
1784394051973 7.960440635681152 3408
1784394051976 11.010708808898926 3409
1784394051978 7.634250640869141 3410
1784394051981 9.83654499053955 3411
1784394051984 8.868444442749023 3412
1784394051987 8.221878051757812 3413
1784394051990 10.25674819946289 3414
1784394051993 8.721023559570312 3415
1784394051995 11.850111961364746 3416
1784394051998 11.409460067749023 3417
1784394052001 9.247384071350098 3418
1784394052004 9.82596492767334 3419
1784394052007 9.562129020690918 3420
1784394052009 9.007698059082031 3421
1784394052013 8.773914337158203 3422
1784394052017 7.884815216064453 3423
1784394052020 8.107355117797852 3424
1784394052023 8.966339111328125 3425
1784394052026 7.417153835296631 3426
1784394052029 9.011686325073242 3427
1784394052032 7.445901870727539 3428
1784394052035 8.09117317199707 3429
1784394052038 9.761564254760742 3430
1784394052041 8.517216682434082 3431
1784394052044 11.21533203125 3432
1784394052047 9.230864524841309 3433
1784394052049 9.912652969360352 3434
1784394052052 10.03582763671875 3435
1784394052056 8.645180702209473 3436
1784394052059 9.396309852600098 3437
1784394052063 8.877082824707031 3438
1784394052066 9.030401229858398 3439
1784394052068 10.693227767944336 3440
1784394052071 10.7728910446167 3441
1784394052075 10.15984058380127 3442
1784394052078 10.398514747619629 3443
1784394052081 9.926361083984375 3444
1784394052084 9.167901992797852 3445
1784394052087 11.316733360290527 3446
1784394052090 9.95880126953125 3447
1784394052094 11.431719779968262 3448
1784394052097 10.082032203674316 3449
1784394052099 12.85686206817627 3450
1784394052102 10.461186408996582 3451
1784394052105 12.685295104980469 3452
1784394052108 16.623676300048828 3453
1784394052110 11.109237670898438 3454
1784394052113 14.932666778564453 3455
1784394052116 10.546699523925781 3456
1784394052119 13.680597305297852 3457
1784394052122 12.64243221282959 3458
1784394052125 12.601564407348633 3459
1784394052128 12.564327239990234 3460
1784394052130 11.308732986450195 3461
1784394052133 11.494275093078613 3462
1784394052136 11.785975456237793 3463
1784394052139 11.117082595825195 3464
1784394052142 10.540789604187012 3465
1784394052145 11.569266319274902 3466
1784394052148 12.483975410461426 3467
1784394052151 9.351973533630371 3468
1784394052154 12.789114952087402 3469
1784394052156 9.645109176635742 3470
1784394052159 11.057860374450684 3471
1784394052161 12.034235000610352 3472
1784394052164 11.909432411193848 3473
1784394052174 12.477350234985352 3474
1784394052178 13.742666244506836 3475
1784394052181 10.860787391662598 3476
1784394052183 14.090607643127441 3477
1784394052187 9.445425033569336 3478
1784394052189 12.541717529296875 3479
1784394052192 11.115264892578125 3480
1784394052196 9.363800048828125 3481
1784394052198 11.352256774902344 3482
1784394052201 9.457489967346191 3483
1784394052204 10.246991157531738 3484
1784394052207 9.487371444702148 3485
1784394052210 9.81092643737793 3486
1784394052212 7.876857757568359 3487
1784394052215 8.387063026428223 3488
1784394052218 9.377276420593262 3489
1784394052220 8.696416854858398 3490
1784394052224 9.056527137756348 3491
1784394052226 10.443917274475098 3492
1784394052229 8.422260284423828 3493
1784394052231 10.875564575195312 3494
1784394052234 9.710947036743164 3495
1784394052236 8.4363374710083 3496
1784394052239 10.194375991821289 3497
1784394052242 7.624859809875488 3498
1784394052245 11.037715911865234 3499
1784394052247 9.62714958190918 3500
1784394052250 11.408548355102539 3501
1784394052253 13.662917137145996 3502
1784394052255 13.310530662536621 3503
1784394052258 12.588109970092773 3504
1784394052260 10.19723129272461 3505
1784394052263 13.525707244873047 3506
1784394052266 9.815361976623535 3507
1784394052268 12.714004516601562 3508
1784394052271 13.40636157989502 3509
1784394052274 10.401335716247559 3510
1784394052277 13.480576515197754 3511
1784394052280 13.797762870788574 3512
1784394052283 10.98437786102295 3513
1784394052286 13.261298179626465 3514
1784394052289 12.240238189697266 3515
1784394052292 10.923487663269043 3516
1784394052295 12.207491874694824 3517
1784394052297 10.947855949401855 3518
1784394052300 11.784384727478027 3519
1784394052302 9.844575881958008 3520
1784394052305 12.676292419433594 3521
1784394052307 10.923644065856934 3522
1784394052310 11.171810150146484 3523
1784394052313 10.994345664978027 3524
1784394052317 10.369186401367188 3525
1784394052321 11.860383033752441 3526
1784394052324 10.614059448242188 3527
1784394052327 11.426490783691406 3528
1784394052330 10.884112358093262 3529
1784394052333 9.816278457641602 3530
1784394052336 10.01957893371582 3531
1784394052339 10.170524597167969 3532
1784394052341 8.863984107971191 3533
1784394052344 11.350412368774414 3534
1784394052348 8.195897102355957 3535
1784394052351 11.23250961303711 3536
1784394052353 8.794144630432129 3537
1784394052357 10.827322959899902 3538
1784394052360 9.302454948425293 3539
1784394052363 11.320995330810547 3540
1784394052366 8.56985855102539 3541
1784394052369 10.656089782714844 3542
1784394052372 10.523656845092773 3543
1784394052374 9.394838333129883 3544
1784394052377 10.465570449829102 3545
1784394052380 8.890471458435059 3546
1784394052383 9.196462631225586 3547
1784394052385 7.970724582672119 3548
1784394052388 8.944862365722656 3549
1784394052391 9.696208953857422 3550
1784394052394 9.680335998535156 3551
1784394052396 9.57365608215332 3552
1784394052399 10.88892650604248 3553
1784394052402 11.436532020568848 3554
1784394052404 9.560900688171387 3555
1784394052407 9.713602066040039 3556
1784394052409 9.941720008850098 3557
1784394052412 10.162713050842285 3558
1784394052416 11.213838577270508 3559
1784394052419 11.416677474975586 3560
1784394052421 12.653173446655273 3561
1784394052424 12.207541465759277 3562
1784394052427 12.389785766601562 3563
1784394052430 12.287117958068848 3564
1784394052432 12.54147720336914 3565
1784394052435 12.548572540283203 3566
1784394052438 12.32235050201416 3567
1784394052440 11.853355407714844 3568
1784394052443 10.01906681060791 3569
1784394052446 11.26678466796875 3570
1784394052449 10.889514923095703 3571
1784394052452 12.542494773864746 3572
1784394052456 11.194165229797363 3573
1784394052459 12.248222351074219 3574
1784394052461 11.867094993591309 3575
1784394052464 9.316108703613281 3576
1784394052466 12.114358901977539 3577
1784394052469 8.969338417053223 3578
1784394052471 10.093425750732422 3579
1784394052474 11.093305587768555 3580
1784394052477 8.091150283813477 3581
1784394052479 10.626566886901855 3582
1784394052482 10.046262741088867 3583
1784394052485 11.744065284729004 3584
1784394052487 10.054210662841797 3585
1784394052490 10.156404495239258 3586
1784394052493 9.843722343444824 3587
1784394052496 10.709003448486328 3588
1784394052499 9.809333801269531 3589
1784394052503 8.67162036895752 3590
1784394052505 10.761357307434082 3591
1784394052509 10.583479881286621 3592
1784394052511 11.227890014648438 3593
1784394052513 10.09170913696289 3594
1784394052516 11.258123397827148 3595
1784394052519 9.286968231201172 3596
1784394052522 8.867265701293945 3597
1784394052526 11.612869262695312 3598
1784394052530 10.94478988647461 3599
1784394052534 10.675670623779297 3600
1784394052537 12.430335998535156 3601
1784394052540 10.362168312072754 3602
1784394052544 10.075361251831055 3603
1784394052547 9.800654411315918 3604
1784394052550 8.712824821472168 3605
1784394052553 10.46408462524414 3606
1784394052556 11.198909759521484 3607
1784394052559 10.110671043395996 3608
1784394052561 11.635086059570312 3609
1784394052564 11.566108703613281 3610
1784394052567 11.094801902770996 3611
1784394052569 10.069242477416992 3612
1784394052572 11.853715896606445 3613
1784394052575 14.013577461242676 3614
1784394052578 8.10328197479248 3615
1784394052580 16.811302185058594 3616
1784394052583 12.065468788146973 3617
1784394052586 13.611190795898438 3618
1784394052588 14.53473949432373 3619
1784394052591 12.897953033447266 3620
1784394052595 14.86597728729248 3621
1784394052598 12.714456558227539 3622
1784394052601 12.138602256774902 3623
1784394052603 13.0490140914917 3624
1784394052606 13.952680587768555 3625
1784394052609 10.557943344116211 3626
1784394052612 12.658681869506836 3627
1784394052614 12.170353889465332 3628
1784394052617 12.563274383544922 3629
1784394052620 9.990339279174805 3630
1784394052623 12.948051452636719 3631
1784394052625 9.567121505737305 3632
1784394052628 10.960988998413086 3633
1784394052631 11.095806121826172 3634
1784394052634 10.489031791687012 3635
1784394052636 8.024702072143555 3636
1784394052639 9.47208023071289 3637
1784394052642 8.591584205627441 3638
1784394052645 9.119095802307129 3639
1784394052648 11.0287446975708 3640
1784394052651 7.33888053894043 3641
1784394052653 10.549901962280273 3642
1784394052656 10.037306785583496 3643
1784394052659 8.661236763000488 3644
1784394052662 10.28354263305664 3645
1784394052666 8.717388153076172 3646
1784394052669 9.520050048828125 3647
1784394052672 11.543514251708984 3648
1784394052675 10.485702514648438 3649
1784394052679 11.854272842407227 3650
1784394052682 13.014123916625977 3651
1784394052685 8.605255126953125 3652
1784394052688 11.628366470336914 3653
1784394052691 12.33751392364502 3654
1784394052694 9.67225170135498 3655
1784394052697 10.043140411376953 3656
1784394052700 9.858104705810547 3657
1784394052703 9.852511405944824 3658
1784394052708 9.773591995239258 3659
1784394052712 9.015950202941895 3660
1784394052719 8.71190357208252 3661
1784394052722 8.390054702758789 3662
1784394052725 11.752555847167969 3663
1784394052728 8.548945426940918 3664
1784394052731 11.194120407104492 3665
1784394052734 10.208913803100586 3666
1784394052737 10.776029586791992 3667
1784394052740 11.122143745422363 3668
1784394052743 10.67128849029541 3669
1784394052747 12.536864280700684 3670
1784394052750 10.606001853942871 3671
1784394052753 9.885660171508789 3672
1784394052756 12.123005867004395 3673
1784394052758 12.416025161743164 3674
1784394052761 12.200152397155762 3675
1784394052764 11.758724212646484 3676
1784394052766 12.352020263671875 3677
1784394052769 14.299514770507812 3678
1784394052772 9.34756851196289 3679
1784394052775 13.27792739868164 3680
1784394052778 11.651524543762207 3681
1784394052780 10.585769653320312 3682
1784394052783 12.671721458435059 3683
1784394052786 11.721540451049805 3684
1784394052789 10.479352951049805 3685
1784394052792 13.169534683227539 3686
1784394052794 10.899032592773438 3687
1784394052797 11.037864685058594 3688
1784394052800 12.885848999023438 3689
1784394052803 8.860124588012695 3690
1784394052806 11.430279731750488 3691
1784394052808 11.033946990966797 3692
1784394052812 8.20371150970459 3693
1784394052815 9.865106582641602 3694
1784394052818 6.955201148986816 3695
1784394052821 12.688079833984375 3696
1784394052824 7.69182014465332 3697
1784394052826 10.993900299072266 3698
1784394052829 10.329730033874512 3699
1784394052832 8.26781177520752 3700
1784394052835 10.313671112060547 3701
1784394052837 8.5050048828125 3702
1784394052840 11.526010513305664 3703
1784394052843 10.717123985290527 3704
1784394052846 10.942556381225586 3705
1784394052848 13.61669921875 3706
1784394052851 11.833549499511719 3707
1784394052854 13.235630989074707 3708
1784394052857 14.886529922485352 3709
1784394052859 10.424110412597656 3710
1784394052862 12.345498085021973 3711
1784394052865 9.331300735473633 3712
1784394052867 10.396352767944336 3713
1784394052870 10.870389938354492 3714
1784394052873 10.086584091186523 3715
1784394052876 11.39326286315918 3716
1784394052878 11.556025505065918 3717
1784394052881 9.983662605285645 3718
1784394052884 13.690256118774414 3719
1784394052887 11.138998985290527 3720
1784394052891 12.930049896240234 3721
1784394052895 12.596342086791992 3722
1784394052898 13.725522994995117 3723
1784394052902 11.810365676879883 3724
1784394052905 13.746183395385742 3725
1784394052908 16.556659698486328 3726
1784394052912 12.704355239868164 3727
1784394052916 11.371932983398438 3728
1784394052919 13.595512390136719 3729
1784394052922 14.081930160522461 3730
1784394052924 12.555463790893555 3731
1784394052927 11.164031028747559 3732
1784394052931 13.422319412231445 3733
1784394052935 12.678054809570312 3734
1784394052938 11.183393478393555 3735
1784394052941 14.201807022094727 3736
1784394052944 9.941678047180176 3737
1784394052948 13.850688934326172 3738
1784394052951 13.02581787109375 3739
1784394052956 8.401622772216797 3740
1784394052959 12.712531089782715 3741
1784394052963 10.813369750976562 3742
1784394052966 14.433412551879883 3743
1784394052969 13.914026260375977 3744
1784394052971 10.802523612976074 3745
1784394052974 15.09422779083252 3746
1784394052977 16.839862823486328 3747
1784394052979 14.865736961364746 3748
1784394052982 12.663702964782715 3749
1784394053172 14.960005760192871 3750
1784394053175 12.668403625488281 3751
1784394053178 10.296151161193848 3752
1784394053180 14.87325668334961 3753
1784394053183 12.452726364135742 3754
1784394053185 15.898530960083008 3755
1784394053188 13.120488166809082 3756
1784394053191 14.798131942749023 3757
1784394053194 15.317761421203613 3758
1784394053197 13.7627534866333 3759
1784394053199 14.239380836486816 3760
1784394053202 10.111628532409668 3761
1784394053205 11.949467658996582 3762
1784394053208 11.4473876953125 3763
1784394053210 8.528103828430176 3764
1784394053213 11.531506538391113 3765
1784394053216 10.205208778381348 3766
1784394053219 10.263812065124512 3767
1784394053221 8.918267250061035 3768
1784394053224 12.576136589050293 3769
1784394053227 9.747745513916016 3770
1784394053229 13.00759506225586 3771
1784394053232 11.703351020812988 3772
1784394053236 14.01408576965332 3773
1784394053239 12.504446983337402 3774
1784394053242 11.281084060668945 3775
1784394053245 12.903697967529297 3776
1784394053249 11.64492130279541 3777
1784394053252 10.942914962768555 3778
1784394053255 13.438076972961426 3779
1784394053258 10.052486419677734 3780
1784394053261 13.757243156433105 3781
1784394053264 12.353461265563965 3782
1784394053266 11.525477409362793 3783
1784394053269 11.823894500732422 3784
1784394053271 12.792591094970703 3785
1784394053274 10.6755952835083 3786
1784394053277 12.277604103088379 3787
1784394053280 10.71975040435791 3788
1784394053282 12.875736236572266 3789
1784394053285 13.604362487792969 3790
1784394053287 11.006265640258789 3791
1784394053290 14.39301872253418 3792
1784394053293 13.292692184448242 3793
1784394053295 8.362082481384277 3794
1784394053298 13.408824920654297 3795
1784394053300 10.373148918151855 3796
1784394053303 14.200966835021973 3797
1784394053305 15.574313163757324 3798
1784394053308 9.371224403381348 3799
1784394053311 13.107576370239258 3800
1784394053313 11.185745239257812 3801
1784394053316 11.066388130187988 3802
1784394053319 12.201412200927734 3803
1784394053321 10.439793586730957 3804
1784394053324 10.300625801086426 3805
1784394053327 9.146492958068848 3806
1784394053332 9.800498962402344 3807
1784394053335 10.396116256713867 3808
1784394053338 7.71895694732666 3809
1784394053342 10.657575607299805 3810
1784394053344 8.794011116027832 3811
1784394053347 9.783388137817383 3812
1784394053350 8.750397682189941 3813
1784394053353 7.756746768951416 3814
1784394053356 10.777658462524414 3815
1784394053359 7.868398666381836 3816
1784394053362 9.112890243530273 3817
1784394053365 9.169527053833008 3818
1784394053368 8.328092575073242 3819
1784394053371 10.543095588684082 3820
1784394053373 10.600809097290039 3821
1784394053376 9.717955589294434 3822
1784394053378 10.411540985107422 3823
1784394053381 11.247082710266113 3824
1784394053384 8.117383003234863 3825
1784394053387 9.618887901306152 3826
1784394053390 8.010266304016113 3827
1784394053392 9.292571067810059 3828
1784394053395 10.867378234863281 3829
1784394053397 8.746061325073242 3830
1784394053400 9.72617244720459 3831
1784394053404 10.006463050842285 3832
1784394053407 8.758735656738281 3833
1784394053410 10.701716423034668 3834
1784394053413 9.442533493041992 3835
1784394053417 10.885488510131836 3836
1784394053421 9.671338081359863 3837
1784394053423 9.664467811584473 3838
1784394053426 9.0742826461792 3839
1784394053429 10.514318466186523 3840
1784394053432 9.713224411010742 3841
1784394053435 9.019275665283203 3842
1784394053438 9.194262504577637 3843
1784394053440 8.692117691040039 3844
1784394053444 8.739187240600586 3845
1784394053447 9.049873352050781 3846
1784394053451 8.35842514038086 3847
1784394053454 10.759446144104004 3848
1784394053457 8.566329956054688 3849
1784394053460 9.418184280395508 3850
1784394053464 9.47049617767334 3851
1784394053467 8.546903610229492 3852
1784394053469 10.452948570251465 3853
1784394053472 11.246253967285156 3854
1784394053475 9.955488204956055 3855
1784394053479 12.799331665039062 3856
1784394053481 11.46792221069336 3857
1784394053484 11.03395938873291 3858
1784394053488 11.22382926940918 3859
1784394053491 9.23615550994873 3860
1784394053493 10.043063163757324 3861
1784394053496 9.531702041625977 3862
1784394053498 10.04749870300293 3863
1784394053501 11.042473793029785 3864
1784394053504 9.785869598388672 3865
1784394053507 11.539873123168945 3866
1784394053510 10.0050687789917 3867
1784394053513 12.487460136413574 3868
1784394053517 9.276350975036621 3869
1784394053520 11.531194686889648 3870
1784394053522 7.126693248748779 3871
1784394053525 9.840618133544922 3872
1784394053528 8.845084190368652 3873
1784394053530 8.751896858215332 3874
1784394053533 10.362957954406738 3875
1784394053535 8.652615547180176 3876
1784394053537 11.660287857055664 3877
1784394053541 10.96745491027832 3878
1784394053543 12.373151779174805 3879
1784394053546 8.845487594604492 3880
1784394053548 13.227767944335938 3881
1784394053551 10.453451156616211 3882
1784394053554 10.693851470947266 3883
1784394053557 11.271711349487305 3884
1784394053560 10.484700202941895 3885
1784394053563 9.48643684387207 3886
1784394053565 10.309185028076172 3887
1784394053568 11.867321968078613 3888
1784394053571 7.645800590515137 3889
1784394053574 10.397319793701172 3890
1784394053576 8.334344863891602 3891
1784394053579 10.075048446655273 3892
1784394053582 9.696895599365234 3893
1784394053584 9.286368370056152 3894
1784394053587 11.286660194396973 3895
1784394053590 10.713808059692383 3896
1784394053593 10.942353248596191 3897
1784394053595 10.176198959350586 3898
1784394053597 9.708545684814453 3899
1784394053600 9.363008499145508 3900
1784394053602 9.41740894317627 3901
1784394053609 11.173439979553223 3902
1784394053613 9.28516960144043 3903
1784394053616 10.377151489257812 3904
1784394053619 10.420001983642578 3905
1784394053622 9.477499961853027 3906
1784394053625 10.184240341186523 3907
1784394053628 10.070362091064453 3908
1784394053631 11.526774406433105 3909
1784394053633 9.97955322265625 3910
1784394053636 11.840669631958008 3911
1784394053639 12.020303726196289 3912
1784394053641 11.25601863861084 3913
1784394053644 10.807165145874023 3914
1784394053647 11.395859718322754 3915
1784394053649 12.922501564025879 3916
1784394053652 10.37479305267334 3917
1784394053655 12.877108573913574 3918
1784394053658 10.522059440612793 3919
1784394053660 10.619006156921387 3920
1784394053662 9.492359161376953 3921
1784394053665 11.480441093444824 3922
1784394053668 10.67416000366211 3923
1784394053670 10.329434394836426 3924
1784394053673 8.569314002990723 3925
1784394053675 12.045807838439941 3926
1784394053678 9.274300575256348 3927
1784394053681 11.94205093383789 3928
1784394053684 11.809863090515137 3929
1784394053687 8.227178573608398 3930
1784394053690 11.544529914855957 3931
1784394053692 8.13753890991211 3932
1784394053695 12.113259315490723 3933
1784394053698 10.879063606262207 3934
1784394053700 10.436006546020508 3935
1784394053703 11.613495826721191 3936
1784394053706 11.322993278503418 3937
1784394053708 10.09167194366455 3938
1784394053711 10.473173141479492 3939
1784394053713 9.275052070617676 3940
1784394053715 8.589920043945312 3941
1784394053718 10.412729263305664 3942
1784394053720 9.169896125793457 3943
1784394053723 11.685078620910645 3944
1784394053725 9.83562183380127 3945
1784394053729 10.943096160888672 3946
1784394053732 9.980374336242676 3947
1784394053735 9.373038291931152 3948
1784394053738 10.184940338134766 3949
1784394053741 11.52360725402832 3950
1784394053747 10.807456016540527 3951
1784394053750 10.794342041015625 3952
1784394053753 10.837021827697754 3953
1784394053756 9.946986198425293 3954
1784394053759 9.92905330657959 3955
1784394053761 9.983744621276855 3956
1784394053764 10.610706329345703 3957
1784394053767 12.355768203735352 3958
1784394053769 9.977286338806152 3959
1784394053772 9.092421531677246 3960
1784394053776 11.098795890808105 3961
1784394053779 10.041812896728516 3962
1784394053782 10.27004623413086 3963
1784394053785 11.180023193359375 3964
1784394053789 11.85975170135498 3965
1784394053792 11.996147155761719 3966
1784394053795 12.82348346710205 3967
1784394053797 12.51612663269043 3968
1784394053800 10.937170028686523 3969
1784394053803 15.088478088378906 3970
1784394053805 11.620707511901855 3971
1784394053808 12.196948051452637 3972
1784394053811 11.724148750305176 3973
1784394053814 11.50103759765625 3974
1784394053817 11.105731964111328 3975
1784394053820 11.741374969482422 3976
1784394053822 11.282930374145508 3977
1784394053826 13.153127670288086 3978
1784394053829 14.079967498779297 3979
1784394053832 12.439630508422852 3980
1784394053834 11.745861053466797 3981
1784394053837 14.233256340026855 3982
1784394053840 11.783610343933105 3983
1784394053842 13.92839241027832 3984
1784394053845 13.302346229553223 3985
1784394053848 10.89276123046875 3986
1784394053851 12.552101135253906 3987
1784394053854 11.323980331420898 3988
1784394053856 10.178589820861816 3989
1784394053859 11.302379608154297 3990
1784394053862 12.220260620117188 3991
1784394053864 10.185356140136719 3992
1784394053867 9.229708671569824 3993
1784394053870 11.505997657775879 3994
1784394053872 10.496085166931152 3995
1784394053875 11.382543563842773 3996
1784394053877 10.701956748962402 3997
1784394053880 10.704803466796875 3998
1784394053882 10.378813743591309 3999
1784394053885 11.537096977233887 4000
1784394053888 10.464129447937012 4001
1784394053890 10.559618949890137 4002
1784394053893 10.93838119506836 4003
1784394053896 9.935856819152832 4004
1784394053899 12.526779174804688 4005
1784394053903 9.591171264648438 4006
1784394053910 11.704791069030762 4007
1784394053913 11.019899368286133 4008
1784394053916 10.776327133178711 4009
1784394053918 12.307994842529297 4010
1784394053921 12.593548774719238 4011
1784394053924 10.008663177490234 4012
1784394053927 11.306397438049316 4013
1784394053930 9.04478645324707 4014
1784394053934 12.215417861938477 4015
1784394053937 9.115982055664062 4016
1784394053941 12.623903274536133 4017
1784394053943 9.313668251037598 4018
1784394053946 10.995190620422363 4019
1784394053949 10.028690338134766 4020
1784394053952 9.974960327148438 4021
1784394053954 10.50838565826416 4022
1784394053958 9.772420883178711 4023
1784394053962 10.476407051086426 4024
1784394053965 9.101471900939941 4025
1784394053968 13.682882308959961 4026
1784394053971 13.451489448547363 4027
1784394053975 11.576946258544922 4028
1784394053978 13.314374923706055 4029
1784394053981 15.535757064819336 4030
1784394053984 10.675494194030762 4031
1784394053987 14.50595474243164 4032
1784394053990 16.461929321289062 4033
1784394053993 12.671223640441895 4034
1784394053997 12.673541069030762 4035
1784394054000 12.209166526794434 4036
1784394054002 11.952326774597168 4037
1784394054005 12.97347354888916 4038
1784394054009 13.262633323669434 4039
1784394054012 12.88949966430664 4040
1784394054015 13.234725952148438 4041
1784394054017 15.294206619262695 4042
1784394054021 10.669322967529297 4043
1784394054025 12.269426345825195 4044
1784394054028 14.631431579589844 4045
1784394054032 16.113271713256836 4046
1784394054035 15.692574501037598 4047
1784394054038 13.418088912963867 4048
1784394054041 14.023885726928711 4049
1784394054044 12.604914665222168 4050
1784394054046 13.74915885925293 4051
1784394054049 11.748372077941895 4052
1784394054052 13.245351791381836 4053
1784394054055 14.913528442382812 4054
1784394054058 14.242690086364746 4055
1784394054062 12.665548324584961 4056
1784394054064 12.363100051879883 4057
1784394054067 10.490729331970215 4058
1784394054070 10.236000061035156 4059
1784394054072 9.483524322509766 4060
1784394054075 9.744483947753906 4061
1784394054078 9.437146186828613 4062
1784394054080 13.063292503356934 4063
1784394054083 8.886398315429688 4064
1784394054086 12.06215763092041 4065
1784394054089 11.604098320007324 4066
1784394054092 10.553230285644531 4067
1784394054095 12.307151794433594 4068
1784394054098 11.98843002319336 4069
1784394054101 10.779050827026367 4070
1784394054104 11.385845184326172 4071
1784394054106 12.499791145324707 4072
1784394054109 12.265361785888672 4073
1784394054111 12.585679054260254 4074
1784394054114 13.158586502075195 4075
1784394054117 14.14284896850586 4076
1784394054119 14.215119361877441 4077
1784394054122 9.784341812133789 4078
1784394054125 11.19032096862793 4079
1784394054128 10.399819374084473 4080
1784394054131 8.948736190795898 4081
1784394054134 11.922622680664062 4082
1784394054136 9.61902141571045 4083
1784394054139 14.076071739196777 4084
1784394054142 9.249435424804688 4085
1784394054144 14.622312545776367 4086
1784394054147 12.076916694641113 4087
1784394054149 10.146441459655762 4088
1784394054152 12.620217323303223 4089
1784394054155 12.076356887817383 4090
1784394054157 12.126291275024414 4091
1784394054160 13.47301959991455 4092
1784394054163 12.522820472717285 4093
1784394054165 11.816793441772461 4094
1784394054168 13.270238876342773 4095
1784394054172 11.672867774963379 4096
1784394054174 12.518074989318848 4097
1784394054177 13.919516563415527 4098
1784394054179 12.415514945983887 4099
1784394054182 11.806330680847168 4100
1784394054184 12.392141342163086 4101
1784394054187 12.666786193847656 4102
1784394054189 12.685502052307129 4103
1784394054192 12.107550621032715 4104
1784394054195 11.093603134155273 4105
1784394054198 9.591334342956543 4106
1784394054201 8.939766883850098 4107
1784394054207 9.856181144714355 4108
1784394054211 11.795382499694824 4109
1784394054213 11.40786361694336 4110
1784394054216 12.25592041015625 4111
1784394054219 11.67579174041748 4112
1784394054222 10.14697551727295 4113
1784394054225 12.562715530395508 4114
1784394054228 11.516144752502441 4115
1784394054232 11.071925163269043 4116
1784394054235 12.963013648986816 4117
1784394054238 11.942081451416016 4118
1784394054241 8.756434440612793 4119
1784394054244 10.193070411682129 4120
1784394054247 10.111857414245605 4121
1784394054250 11.016388893127441 4122
1784394054253 11.721099853515625 4123
1784394054256 10.14615535736084 4124
1784394054258 10.539397239685059 4125
1784394054261 9.808387756347656 4126
1784394054264 10.257497787475586 4127
1784394054266 9.535530090332031 4128
1784394054269 9.42330265045166 4129
1784394054271 9.209022521972656 4130
1784394054274 10.70045280456543 4131
1784394054277 9.686262130737305 4132
1784394054279 11.71428108215332 4133
1784394054282 9.668008804321289 4134
1784394054285 9.601763725280762 4135
1784394054287 13.094159126281738 4136
1784394054290 9.701648712158203 4137
1784394054293 11.05409049987793 4138
1784394054296 10.69001293182373 4139
1784394054299 10.14112377166748 4140
1784394054301 10.477901458740234 4141
1784394054304 10.707695007324219 4142
1784394054307 10.168134689331055 4143
1784394054312 8.778358459472656 4144
1784394054317 10.676485061645508 4145
1784394054320 8.726737976074219 4146
1784394054323 10.806391716003418 4147
1784394054325 10.858823776245117 4148
1784394054329 7.859350204467773 4149
1784394054332 9.802447319030762 4150
1784394054334 8.105551719665527 4151
1784394054337 10.693023681640625 4152
1784394054340 7.926104545593262 4153
1784394054343 8.484628677368164 4154
1784394054346 10.197591781616211 4155
1784394054349 8.577486991882324 4156
1784394054352 11.64205551147461 4157
1784394054354 8.274503707885742 4158
1784394054357 9.913060188293457 4159
1784394054360 8.029533386230469 4160
1784394054363 8.173273086547852 4161
1784394054366 10.011703491210938 4162
1784394054369 7.78125 4163
1784394054372 10.889602661132812 4164
1784394054376 11.46810245513916 4165
1784394054379 11.957538604736328 4166
1784394054383 13.587003707885742 4167
1784394054386 11.422140121459961 4168
1784394054389 9.789168357849121 4169
1784394054392 10.643468856811523 4170
1784394054395 12.402507781982422 4171
1784394054398 12.975006103515625 4172
1784394054402 10.020419120788574 4173
1784394054405 11.295051574707031 4174
1784394054408 11.763252258300781 4175
1784394054410 10.456084251403809 4176
1784394054413 12.857730865478516 4177
1784394054416 9.837450981140137 4178
1784394054419 9.471961975097656 4179
1784394054422 9.616094589233398 4180
1784394054425 9.434513092041016 4181
1784394054428 12.567161560058594 4182
1784394054430 9.051438331604004 4183
1784394054433 11.18520450592041 4184
1784394054441 14.38675308227539 4185
1784394054444 11.17533016204834 4186
1784394054446 13.11103630065918 4187
1784394054450 12.786319732666016 4188
1784394054453 11.294088363647461 4189
1784394054456 11.777708053588867 4190
1784394054458 13.302626609802246 4191
1784394054461 10.741759300231934 4192
1784394054464 12.252968788146973 4193
1784394054468 15.095357894897461 4194
1784394054471 11.788949966430664 4195
1784394054474 13.518208503723145 4196
1784394054476 12.061516761779785 4197
1784394054479 10.603357315063477 4198
1784394054482 10.170425415039062 4199
1784394054485 11.856492042541504 4200
1784394054487 10.246159553527832 4201
1784394054490 12.521745681762695 4202
1784394054493 12.183609008789062 4203
1784394054495 10.616142272949219 4204
1784394054498 11.590240478515625 4205
1784394054500 14.009431838989258 4206
1784394054503 9.665206909179688 4207
1784394054506 11.156298637390137 4208
1784394054509 9.142062187194824 4209
1784394054511 12.165806770324707 4210
1784394054514 10.489042282104492 4211
1784394054517 11.403745651245117 4212
1784394054519 9.22314453125 4213
1784394054522 11.482697486877441 4214
1784394054525 12.092414855957031 4215
1784394054527 11.291369438171387 4216
1784394054530 11.321232795715332 4217
1784394054532 13.393024444580078 4218
1784394054535 10.170021057128906 4219
1784394054538 12.774154663085938 4220
1784394054541 10.967338562011719 4221
1784394054543 12.523839950561523 4222
1784394054546 12.098183631896973 4223
1784394054549 10.6566743850708 4224
1784394054552 11.318452835083008 4225
1784394054554 12.347654342651367 4226
1784394054557 11.921148300170898 4227
1784394054560 12.216010093688965 4228
1784394054563 11.897469520568848 4229
1784394054565 9.30086898803711 4230
1784394054568 13.744327545166016 4231
1784394054571 9.723653793334961 4232
1784394054574 12.10512924194336 4233
1784394054577 10.84815788269043 4234
1784394054579 12.948604583740234 4235
1784394054581 10.307330131530762 4236
1784394054584 10.764348983764648 4237
1784394054587 11.81322193145752 4238
1784394054590 9.436262130737305 4239
1784394054592 10.966383934020996 4240
1784394054594 9.073663711547852 4241
1784394054597 9.947591781616211 4242
1784394054601 9.399471282958984 4243
1784394054604 9.633092880249023 4244
1784394054607 8.100107192993164 4245
1784394054609 10.880697250366211 4246
1784394054612 9.394752502441406 4247
1784394054615 11.617975234985352 4248
1784394054618 11.323596954345703 4249
1784394054621 8.810469627380371 4250
1784394054624 10.653937339782715 4251
1784394054626 9.171348571777344 4252
1784394054629 12.021574020385742 4253
1784394054632 10.580525398254395 4254
1784394054634 10.040759086608887 4255
1784394054637 11.912313461303711 4256
1784394054640 13.381393432617188 4257
1784394054642 11.658417701721191 4258
1784394054645 15.289460182189941 4259
1784394054648 16.76535415649414 4260
1784394054651 11.349359512329102 4261
1784394054653 12.965529441833496 4262
1784394054656 11.201623916625977 4263
1784394054658 11.07498550415039 4264
1784394054662 13.515459060668945 4265
1784394054664 14.019126892089844 4266
1784394054667 12.099323272705078 4267
1784394054670 11.517236709594727 4268
1784394054672 12.288474082946777 4269
1784394054675 9.812190055847168 4270
1784394054677 11.790617942810059 4271
1784394054680 10.54527759552002 4272
1784394054683 11.644598960876465 4273
1784394054686 12.138046264648438 4274
1784394054689 12.535608291625977 4275
1784394054691 13.411884307861328 4276
1784394054694 11.695544242858887 4277
1784394054697 11.8548002243042 4278
1784394054703 9.826810836791992 4279
1784394054707 14.5499267578125 4280
1784394054710 12.735114097595215 4281
1784394054713 11.974079132080078 4282
1784394054716 11.16889476776123 4283
1784394054719 11.612399101257324 4284
1784394054722 11.677749633789062 4285
1784394054725 13.176201820373535 4286
1784394054727 12.248552322387695 4287
1784394054730 11.415534973144531 4288
1784394054732 12.415918350219727 4289
1784394054736 10.474282264709473 4290
1784394054739 12.184806823730469 4291
1784394054742 11.304628372192383 4292
1784394054745 11.353858947753906 4293
1784394054748 12.989285469055176 4294
1784394054751 12.282571792602539 4295
1784394054754 10.398204803466797 4296
1784394054757 11.573348045349121 4297
1784394054760 11.46657657623291 4298
1784394054762 11.543102264404297 4299
1784394054765 11.671656608581543 4300
1784394054768 8.6724271774292 4301
1784394054771 11.675928115844727 4302
1784394054773 8.946950912475586 4303
1784394054776 12.249129295349121 4304
1784394054778 12.641838073730469 4305
1784394054781 12.212512016296387 4306
1784394054784 13.430455207824707 4307
1784394054786 10.334951400756836 4308
1784394054789 13.19437313079834 4309
1784394054792 12.160930633544922 4310
1784394054794 10.648520469665527 4311
1784394054797 10.77103042602539 4312
1784394054800 12.065058708190918 4313
1784394054802 12.256379127502441 4314
1784394054805 12.188904762268066 4315
1784394054807 10.634675979614258 4316
1784394054810 10.09064769744873 4317
1784394054812 9.358084678649902 4318
1784394054815 9.60905647277832 4319
1784394054817 8.850957870483398 4320
1784394054820 10.980925559997559 4321
1784394054822 8.986799240112305 4322
1784394054825 10.000503540039062 4323
1784394054827 9.002063751220703 4324
1784394054830 8.674731254577637 4325
1784394054832 8.05285930633545 4326
1784394054834 8.826765060424805 4327
1784394054837 9.947624206542969 4328
1784394054839 9.133790016174316 4329
1784394054842 11.326957702636719 4330
1784394054845 11.337019920349121 4331
1784394054847 13.388586044311523 4332
1784394054850 10.828326225280762 4333
1784394054852 12.002978324890137 4334
1784394054854 12.081653594970703 4335
1784394054857 11.748878479003906 4336
1784394054859 11.512876510620117 4337
1784394054862 11.543277740478516 4338
1784394054864 9.55500602722168 4339
1784394054867 10.411515235900879 4340
1784394054870 11.507928848266602 4341
1784394054872 9.392837524414062 4342
1784394054875 11.262606620788574 4343
1784394054877 9.94252872467041 4344
1784394054880 9.035168647766113 4345
1784394054883 10.095203399658203 4346
1784394054886 9.83554744720459 4347
1784394054889 8.969149589538574 4348
1784394054892 9.927288055419922 4349
1784394054895 9.604097366333008 4350
1784394054897 12.15816593170166 4351
1784394054900 9.109601974487305 4352
1784394054903 10.048558235168457 4353
1784394054906 9.334564208984375 4354
1784394054908 11.648524284362793 4355
1784394054912 12.874948501586914 4356
1784394054915 11.449869155883789 4357
1784394054918 13.955717086791992 4358
1784394054921 12.94997787475586 4359
1784394054924 13.558197021484375 4360
1784394054928 11.14355754852295 4361
1784394054930 11.699238777160645 4362
1784394054933 11.22684097290039 4363
1784394054937 11.749898910522461 4364
1784394054940 10.58454704284668 4365
1784394054943 11.013144493103027 4366
1784394054946 10.59596061706543 4367
1784394054949 10.751260757446289 4368
1784394054952 11.317439079284668 4369
1784394054959 12.675233840942383 4370
1784394054962 12.610608100891113 4371
1784394054965 11.69096851348877 4372
1784394054968 10.189101219177246 4373
1784394054971 11.629714012145996 4374
1784394054974 11.656204223632812 4375
1784394054977 8.334416389465332 4376
1784394054980 11.186434745788574 4377
1784394054983 10.95194149017334 4378
1784394054986 11.227978706359863 4379
1784394054989 12.342720031738281 4380
1784394054991 10.927130699157715 4381
1784394054994 13.038639068603516 4382
1784394054996 9.97359848022461 4383
1784394054999 12.299570083618164 4384
1784394055002 11.08889389038086 4385
1784394055005 11.432406425476074 4386
1784394055008 11.754798889160156 4387
1784394055011 12.775253295898438 4388
1784394055013 11.234336853027344 4389
1784394055016 10.686094284057617 4390
1784394055019 10.767473220825195 4391
1784394055021 10.406304359436035 4392
1784394055024 10.156146049499512 4393
1784394055027 11.817527770996094 4394
1784394055030 12.871711730957031 4395
1784394055033 10.63840389251709 4396
1784394055036 10.19188404083252 4397
1784394055040 10.271126747131348 4398
1784394055043 10.40219497680664 4399
1784394055045 10.225130081176758 4400
1784394055048 11.418455123901367 4401
1784394055054 9.281566619873047 4402
1784394055057 10.56626033782959 4403
1784394055061 10.389575004577637 4404
1784394055064 10.882652282714844 4405
1784394055067 11.005516052246094 4406
1784394055071 11.994091987609863 4407
1784394055074 13.554471969604492 4408
1784394055076 10.162406921386719 4409
1784394055079 10.797603607177734 4410
1784394055083 8.807784080505371 4411
1784394055086 11.592978477478027 4412
1784394055089 9.932392120361328 4413
1784394055091 9.2500581741333 4414
1784394055094 11.691020965576172 4415
1784394055097 9.708003997802734 4416
1784394055100 11.24154281616211 4417
1784394055102 10.30606460571289 4418
1784394055105 10.705469131469727 4419
1784394055108 11.027674674987793 4420
1784394055111 10.80617904663086 4421
1784394055114 8.680007934570312 4422
1784394055117 8.437893867492676 4423
1784394055121 7.843206882476807 4424
1784394055125 7.364992141723633 4425
1784394055127 8.856185913085938 4426
1784394055134 6.611644268035889 4427
1784394055137 10.556475639343262 4428
1784394055140 8.286428451538086 4429
1784394055143 10.115572929382324 4430
1784394055146 11.580337524414062 4431
1784394055149 7.524072170257568 4432
1784394055152 11.182191848754883 4433
1784394055155 9.214727401733398 4434
1784394055159 9.402073860168457 4435
1784394055161 10.748026847839355 4436
1784394055164 9.076176643371582 4437
1784394055168 12.923498153686523 4438
1784394055170 9.838913917541504 4439
1784394055173 11.33845043182373 4440
1784394055177 11.7108793258667 4441
1784394055180 11.822457313537598 4442
1784394055183 12.548943519592285 4443
1784394055186 11.47570514678955 4444
1784394055190 12.460591316223145 4445
1784394055192 14.699230194091797 4446
1784394055195 12.869928359985352 4447
1784394055198 10.66833782196045 4448
1784394055201 12.10021686553955 4449
1784394055204 10.52551555633545 4450
1784394055206 11.992948532104492 4451
1784394055209 13.748859405517578 4452
1784394055211 11.979349136352539 4453
1784394055214 10.832486152648926 4454
1784394055217 11.443359375 4455
1784394055220 10.286016464233398 4456
1784394055229 11.496503829956055 4457
1784394055233 12.536505699157715 4458
1784394055237 10.431941986083984 4459
1784394055239 10.619186401367188 4460
1784394055242 12.998111724853516 4461
1784394055253 10.224920272827148 4462
1784394055256 13.048055648803711 4463
1784394055259 15.567249298095703 4464
1784394055262 9.540715217590332 4465
1784394055265 13.844453811645508 4466
1784394055269 12.648222923278809 4467
1784394055271 9.609936714172363 4468
1784394055274 13.97309684753418 4469
1784394055277 9.297099113464355 4470
1784394055280 11.84232234954834 4471
1784394055283 10.851585388183594 4472
1784394055285 11.036649703979492 4473
1784394055288 11.005678176879883 4474
1784394055291 8.788244247436523 4475
1784394055294 14.055656433105469 4476
1784394055296 10.720807075500488 4477
1784394055299 10.760834693908691 4478
1784394055301 11.343505859375 4479
1784394055304 10.08039665222168 4480
1784394055307 14.59987735748291 4481
1784394055310 11.042447090148926 4482
1784394055313 10.23100471496582 4483
1784394055315 12.972908973693848 4484
1784394055318 10.73065185546875 4485
1784394055321 13.400581359863281 4486
1784394055324 10.17856216430664 4487
1784394055326 12.211193084716797 4488
1784394055329 12.43202018737793 4489
1784394055332 11.264991760253906 4490
1784394055334 12.747238159179688 4491
1784394055337 13.448622703552246 4492
1784394055339 10.32766056060791 4493
1784394055342 12.067474365234375 4494
1784394055344 13.938554763793945 4495
1784394055347 10.102972984313965 4496
1784394055350 14.680846214294434 4497
1784394055353 11.914838790893555 4498
1784394055355 11.136222839355469 4499
1784394055358 13.00899887084961 4500
1784394055361 10.363816261291504 4501
1784394055364 13.26535701751709 4502
1784394055366 15.856081008911133 4503
1784394055369 13.058920860290527 4504
1784394055372 12.441557884216309 4505
1784394055374 15.926794052124023 4506
1784394055377 12.515206336975098 4507
1784394055379 13.098882675170898 4508
1784394055382 15.595335960388184 4509
1784394055385 10.712940216064453 4510
1784394055387 14.132716178894043 4511
1784394055390 14.949090957641602 4512
1784394055393 11.702621459960938 4513
1784394055395 15.177450180053711 4514
1784394055398 13.584985733032227 4515
1784394055400 12.688352584838867 4516
1784394055403 15.147269248962402 4517
1784394055406 12.092241287231445 4518
1784394055409 12.654200553894043 4519
1784394055411 12.927162170410156 4520
1784394055414 15.313291549682617 4521
1784394055416 14.32142162322998 4522
1784394055419 9.406745910644531 4523
1784394055421 15.640811920166016 4524
1784394055424 12.619815826416016 4525
1784394055427 14.314347267150879 4526
1784394055429 13.838692665100098 4527
1784394055432 12.18580436706543 4528
1784394055435 13.556951522827148 4529
1784394055438 11.370591163635254 4530
1784394055440 17.42087173461914 4531
1784394055443 14.749070167541504 4532
1784394055445 10.53718090057373 4533
1784394055448 16.730953216552734 4534
1784394055450 14.305054664611816 4535
1784394055453 11.023782730102539 4536
1784394055456 15.353073120117188 4537
1784394055458 13.259744644165039 4538
1784394055461 12.369721412658691 4539
1784394055464 14.694315910339355 4540
1784394055467 13.277228355407715 4541
1784394055470 14.668468475341797 4542
1784394055472 13.72614860534668 4543
1784394055475 13.213069915771484 4544
1784394055477 11.814085006713867 4545
1784394055480 10.630379676818848 4546
1784394055482 12.872825622558594 4547
1784394055485 9.071430206298828 4548
1784394055487 13.06933879852295 4549
1784394055490 11.057212829589844 4550
1784394055493 12.41511058807373 4551
1784394055495 10.346879959106445 4552
1784394055498 13.446194648742676 4553
1784394055501 11.70726490020752 4554
1784394055503 12.37325382232666 4555
1784394055506 14.097002983093262 4556
1784394055509 10.800361633300781 4557
1784394055512 12.518279075622559 4558
1784394055514 11.127463340759277 4559
1784394055517 8.330965995788574 4560
1784394055519 10.219359397888184 4561
1784394055522 8.719073295593262 4562
1784394055525 11.718360900878906 4563
1784394055527 9.400612831115723 4564
1784394055538 10.837488174438477 4565
1784394055542 9.646169662475586 4566
1784394055545 11.720359802246094 4567
1784394055547 9.210472106933594 4568
1784394055549 11.731082916259766 4569
1784394055553 10.46950626373291 4570
1784394055556 12.446516036987305 4571
1784394055560 13.854692459106445 4572
1784394055562 11.123296737670898 4573
1784394055566 13.303411483764648 4574
1784394055570 13.033624649047852 4575
1784394055574 11.064691543579102 4576
1784394055576 12.424537658691406 4577
1784394055579 13.8341703414917 4578
1784394055582 12.88498306274414 4579
1784394055585 11.73232650756836 4580
1784394055588 14.567008018493652 4581
1784394055591 11.105107307434082 4582
1784394055594 14.883633613586426 4583
1784394055597 11.201119422912598 4584
1784394055600 11.13783073425293 4585
1784394055603 14.236690521240234 4586
1784394055606 9.07837200164795 4587
1784394055609 15.57289981842041 4588
1784394055612 11.410300254821777 4589
1784394055615 10.854339599609375 4590
1784394055617 13.31201457977295 4591
1784394055621 10.02808666229248 4592
1784394055624 15.572303771972656 4593
1784394055627 16.716571807861328 4594
1784394055629 11.963364601135254 4595
1784394055632 14.571479797363281 4596
1784394055636 14.38481330871582 4597
1784394055639 12.735879898071289 4598
1784394055642 16.139671325683594 4599
1784394055646 10.739646911621094 4600
1784394055649 13.90432357788086 4601
1784394055652 13.402146339416504 4602
1784394055656 13.427727699279785 4603
1784394055659 12.727505683898926 4604
1784394055663 11.112654685974121 4605
1784394055666 12.115374565124512 4606
1784394055669 11.938302040100098 4607
1784394055671 13.240705490112305 4608
1784394055675 10.709877014160156 4609
1784394055678 10.449077606201172 4610
1784394055681 10.264493942260742 4611
1784394055683 10.244640350341797 4612
1784394055686 9.591265678405762 4613
1784394055689 10.553522109985352 4614
1784394055692 10.064908027648926 4615
1784394055695 10.884176254272461 4616
1784394055697 12.128666877746582 4617
1784394055700 11.154494285583496 4618
1784394055702 14.391292572021484 4619
1784394055705 9.483638763427734 4620
1784394055708 12.468425750732422 4621
1784394055712 12.099787712097168 4622
1784394055715 11.566402435302734 4623
1784394055718 13.43140697479248 4624
1784394055721 13.339591979980469 4625
1784394055724 15.670753479003906 4626
1784394055727 12.5462007522583 4627
1784394055729 12.869123458862305 4628
1784394055731 11.824297904968262 4629
1784394055734 12.678312301635742 4630
1784394055737 11.192397117614746 4631
1784394055740 12.538537979125977 4632
1784394055743 8.328879356384277 4633
1784394055746 11.098051071166992 4634
1784394055748 8.764716148376465 4635
1784394055752 11.638978958129883 4636
1784394055755 12.46119499206543 4637
1784394055758 9.728676795959473 4638
1784394055760 13.807018280029297 4639
1784394055763 9.454243659973145 4640
1784394055766 12.55651569366455 4641
1784394055768 11.884233474731445 4642
1784394055772 10.367107391357422 4643
1784394055775 13.24614143371582 4644
1784394055779 12.650494575500488 4645
1784394055782 10.594430923461914 4646
1784394055784 12.40585708618164 4647
1784394055787 9.925761222839355 4648
1784394055791 12.62948226928711 4649
1784394055795 12.002596855163574 4650
1784394055798 11.011007308959961 4651
1784394055801 14.178077697753906 4652
1784394055804 9.365803718566895 4653
1784394055806 11.921049118041992 4654
1784394055809 8.798151969909668 4655
1784394055813 10.890288352966309 4656
1784394055817 9.695765495300293 4657
1784394055820 9.819250106811523 4658
1784394055824 10.604435920715332 4659
1784394055827 10.312931060791016 4660
1784394055831 11.403359413146973 4661
1784394055834 11.306543350219727 4662
1784394055836 11.506046295166016 4663
1784394055840 10.625015258789062 4664
1784394055842 10.463639259338379 4665
1784394055845 10.579275131225586 4666
1784394055848 14.088112831115723 4667
1784394055851 10.766849517822266 4668
1784394055854 13.780783653259277 4669
1784394055858 13.28732681274414 4670
1784394055861 12.320160865783691 4671
1784394055864 12.430474281311035 4672
1784394055868 11.51699447631836 4673
1784394055870 11.613072395324707 4674
1784394055874 11.226489067077637 4675
1784394055877 10.431329727172852 4676
1784394055880 13.882755279541016 4677
1784394055883 11.568416595458984 4678
1784394055887 12.237060546875 4679
1784394055890 14.400169372558594 4680
1784394055893 10.23025894165039 4681
1784394055896 13.114352226257324 4682
1784394055899 11.641802787780762 4683
1784394055901 13.051387786865234 4684
1784394055904 11.648722648620605 4685
1784394055907 12.639091491699219 4686
1784394055910 11.959502220153809 4687
1784394055913 16.863847732543945 4688
1784394055916 14.61075496673584 4689
1784394055919 12.197366714477539 4690
1784394055922 15.483708381652832 4691
1784394055924 14.429262161254883 4692
1784394055928 13.424854278564453 4693
1784394055931 13.832581520080566 4694
1784394055934 14.471601486206055 4695
1784394055937 12.824728012084961 4696
1784394055940 11.347865104675293 4697
1784394055942 14.977877616882324 4698
1784394055945 13.096537590026855 4699
1784394055948 11.8225679397583 4700
1784394055951 15.20797348022461 4701
1784394055953 12.606534957885742 4702
1784394055956 11.23160457611084 4703
1784394055960 13.475510597229004 4704
1784394055963 11.619504928588867 4705
1784394055966 13.270966529846191 4706
1784394055970 13.274418830871582 4707
1784394055973 8.86164665222168 4708
1784394055976 11.914142608642578 4709
1784394055979 10.123335838317871 4710
1784394055982 10.91401481628418 4711
1784394055985 13.426403999328613 4712
1784394055988 9.759197235107422 4713
1784394055990 11.515734672546387 4714
1784394055993 10.572670936584473 4715
1784394055997 10.026025772094727 4716
1784394055999 10.94344711303711 4717
1784394056002 11.098219871520996 4718
1784394056005 8.370217323303223 4719
1784394056008 10.64583969116211 4720
1784394056011 8.873161315917969 4721
1784394056014 9.377612113952637 4722
1784394056016 10.291543960571289 4723
1784394056019 9.955892562866211 4724
1784394056022 10.07331657409668 4725
1784394056024 11.608068466186523 4726
1784394056029 10.628419876098633 4727
1784394056032 13.302547454833984 4728
1784394056034 10.426806449890137 4729
1784394056038 12.968522071838379 4730
1784394056044 12.874123573303223 4731
1784394056048 10.411768913269043 4732
1784394056051 10.673788070678711 4733
1784394056054 11.296920776367188 4734
1784394056057 10.420843124389648 4735
1784394056062 10.07215690612793 4736
1784394056065 12.960776329040527 4737
1784394056069 9.218864440917969 4738
1784394056073 12.357423782348633 4739
1784394056077 10.964874267578125 4740
1784394056080 10.4207181930542 4741
1784394056083 10.179187774658203 4742
1784394056087 8.473989486694336 4743
1784394056092 9.46341323852539 4744
1784394056095 9.379650115966797 4745
1784394056099 8.141940116882324 4746
1784394056103 8.859461784362793 4747
1784394056106 9.458028793334961 4748
1784394056109 9.315442085266113 4749
1784394056113 9.211451530456543 4750
1784394056117 9.415520668029785 4751
1784394056120 9.47489070892334 4752
1784394056124 12.620211601257324 4753
1784394056128 13.239307403564453 4754
1784394056132 11.376754760742188 4755
1784394056137 12.801446914672852 4756
1784394056140 11.418475151062012 4757
1784394056145 14.445856094360352 4758
1784394056149 8.748895645141602 4759
1784394056153 11.40250301361084 4760
1784394056157 8.617897033691406 4761
1784394056160 12.635843276977539 4762
1784394056164 10.800283432006836 4763
1784394056169 11.783105850219727 4764
1784394056172 12.010828971862793 4765
1784394056176 13.909451484680176 4766
1784394056180 10.337085723876953 4767
1784394056184 12.310638427734375 4768
1784394056188 15.237286567687988 4769
1784394056191 13.554888725280762 4770
1784394056194 14.470484733581543 4771
1784394056198 15.609733581542969 4772
1784394056203 12.813287734985352 4773
1784394056206 15.024060249328613 4774
1784394056210 14.770183563232422 4775
1784394056213 16.158201217651367 4776
1784394056217 16.2579288482666 4777
1784394056220 17.70723533630371 4778
1784394056223 18.060014724731445 4779
1784394056227 14.665852546691895 4780
1784394056229 15.029328346252441 4781
1784394056233 16.318227767944336 4782
1784394056237 10.473154067993164 4783
1784394056241 13.833194732666016 4784
1784394056244 14.601011276245117 4785
1784394056248 10.653979301452637 4786
1784394056251 12.344718933105469 4787
1784394056255 13.420936584472656 4788
1784394056259 11.905275344848633 4789
1784394056263 12.180347442626953 4790
1784394056267 11.897375106811523 4791
1784394056270 13.914377212524414 4792
1784394056273 10.714807510375977 4793
1784394056278 10.980644226074219 4794
1784394056282 13.616342544555664 4795
1784394056286 10.705745697021484 4796
1784394056290 11.379435539245605 4797
1784394056292 10.110941886901855 4798
1784394056295 12.243846893310547 4799
1784394056298 13.021309852600098 4800
1784394056301 12.045015335083008 4801
1784394056304 9.885282516479492 4802
1784394056307 10.498262405395508 4803
1784394056310 9.99461841583252 4804
1784394056316 8.532838821411133 4805
1784394056319 9.80099105834961 4806
1784394056323 8.614038467407227 4807
1784394056327 10.223045349121094 4808
1784394056331 11.76059341430664 4809
1784394056334 9.219977378845215 4810
1784394056338 10.471038818359375 4811
1784394056341 10.198675155639648 4812
1784394056343 8.602287292480469 4813
1784394056346 11.06523609161377 4814
1784394056348 7.206271648406982 4815
1784394056351 11.334153175354004 4816
1784394056354 9.184200286865234 4817
1784394056358 12.331594467163086 4818
1784394056361 13.453409194946289 4819
1784394056365 10.220396995544434 4820
1784394056368 15.088184356689453 4821
1784394056371 12.465011596679688 4822
1784394056375 16.568689346313477 4823
1784394056377 14.292325019836426 4824
1784394056379 12.379629135131836 4825
1784394056382 15.190485000610352 4826
1784394056386 13.393120765686035 4827
1784394056389 11.125144958496094 4828
1784394056392 12.346785545349121 4829
1784394056394 9.888643264770508 4830
1784394056397 13.621646881103516 4831
1784394056400 10.85448932647705 4832
1784394056403 11.183809280395508 4833
1784394056405 11.361039161682129 4834
1784394056408 11.687488555908203 4835
1784394056410 10.855188369750977 4836
1784394056413 14.269610404968262 4837
1784394056416 11.591644287109375 4838
1784394056418 12.02800464630127 4839
1784394056421 11.356193542480469 4840
1784394056423 11.910780906677246 4841
1784394056426 11.263945579528809 4842
1784394056428 11.086633682250977 4843
1784394056431 8.564538955688477 4844
1784394056434 12.931082725524902 4845
1784394056437 10.6903076171875 4846
1784394056440 11.956541061401367 4847
1784394056442 11.946491241455078 4848
1784394056445 10.693289756774902 4849
1784394056447 12.19921875 4850
1784394056450 12.741369247436523 4851
1784394056453 11.373786926269531 4852
1784394056455 11.694242477416992 4853
1784394056457 10.577896118164062 4854
1784394056460 12.127537727355957 4855
1784394056463 10.691814422607422 4856
1784394056465 9.608992576599121 4857
1784394056468 12.145771980285645 4858
1784394056471 9.219160079956055 4859
1784394056473 10.54908561706543 4860
1784394056476 9.358685493469238 4861
1784394056479 14.035950660705566 4862
1784394056482 12.961421012878418 4863
1784394056485 12.454170227050781 4864
1784394056488 15.420014381408691 4865
1784394056491 10.044926643371582 4866
1784394056493 16.36570930480957 4867
1784394056496 11.299053192138672 4868
1784394056499 11.941107749938965 4869
1784394056501 12.125612258911133 4870
1784394056504 11.585647583007812 4871
1784394056507 11.971843719482422 4872
1784394056510 14.882391929626465 4873
1784394056512 11.273050308227539 4874
1784394056515 12.282635688781738 4875
1784394056518 12.660412788391113 4876
1784394056521 12.334246635437012 4877
1784394056523 13.84400463104248 4878
1784394056526 15.448310852050781 4879
1784394056529 11.965354919433594 4880
1784394056531 13.76794719696045 4881
1784394056534 12.398423194885254 4882
1784394056537 13.886764526367188 4883
1784394056540 12.933673858642578 4884
1784394056542 12.25076675415039 4885
1784394056545 11.756057739257812 4886
1784394056548 11.460386276245117 4887
1784394056551 13.146469116210938 4888
1784394056553 11.399642944335938 4889
1784394056556 11.102396965026855 4890
1784394056559 12.615158081054688 4891
1784394056561 10.526103019714355 4892
1784394056564 12.249019622802734 4893
1784394056567 10.931184768676758 4894
1784394056569 11.353759765625 4895
1784394056572 11.988801956176758 4896
1784394056574 11.675037384033203 4897
1784394056577 12.113622665405273 4898
1784394056580 10.316632270812988 4899
1784394056583 10.348489761352539 4900
1784394056586 9.882615089416504 4901
1784394056589 11.613261222839355 4902
1784394056591 9.379745483398438 4903
1784394056594 13.156335830688477 4904
1784394056597 10.012687683105469 4905
1784394056600 11.9793119430542 4906
1784394056603 11.959810256958008 4907
1784394056605 9.60845947265625 4908
1784394056607 12.832086563110352 4909
1784394056610 11.604984283447266 4910
1784394056612 13.651987075805664 4911
1784394056615 12.880949020385742 4912
1784394056618 12.358677864074707 4913
1784394056622 14.666858673095703 4914
1784394056624 16.87853240966797 4915
1784394056626 13.422650337219238 4916
1784394056629 13.97634220123291 4917
1784394056632 11.770500183105469 4918
1784394056635 11.453042984008789 4919
1784394056638 11.281469345092773 4920
1784394056641 10.507340431213379 4921
1784394056643 11.654887199401855 4922
1784394056646 8.595064163208008 4923
1784394056649 10.26382064819336 4924
1784394056652 10.318510055541992 4925
1784394056655 10.950296401977539 4926
1784394056657 9.412668228149414 4927
1784394056660 10.071149826049805 4928
1784394056664 8.105506896972656 4929
1784394056667 9.779219627380371 4930
1784394056670 7.656885623931885 4931
1784394056673 11.299074172973633 4932
1784394056676 10.177148818969727 4933
1784394056680 8.360594749450684 4934
1784394056683 9.458672523498535 4935
1784394056686 7.810944080352783 4936
1784394056690 12.506536483764648 4937
1784394056692 9.95152473449707 4938
1784394056695 10.350796699523926 4939
1784394056697 10.3472318649292 4940
1784394056700 9.79039192199707 4941
1784394056703 9.347180366516113 4942
1784394056706 9.129021644592285 4943
1784394056709 11.202314376831055 4944
1784394056711 11.578656196594238 4945
1784394056714 11.836722373962402 4946
1784394056718 12.601901054382324 4947
1784394056720 12.25434398651123 4948
1784394056722 11.057954788208008 4949
1784394056725 10.545930862426758 4950
1784394056729 10.49179458618164 4951
1784394056731 9.307892799377441 4952
1784394056734 12.859441757202148 4953
1784394056737 8.944210052490234 4954
1784394056740 10.741530418395996 4955
1784394056742 10.956369400024414 4956
1784394056746 9.94163703918457 4957
1784394056749 8.767521858215332 4958
1784394056752 8.160863876342773 4959
1784394056756 8.140485763549805 4960
1784394056759 10.37132453918457 4961
1784394056762 9.163307189941406 4962
1784394056765 9.944988250732422 4963
1784394056768 9.64954948425293 4964
1784394056771 9.890944480895996 4965
1784394056774 10.17077350616455 4966
1784394056776 8.523946762084961 4967
1784394056779 9.968241691589355 4968
1784394056783 10.442533493041992 4969
1784394056786 9.18736457824707 4970
1784394056789 11.417340278625488 4971
1784394056791 9.633194923400879 4972
1784394056794 12.265621185302734 4973
1784394056797 12.121072769165039 4974
1784394056800 9.542906761169434 4975
1784394056802 12.355029106140137 4976
1784394056805 10.532115936279297 4977
1784394056807 13.168169021606445 4978
1784394056810 10.197389602661133 4979
1784394056813 12.481361389160156 4980
1784394056816 13.834330558776855 4981
1784394056818 8.700324058532715 4982
1784394056821 10.399641990661621 4983
1784394056823 9.342620849609375 4984
1784394056826 11.891057968139648 4985
1784394056828 10.988341331481934 4986
1784394056831 11.324137687683105 4987
1784394056833 9.83167839050293 4988
1784394056836 8.553893089294434 4989
1784394056838 10.18667221069336 4990
1784394056841 8.357240676879883 4991
1784394056843 11.185587882995605 4992
1784394056846 9.850659370422363 4993
1784394056848 9.558500289916992 4994
1784394056851 10.360112190246582 4995
1784394056854 9.400989532470703 4996
1784394056857 9.630376815795898 4997
1784394056861 9.637625694274902 4998
1784394056864 9.663679122924805 4999
1784394056867 9.7076997756958 5000
1784394056870 9.063552856445312 5001
1784394056872 9.5709810256958 5002
1784394056875 10.157634735107422 5003
1784394056878 7.941028594970703 5004
1784394056881 10.137632369995117 5005
1784394056884 8.894287109375 5006
1784394056886 10.134018898010254 5007
1784394056889 10.011736869812012 5008
1784394056891 7.830000400543213 5009
1784394056894 11.754486083984375 5010
1784394056897 8.256166458129883 5011
1784394056900 10.997125625610352 5012
1784394056902 10.131190299987793 5013
1784394056905 7.400387763977051 5014
1784394056907 11.542875289916992 5015
1784394056910 10.554189682006836 5016
1784394056913 12.777507781982422 5017
1784394056915 11.065075874328613 5018
1784394056919 10.140604972839355 5019
1784394056922 13.012096405029297 5020
1784394056924 12.51172924041748 5021
1784394056927 12.614151000976562 5022
1784394056930 9.65916633605957 5023
1784394056932 10.918245315551758 5024
1784394056934 14.438972473144531 5025
1784394056937 8.788265228271484 5026
1784394056940 13.307740211486816 5027
1784394056943 13.427881240844727 5028
1784394056946 12.180990219116211 5029
1784394056948 12.54183292388916 5030
1784394056951 11.800190925598145 5031
1784394056953 12.04134750366211 5032
1784394056956 13.39006519317627 5033
1784394056959 12.338333129882812 5034
1784394056961 11.118193626403809 5035
1784394056964 12.363121032714844 5036
1784394056966 11.236455917358398 5037
1784394056969 10.746487617492676 5038
1784394056971 12.99290657043457 5039
1784394056974 13.74065113067627 5040
1784394056976 10.920514106750488 5041
1784394056979 9.935722351074219 5042
1784394056982 13.89558219909668 5043
1784394056985 11.425735473632812 5044
1784394056988 10.25454044342041 5045
1784394056990 12.957504272460938 5046
1784394056992 10.348749160766602 5047
1784394056995 10.208258628845215 5048
1784394056998 10.977691650390625 5049
1784394057001 9.424480438232422 5050
1784394057003 12.731704711914062 5051
1784394057006 8.378167152404785 5052
1784394057008 12.069656372070312 5053
1784394057011 10.134947776794434 5054
1784394057014 9.16927719116211 5055
1784394057016 8.93211555480957 5056
1784394057019 10.35681438446045 5057
1784394057022 10.429693222045898 5058
1784394057024 10.85826301574707 5059
1784394057027 10.660380363464355 5060
1784394057030 11.011751174926758 5061
1784394057033 10.788595199584961 5062
1784394057035 11.806233406066895 5063
1784394057038 12.423492431640625 5064
1784394057041 12.295195579528809 5065
1784394057043 10.972673416137695 5066
1784394057046 13.825665473937988 5067
1784394057049 11.038250923156738 5068
1784394057051 11.30996036529541 5069
1784394057055 11.234819412231445 5070
1784394057058 10.031618118286133 5071
1784394057062 8.803771018981934 5072
1784394057065 8.92022705078125 5073
1784394057067 9.969890594482422 5074
1784394057070 9.36695671081543 5075
1784394057073 9.249651908874512 5076
1784394057076 10.420900344848633 5077
1784394057078 9.968338012695312 5078
1784394057081 7.748996734619141 5079
1784394057084 8.529382705688477 5080
1784394057086 9.601191520690918 5081
1784394057089 9.872001647949219 5082
1784394057091 9.477583885192871 5083
1784394057095 8.873927116394043 5084
1784394057097 10.592665672302246 5085
1784394057100 10.633674621582031 5086
1784394057102 11.070012092590332 5087
1784394057105 10.109222412109375 5088
1784394057108 10.275561332702637 5089
1784394057110 10.612360954284668 5090
1784394057113 10.746728897094727 5091
1784394057115 11.923537254333496 5092
1784394057118 11.044408798217773 5093
1784394057121 11.650737762451172 5094
1784394057129 10.327462196350098 5095
1784394057133 11.678509712219238 5096
1784394057138 10.836559295654297 5097
1784394057141 8.586798667907715 5098
1784394057145 8.166339874267578 5099
1784394057149 8.3390474319458 5100
1784394057152 9.179924964904785 5101
1784394057156 10.2354736328125 5102
1784394057159 9.495243072509766 5103
1784394057163 10.517533302307129 5104
1784394057166 9.433308601379395 5105
1784394057170 10.233262062072754 5106
1784394057173 10.734355926513672 5107
1784394057177 11.455928802490234 5108
1784394057181 8.4829683303833 5109
1784394057185 9.472138404846191 5110
1784394057188 8.880561828613281 5111
1784394057192 10.56545639038086 5112
1784394057196 8.212859153747559 5113
1784394057199 11.141088485717773 5114
1784394057203 9.494129180908203 5115
1784394057207 11.11249828338623 5116
1784394057211 9.954365730285645 5117
1784394057215 9.609295845031738 5118
1784394057218 11.395577430725098 5119
1784394057222 10.226520538330078 5120
1784394057227 11.285195350646973 5121
1784394057230 11.827604293823242 5122
1784394057232 11.954716682434082 5123
1784394057235 13.089385032653809 5124
1784394057238 10.548924446105957 5125
1784394057242 11.805087089538574 5126
1784394057246 13.66649341583252 5127
1784394057250 12.269196510314941 5128
1784394057255 11.535662651062012 5129
1784394057257 11.687982559204102 5130
1784394057260 13.047161102294922 5131
1784394057265 9.710182189941406 5132
1784394057270 13.303837776184082 5133
1784394057274 12.966299057006836 5134
1784394057278 13.04419231414795 5135
1784394057282 11.96116828918457 5136
1784394057286 14.046577453613281 5137
1784394057290 14.042221069335938 5138
1784394057294 11.184422492980957 5139
1784394057298 16.706466674804688 5140
1784394057301 12.4732666015625 5141
1784394057305 12.740224838256836 5142
1784394057308 14.972638130187988 5143
1784394057312 12.068355560302734 5144
1784394057315 12.517633438110352 5145
1784394057318 13.531974792480469 5146
1784394057321 13.031888008117676 5147
1784394057324 12.845589637756348 5148
1784394057328 14.863370895385742 5149
1784394057333 12.064945220947266 5150
1784394057338 10.787679672241211 5151
1784394057341 13.938922882080078 5152
1784394057344 9.894641876220703 5153
1784394057347 12.865294456481934 5154
1784394057351 13.0225248336792 5155
1784394057355 12.208785057067871 5156
1784394057358 14.227008819580078 5157
1784394057362 10.233509063720703 5158
1784394057365 10.412896156311035 5159
1784394057367 11.608437538146973 5160
1784394057370 10.04587173461914 5161
1784394057374 12.043238639831543 5162
1784394057377 10.27199649810791 5163
1784394057381 11.337182998657227 5164
1784394057386 11.308416366577148 5165
1784394057389 10.643195152282715 5166
1784394057393 11.611433029174805 5167
1784394057397 10.50625991821289 5168
1784394057401 10.773797988891602 5169
1784394057404 14.268177032470703 5170
1784394057407 9.214924812316895 5171
1784394057410 15.61312198638916 5172
1784394057414 14.977307319641113 5173
1784394057418 12.55898380279541 5174
1784394057421 11.956493377685547 5175
1784394057425 12.53612232208252 5176
1784394057429 10.97458267211914 5177
1784394057432 12.229486465454102 5178
1784394057436 12.913627624511719 5179
1784394057439 12.420358657836914 5180
1784394057443 12.044217109680176 5181
1784394057447 12.480304718017578 5182
1784394057449 12.473852157592773 5183
1784394057453 13.245536804199219 5184
1784394057456 15.166601181030273 5185
1784394057459 13.98552131652832 5186
1784394057462 15.503968238830566 5187
1784394057465 15.900936126708984 5188
1784394057467 13.18892765045166 5189
1784394057470 13.929651260375977 5190
1784394057473 15.924734115600586 5191
1784394057476 11.24167537689209 5192
1784394057479 14.463947296142578 5193
1784394057481 17.283084869384766 5194
1784394057485 11.798720359802246 5195
1784394057488 14.625251770019531 5196
1784394057491 16.19255256652832 5197
1784394057494 10.846607208251953 5198
1784394057496 14.416631698608398 5199
1784394057499 14.915797233581543 5200
1784394057501 13.31381893157959 5201
1784394057504 17.759586334228516 5202
1784394057507 14.771923065185547 5203
1784394057510 14.425824165344238 5204
1784394057513 14.119653701782227 5205
1784394057516 13.334842681884766 5206
1784394057519 11.565652847290039 5207
1784394057521 12.28993034362793 5208
1784394057523 11.7804594039917 5209
1784394057526 11.103903770446777 5210
1784394057529 12.193912506103516 5211
1784394057532 9.72818374633789 5212
1784394057534 12.294958114624023 5213
1784394057536 11.140233039855957 5214
1784394057538 10.390244483947754 5215
1784394057541 11.832849502563477 5216
1784394057543 11.173065185546875 5217
1784394057546 9.854774475097656 5218
1784394057548 8.444204330444336 5219
1784394057551 12.134927749633789 5220
1784394057553 11.490765571594238 5221
1784394057556 12.61202621459961 5222
1784394057558 10.687882423400879 5223
1784394057561 14.208658218383789 5224
1784394057564 11.681690216064453 5225
1784394057566 14.336552619934082 5226
1784394057569 12.689192771911621 5227
1784394057571 12.878539085388184 5228
1784394057574 11.888541221618652 5229
1784394057577 11.229281425476074 5230
1784394057580 11.899245262145996 5231
1784394057582 9.490214347839355 5232
1784394057585 11.261545181274414 5233
1784394057588 11.405122756958008 5234
1784394057590 10.144580841064453 5235
1784394057593 10.643585205078125 5236
1784394057596 8.887686729431152 5237
1784394057598 10.481550216674805 5238
1784394057601 11.24010181427002 5239
1784394057605 10.240571975708008 5240
1784394057607 12.402155876159668 5241
1784394057610 8.573100090026855 5242
1784394057613 11.508318901062012 5243
1784394057615 11.566694259643555 5244
1784394057618 11.638226509094238 5245
1784394057620 11.768953323364258 5246
1784394057623 10.864577293395996 5247
1784394057626 12.183490753173828 5248
1784394057629 12.777412414550781 5249
1784394057632 10.09804916381836 5250
1784394057634 12.111717224121094 5251
1784394057640 12.34644889831543 5252
1784394057644 11.12962532043457 5253
1784394057647 14.916353225708008 5254
1784394057650 13.486967086791992 5255
1784394057653 12.592549324035645 5256
1784394057656 12.423648834228516 5257
1784394057658 11.816380500793457 5258
1784394057661 13.497983932495117 5259
1784394057664 10.331663131713867 5260
1784394057667 14.923879623413086 5261
1784394057670 10.950247764587402 5262
1784394057673 9.895845413208008 5263
1784394057675 12.841205596923828 5264
1784394057678 10.076417922973633 5265
1784394057681 10.858527183532715 5266
1784394057683 11.199686050415039 5267
1784394057686 10.746907234191895 5268
1784394057689 11.280216217041016 5269
1784394057691 15.434554100036621 5270
1784394057694 10.394957542419434 5271
1784394057697 13.988348960876465 5272
1784394057699 13.78862190246582 5273
1784394057702 12.4127197265625 5274
1784394057704 12.168543815612793 5275
1784394057707 15.538880348205566 5276
1784394057709 12.968735694885254 5277
1784394057718 12.250246047973633 5278
1784394057720 14.622532844543457 5279
1784394057723 11.921283721923828 5280
1784394057726 10.841815948486328 5281
1784394057729 15.654451370239258 5282
1784394057732 11.456287384033203 5283
1784394057734 13.43729019165039 5284
1784394057737 13.40433120727539 5285
1784394057740 11.902342796325684 5286
1784394057742 11.850292205810547 5287
1784394057745 12.765047073364258 5288
1784394057747 11.279008865356445 5289
1784394057750 11.595609664916992 5290
1784394057753 15.13605785369873 5291
1784394057756 10.255525588989258 5292
1784394057758 16.605043411254883 5293
1784394057761 13.893648147583008 5294
1784394057764 12.014860153198242 5295
1784394057766 14.025924682617188 5296
1784394057769 13.803590774536133 5297
1784394057771 13.605996131896973 5298
1784394057774 13.29163932800293 5299
1784394057777 16.09803581237793 5300
1784394057779 14.135379791259766 5301
1784394057782 11.0714750289917 5302
1784394057785 11.379090309143066 5303
1784394057787 11.248832702636719 5304
1784394057790 10.216476440429688 5305
1784394057793 9.339790344238281 5306
1784394057795 10.276225090026855 5307
1784394057799 8.710817337036133 5308
1784394057803 11.114571571350098 5309
1784394057806 9.718602180480957 5310
1784394057808 9.75835132598877 5311
1784394057811 12.471677780151367 5312
1784394057813 12.298534393310547 5313
1784394057817 12.869729995727539 5314
1784394057819 13.331258773803711 5315
1784394057822 14.317302703857422 5316
1784394057825 15.224048614501953 5317
1784394057827 12.975801467895508 5318
1784394057830 11.752091407775879 5319
1784394057832 14.529214859008789 5320
1784394057835 10.942564010620117 5321
1784394057838 15.000899314880371 5322
1784394057841 10.857396125793457 5323
1784394057844 13.72819995880127 5324
1784394057846 10.298169136047363 5325
1784394057849 13.574031829833984 5326
1784394057852 11.045900344848633 5327
1784394057854 13.201089859008789 5328
1784394057857 12.817049026489258 5329
1784394057860 10.332097053527832 5330
1784394057863 11.5386962890625 5331
1784394057865 11.061942100524902 5332
1784394057868 12.25611400604248 5333
1784394057871 10.923257827758789 5334
1784394057873 11.774214744567871 5335
1784394057876 12.398731231689453 5336
1784394057879 10.299466133117676 5337
1784394057884 15.672385215759277 5338
1784394057888 10.671070098876953 5339
1784394057891 11.644027709960938 5340
1784394057894 14.326793670654297 5341
1784394057897 14.241350173950195 5342
1784394057901 13.285552978515625 5343
1784394057903 11.164369583129883 5344
1784394057906 12.843465805053711 5345
1784394057908 11.244880676269531 5346
1784394057911 11.882761001586914 5347
1784394057914 12.465152740478516 5348
1784394057917 12.153993606567383 5349
1784394057920 10.623613357543945 5350
1784394057922 11.844427108764648 5351
1784394057925 10.244590759277344 5352
1784394057928 10.42413330078125 5353
1784394057930 11.954025268554688 5354
1784394057933 10.559812545776367 5355
1784394057935 11.846534729003906 5356
1784394057938 13.449531555175781 5357
1784394057941 9.36165714263916 5358
1784394057944 12.60798168182373 5359
1784394057946 10.66807746887207 5360
1784394057949 11.513802528381348 5361
1784394057952 11.267690658569336 5362
1784394057955 11.03091049194336 5363
1784394057957 10.752605438232422 5364
1784394057960 11.254135131835938 5365
1784394057963 10.331831932067871 5366
1784394057966 13.29047966003418 5367
1784394057968 13.781434059143066 5368
1784394057971 9.135875701904297 5369
1784394057974 12.085670471191406 5370
1784394057976 9.822789192199707 5371
1784394057979 11.9785737991333 5372
1784394057981 10.987005233764648 5373
1784394057985 9.488494873046875 5374
1784394057987 10.82828426361084 5375
1784394057990 11.99880313873291 5376
1784394057993 10.658507347106934 5377
1784394057995 12.239660263061523 5378
1784394057998 9.462223052978516 5379
1784394058001 11.089461326599121 5380
1784394058004 12.385414123535156 5381
1784394058006 9.391674041748047 5382
1784394058009 12.185362815856934 5383
1784394058012 9.857028007507324 5384
1784394058014 11.867368698120117 5385
1784394058017 10.7987642288208 5386
1784394058021 10.180794715881348 5387
1784394058023 10.091302871704102 5388
1784394058026 11.327247619628906 5389
1784394058029 11.894533157348633 5390
1784394058032 8.350981712341309 5391
1784394058034 10.415070533752441 5392
1784394058037 9.999629020690918 5393
1784394058039 9.63846206665039 5394
1784394058042 10.814122200012207 5395
1784394058045 11.68136978149414 5396
1784394058047 8.386796951293945 5397
1784394058050 10.946516990661621 5398
1784394058052 7.80040168762207 5399
1784394058055 9.72701644897461 5400
1784394058058 9.815147399902344 5401
1784394058060 11.215129852294922 5402
1784394058063 8.787849426269531 5403
1784394058065 13.289497375488281 5404
1784394058069 9.987894058227539 5405
1784394058072 10.865549087524414 5406
1784394058075 12.540875434875488 5407
1784394058077 8.446773529052734 5408
1784394058080 14.18814468383789 5409
1784394058083 11.481133460998535 5410
1784394058086 13.678681373596191 5411
1784394058088 12.631986618041992 5412
1784394058091 12.985811233520508 5413
1784394058094 14.154417991638184 5414
1784394058097 13.302579879760742 5415
1784394058100 11.723020553588867 5416
1784394058103 10.050407409667969 5417
1784394058105 13.1211519241333 5418
1784394058109 10.031126022338867 5419
1784394058113 11.50815486907959 5420
1784394058115 12.683353424072266 5421
1784394058118 10.477618217468262 5422
1784394058120 10.551034927368164 5423
1784394058123 12.990440368652344 5424
1784394058125 10.565326690673828 5425
1784394058128 12.018354415893555 5426
1784394058131 11.000768661499023 5427
1784394058134 10.822774887084961 5428
1784394058136 11.24012279510498 5429
1784394058139 9.903840065002441 5430
1784394058142 11.69155502319336 5431
1784394058147 11.24775505065918 5432
1784394058151 9.257713317871094 5433
1784394058154 12.825970649719238 5434
1784394058157 12.603625297546387 5435
1784394058160 14.543363571166992 5436
1784394058163 12.125083923339844 5437
1784394058166 12.95653247833252 5438
1784394058168 13.794453620910645 5439
1784394058170 12.500386238098145 5440
1784394058173 15.754619598388672 5441
1784394058176 9.62236499786377 5442
1784394058179 14.578737258911133 5443
1784394058181 12.109940528869629 5444
1784394058184 10.502038955688477 5445
1784394058186 14.754371643066406 5446
1784394058189 11.224621772766113 5447
1784394058192 11.424640655517578 5448
1784394058194 10.229584693908691 5449
1784394058197 10.80702018737793 5450
1784394058199 9.767290115356445 5451
1784394058202 11.819342613220215 5452
1784394058205 11.98690128326416 5453
1784394058207 10.731260299682617 5454
1784394058210 11.295455932617188 5455
1784394058212 9.82715892791748 5456
1784394058215 9.549769401550293 5457
1784394058217 9.050559997558594 5458
1784394058220 8.860066413879395 5459
1784394058223 10.346028327941895 5460
1784394058225 9.353280067443848 5461
1784394058228 8.697335243225098 5462
1784394058231 8.190507888793945 5463
1784394058233 8.80206298828125 5464
1784394058236 9.15584945678711 5465
1784394058239 10.314127922058105 5466
1784394058242 9.060933113098145 5467
1784394058245 11.886911392211914 5468
1784394058248 10.905991554260254 5469
1784394058250 9.15987777709961 5470
1784394058253 10.029919624328613 5471
1784394058255 8.064046859741211 5472
1784394058258 10.315423965454102 5473
1784394058261 8.199026107788086 5474
1784394058263 10.77953815460205 5475
1784394058266 9.785202026367188 5476
1784394058268 9.171306610107422 5477
1784394058271 8.753167152404785 5478
1784394058273 10.453508377075195 5479
1784394058276 10.530990600585938 5480
1784394058279 9.775359153747559 5481
1784394058281 8.865742683410645 5482
1784394058284 12.68991470336914 5483
1784394058287 8.361507415771484 5484
1784394058290 13.447938919067383 5485
1784394058293 12.199723243713379 5486
1784394058296 10.388946533203125 5487
1784394058299 12.901659965515137 5488
1784394058302 13.555177688598633 5489
1784394058304 12.301318168640137 5490
1784394058306 12.411953926086426 5491
1784394058309 12.886641502380371 5492
1784394058311 11.266119003295898 5493
1784394058314 14.66538143157959 5494
1784394058316 12.487375259399414 5495
1784394058319 13.810192108154297 5496
1784394058322 13.679361343383789 5497
1784394058325 10.251806259155273 5498
1784394058327 15.42171859741211 5499
1784394058330 10.5441312789917 5500
1784394058332 12.09032917022705 5501
1784394058335 12.265507698059082 5502
1784394058338 9.667698860168457 5503
1784394058341 12.108778953552246 5504
1784394058344 10.953587532043457 5505
1784394058346 9.850638389587402 5506
1784394058349 10.706266403198242 5507
1784394058352 9.919178009033203 5508
1784394058354 12.559586524963379 5509
1784394058357 10.761722564697266 5510
1784394058359 11.1468505859375 5511
1784394058362 10.8896484375 5512
1784394058364 9.70472240447998 5513
1784394058367 11.944311141967773 5514
1784394058370 8.627598762512207 5515
1784394058372 9.384862899780273 5516
1784394058375 11.514720916748047 5517
1784394058378 9.051435470581055 5518
1784394058381 11.983148574829102 5519
1784394058391 9.707529067993164 5520
1784394058394 10.757614135742188 5521
1784394058398 10.524931907653809 5522
1784394058400 9.809743881225586 5523
1784394058403 11.929156303405762 5524
1784394058406 9.480352401733398 5525
1784394058409 10.716513633728027 5526
1784394058412 10.539789199829102 5527
1784394058415 10.516244888305664 5528
1784394058418 11.645140647888184 5529
1784394058420 11.032682418823242 5530
1784394058423 9.782075881958008 5531
1784394058425 10.833467483520508 5532
1784394058428 9.383773803710938 5533
1784394058430 9.84544563293457 5534
1784394058432 9.968511581420898 5535
1784394058435 10.035260200500488 5536
1784394058438 9.731688499450684 5537
1784394058441 8.03608512878418 5538
1784394058444 10.177284240722656 5539
1784394058447 9.4116849899292 5540
1784394058449 11.590829849243164 5541
1784394058451 13.073954582214355 5542
1784394058454 9.500328063964844 5543
1784394058457 11.303730964660645 5544
1784394058460 13.940740585327148 5545
1784394058463 8.99758243560791 5546
1784394058466 12.54771614074707 5547
1784394058469 11.686415672302246 5548
1784394058472 13.030634880065918 5549
1784394058475 12.728828430175781 5550
1784394058479 10.636223793029785 5551
1784394058482 13.167348861694336 5552
1784394058485 8.111119270324707 5553
1784394058488 12.345407485961914 5554
1784394058491 11.99810791015625 5555
1784394058493 12.347156524658203 5556
1784394058497 12.44770336151123 5557
1784394058500 10.612821578979492 5558
1784394058504 11.208477020263672 5559
1784394058508 10.198741912841797 5560
1784394058511 10.058738708496094 5561
1784394058513 8.861275672912598 5562
1784394058516 9.267012596130371 5563
1784394058518 8.44864273071289 5564
1784394058520 7.78476619720459 5565
1784394058522 7.727046012878418 5566
1784394058525 7.435850143432617 5567
1784394058527 7.51446533203125 5568
1784394058530 8.219876289367676 5569
1784394058533 8.477951049804688 5570
1784394058535 10.447566986083984 5571
1784394058537 10.304143905639648 5572
1784394058540 10.412222862243652 5573
1784394058542 10.694717407226562 5574
1784394058545 9.626198768615723 5575
1784394058548 9.077467918395996 5576
1784394058550 10.241790771484375 5577
1784394058552 10.85623836517334 5578
1784394058555 12.446614265441895 5579
1784394058557 9.670526504516602 5580
1784394058560 11.183621406555176 5581
1784394058564 11.379653930664062 5582
1784394058567 9.425191879272461 5583
1784394058570 13.014595985412598 5584
1784394058573 12.255698204040527 5585
1784394058576 10.560564041137695 5586
1784394058578 14.034632682800293 5587
1784394058581 13.614673614501953 5588
1784394058584 13.341158866882324 5589
1784394058587 12.149198532104492 5590
1784394058590 10.345736503601074 5591
1784394058593 11.535968780517578 5592
1784394058595 11.505109786987305 5593
1784394058598 9.704556465148926 5594
1784394058601 9.4849271774292 5595
1784394058604 9.927007675170898 5596
1784394058607 11.12274169921875 5597
1784394058610 11.719715118408203 5598
1784394058612 12.716073036193848 5599
1784394058616 12.809228897094727 5600
1784394058618 13.78519058227539 5601
1784394058621 14.287101745605469 5602
1784394058624 13.359071731567383 5603
1784394058626 13.478322982788086 5604
1784394058629 11.692296028137207 5605
1784394058645 16.545541763305664 5606
1784394058649 15.956754684448242 5607
1784394058651 14.311037063598633 5608
1784394058654 16.075618743896484 5609
1784394058657 14.769774436950684 5610
1784394058660 14.12940788269043 5611
1784394058663 16.52460479736328 5612
1784394058665 15.702829360961914 5613
1784394058668 16.517040252685547 5614
1784394058671 17.279417037963867 5615
1784394058673 16.25899887084961 5616
1784394058676 13.402071952819824 5617
1784394058679 18.04192352294922 5618
1784394058681 14.038618087768555 5619
1784394058684 12.869547843933105 5620
1784394058687 16.084857940673828 5621
1784394058690 13.0631103515625 5622
1784394058693 13.506921768188477 5623
1784394058696 14.520942687988281 5624
