1784393372662 3333.1591796875 0
1784393372666 3152.969970703125 1
1784393372672 2972.048583984375 2
1784393372675 2635.4462890625 3
1784393372679 2569.598388671875 4
1784393372682 2388.87548828125 5
1784393372685 2421.90673828125 6
1784393372689 2222.04052734375 7
1784393372692 2035.09375 8
1784393372695 1891.697998046875 9
1784393372698 1658.1175537109375 10
1784393372701 1602.923583984375 11
1784393372703 1545.979736328125 12
1784393372706 1400.98681640625 13
1784393372709 1352.4742431640625 14
1784393372711 1220.7098388671875 15
1784393372714 1139.09814453125 16
1784393372717 1012.4767456054688 17
1784393372720 886.154052734375 18
1784393372723 839.1791381835938 19
1784393372726 787.6815185546875 20
1784393372728 687.51806640625 21
1784393372732 597.2349853515625 22
1784393372735 554.2335205078125 23
1784393372738 459.435546875 24
1784393372741 459.65655517578125 25
1784393372744 402.60693359375 26
1784393372747 372.2644958496094 27
1784393372749 342.0260925292969 28
1784393372752 299.1365051269531 29
1784393372755 246.82394409179688 30
1784393372758 195.9629669189453 31
1784393372761 160.77369689941406 32
1784393372764 182.89364624023438 33
1784393372766 214.93214416503906 34
1784393372769 239.49130249023438 35
1784393372773 228.49691772460938 36
1784393372775 198.07162475585938 37
1784393372779 196.42886352539062 38
1784393372782 189.08056640625 39
1784393372788 160.17098999023438 40
1784393372791 173.42776489257812 41
1784393372798 160.59829711914062 42
1784393372803 151.0797882080078 43
1784393372808 150.9020538330078 44
1784393372811 135.36614990234375 45
1784393372814 107.06148529052734 46
1784393372816 90.4669189453125 47
1784393372819 77.78260803222656 48
1784393372825 63.27954864501953 49
1784393372828 67.02886199951172 50
1784393372831 84.29035949707031 51
1784393372834 97.388671875 52
1784393372839 84.58389282226562 53
1784393372842 89.04901885986328 54
1784393372845 81.6197280883789 55
1784393372849 73.29783630371094 56
1784393372852 54.67983627319336 57
1784393372854 52.965293884277344 58
1784393372857 41.88102722167969 59
1784393372860 43.12467956542969 60
1784393372863 51.593109130859375 61
1784393372866 40.578121185302734 62
1784393372869 43.57371520996094 63
1784393372872 39.57540512084961 64
1784393372875 39.17085647583008 65
1784393372878 38.08922576904297 66
1784393372881 26.817188262939453 67
1784393372883 28.10856819152832 68
1784393372887 26.2615966796875 69
1784393372890 26.52496337890625 70
1784393372895 27.062057495117188 71
1784393372900 25.182659149169922 72
1784393372904 25.502399444580078 73
1784393372908 18.95690155029297 74
1784393372911 16.92087745666504 75
1784393372915 23.06680679321289 76
1784393372918 22.63062858581543 77
1784393372922 17.090295791625977 78
1784393372927 18.120759963989258 79
1784393372930 15.937284469604492 80
1784393372935 15.502923965454102 81
1784393372938 16.104225158691406 82
1784393372942 14.512948989868164 83
1784393372948 17.222366333007812 84
1784393372953 15.570205688476562 85
1784393372960 12.611371040344238 86
1784393372963 15.066577911376953 87
1784393372970 15.237679481506348 88
1784393372976 14.4345703125 89
1784393372981 13.505550384521484 90
1784393372989 13.815324783325195 91
1784393372997 11.756440162658691 92
1784393373001 12.694852828979492 93
1784393373009 10.686983108520508 94
1784393373014 13.83109188079834 95
1784393373018 11.838444709777832 96
1784393373022 12.140995979309082 97
1784393373025 13.521968841552734 98
1784393373030 10.202167510986328 99
1784393373034 13.787322998046875 100
1784393373037 13.20624828338623 101
1784393373041 10.09376335144043 102
1784393373045 12.720952033996582 103
1784393373048 10.262741088867188 104
1784393373054 11.538351058959961 105
1784393373057 11.666505813598633 106
1784393373060 10.700723648071289 107
1784393373064 11.71208381652832 108
1784393373068 8.58882999420166 109
1784393373072 11.221435546875 110
1784393373076 9.643217086791992 111
1784393373080 10.810674667358398 112
1784393373084 11.191522598266602 113
1784393373088 9.532547950744629 114
1784393373092 12.782885551452637 115
1784393373096 11.157960891723633 116
1784393373099 10.855331420898438 117
1784393373103 11.419777870178223 118
1784393373107 11.6796875 119
1784393373111 9.815227508544922 120
1784393373115 8.835226058959961 121
1784393373118 10.344050407409668 122
1784393373121 8.951065063476562 123
1784393373125 10.957687377929688 124
1784393373129 10.021270751953125 125
1784393373132 8.038105964660645 126
1784393373135 9.629559516906738 127
1784393373138 7.401100158691406 128
1784393373141 10.662063598632812 129
1784393373144 8.127006530761719 130
1784393373147 9.964790344238281 131
1784393373150 9.099610328674316 132
1784393373153 9.589974403381348 133
1784393373157 9.426548957824707 134
1784393373159 9.343010902404785 135
1784393373162 8.451515197753906 136
1784393373165 8.790449142456055 137
1784393373169 10.115394592285156 138
1784393373171 8.123340606689453 139
1784393373175 11.007345199584961 140
1784393373177 9.543262481689453 141
1784393373181 10.896666526794434 142
1784393373183 11.003602981567383 143
1784393373187 9.693405151367188 144
1784393373191 12.141999244689941 145
1784393373195 10.512182235717773 146
1784393373198 12.044441223144531 147
1784393373202 12.690361022949219 148
1784393373207 10.485791206359863 149
1784393373211 13.855844497680664 150
1784393373213 10.957995414733887 151
1784393373216 11.04981517791748 152
1784393373219 10.823193550109863 153
1784393373222 12.15846061706543 154
1784393373225 10.400080680847168 155
1784393373229 13.928810119628906 156
1784393373231 11.045438766479492 157
1784393373235 12.496000289916992 158
1784393373238 10.947096824645996 159
1784393373241 10.406524658203125 160
1784393373244 11.180344581604004 161
1784393373248 13.512932777404785 162
1784393373251 9.903769493103027 163
1784393373254 14.676910400390625 164
1784393373257 14.358766555786133 165
1784393373259 12.631778717041016 166
1784393373262 10.693496704101562 167
1784393373264 13.768805503845215 168
1784393373267 11.872251510620117 169
1784393373270 11.641576766967773 170
1784393373273 14.122380256652832 171
1784393373276 10.87592887878418 172
1784393373279 10.885041236877441 173
1784393373282 12.122676849365234 174
1784393373284 14.015856742858887 175
1784393373287 11.629143714904785 176
1784393373290 11.035486221313477 177
1784393373293 13.555173873901367 178
1784393373296 11.142400741577148 179
1784393373299 11.602987289428711 180
1784393373301 14.779197692871094 181
1784393373304 10.55030345916748 182
1784393373307 13.509307861328125 183
1784393373310 13.483128547668457 184
1784393373313 11.675843238830566 185
1784393373316 16.20035171508789 186
1784393373319 16.061262130737305 187
1784393373322 13.546697616577148 188
1784393373325 18.27446174621582 189
1784393373329 14.027029037475586 190
1784393373333 13.008588790893555 191
1784393373337 18.49069595336914 192
1784393373340 16.350608825683594 193
1784393373347 13.288152694702148 194
1784393373351 16.476301193237305 195
1784393373354 16.107545852661133 196
1784393373357 16.131319046020508 197
1784393373361 16.779342651367188 198
1784393373364 14.127723693847656 199
1784393373367 13.458846092224121 200
1784393373371 17.8548526763916 201
1784393373375 11.937393188476562 202
1784393373379 16.001272201538086 203
1784393373382 18.545194625854492 204
1784393373384 14.869406700134277 205
1784393373388 12.46312141418457 206
1784393373391 14.20434856414795 207
1784393373394 12.722600936889648 208
1784393373398 10.255651473999023 209
1784393373402 13.438250541687012 210
1784393373406 11.664957046508789 211
1784393373410 12.002668380737305 212
1784393373414 13.501788139343262 213
1784393373417 9.094355583190918 214
1784393373421 14.758710861206055 215
1784393373424 15.599237442016602 216
1784393373429 10.826306343078613 217
1784393373433 14.927092552185059 218
1784393373435 12.539549827575684 219
1784393373440 13.069299697875977 220
1784393373445 12.07187271118164 221
1784393373450 14.1015625 222
1784393373454 13.281454086303711 223
1784393373458 11.748940467834473 224
1784393373461 10.61071491241455 225
1784393373465 11.614004135131836 226
1784393373469 10.55578899383545 227
1784393373472 9.552663803100586 228
1784393373476 10.830370903015137 229
1784393373480 8.86371898651123 230
1784393373483 9.964372634887695 231
1784393373487 10.308707237243652 232
1784393373492 9.361048698425293 233
1784393373496 11.2467041015625 234
1784393373500 9.66339111328125 235
1784393373504 11.813661575317383 236
1784393373511 11.128414154052734 237
1784393373519 12.527795791625977 238
1784393373524 11.778885841369629 239
1784393373527 11.205826759338379 240
1784393373530 11.972710609436035 241
1784393373533 10.128325462341309 242
1784393373536 12.083638191223145 243
1784393373539 10.617919921875 244
1784393373543 11.126465797424316 245
1784393373547 11.1716947555542 246
1784393373554 10.958498001098633 247
1784393373557 13.792218208312988 248
1784393373560 10.288021087646484 249
1784393373563 12.825910568237305 250
1784393373566 10.032709121704102 251
1784393373569 11.385636329650879 252
1784393373573 12.473590850830078 253
1784393373575 9.52845573425293 254
1784393373578 11.713072776794434 255
1784393373580 11.834491729736328 256
1784393373583 10.638992309570312 257
1784393373586 9.193340301513672 258
1784393373589 12.298201560974121 259
1784393373591 10.074024200439453 260
1784393373594 12.236777305603027 261
1784393373597 13.240403175354004 262
1784393373600 10.049568176269531 263
1784393373603 12.162016868591309 264
1784393373605 10.859472274780273 265
1784393373608 8.937224388122559 266
1784393373611 10.891487121582031 267
1784393373614 8.761579513549805 268
1784393373616 12.788898468017578 269
1784393373619 13.228212356567383 270
1784393373622 9.779637336730957 271
1784393373625 11.745465278625488 272
1784393373629 9.798418998718262 273
1784393373632 9.231168746948242 274
1784393373636 9.752352714538574 275
1784393373639 9.081348419189453 276
1784393373642 8.223803520202637 277
1784393373645 8.52762508392334 278
1784393373648 10.49786376953125 279
1784393373651 9.545201301574707 280
1784393373654 9.882403373718262 281
1784393373658 11.069930076599121 282
1784393373661 11.143552780151367 283
1784393373663 12.035881042480469 284
1784393373666 11.497039794921875 285
1784393373669 11.257193565368652 286
1784393373672 13.231893539428711 287
1784393373674 9.931402206420898 288
1784393373678 11.877281188964844 289
1784393373680 11.805663108825684 290
1784393373683 8.846670150756836 291
1784393373686 12.562623023986816 292
1784393373689 9.535404205322266 293
1784393373692 9.7948637008667 294
1784393373695 9.203914642333984 295
1784393373697 9.01544189453125 296
1784393373700 7.894229412078857 297
1784393373702 10.770115852355957 298
1784393373705 11.621625900268555 299
1784393373708 8.676970481872559 300
1784393373711 11.263643264770508 301
1784393373714 8.558483123779297 302
1784393373717 10.771502494812012 303
1784393373719 8.76738166809082 304
1784393373722 12.796598434448242 305
1784393373728 9.344026565551758 306
1784393373730 12.574861526489258 307
1784393373733 11.367283821105957 308
1784393373737 10.393146514892578 309
1784393373740 11.949180603027344 310
1784393373744 12.339125633239746 311
1784393373747 12.211843490600586 312
1784393373750 12.141340255737305 313
1784393373754 10.325512886047363 314
1784393373758 13.951169967651367 315
1784393373761 12.94109058380127 316
1784393373765 10.541744232177734 317
1784393373769 13.309106826782227 318
1784393373773 14.252318382263184 319
1784393373776 13.296987533569336 320
1784393373779 11.276211738586426 321
1784393373782 13.560741424560547 322
1784393373785 12.562753677368164 323
1784393373788 11.18569564819336 324
1784393373791 14.257099151611328 325
1784393373794 12.858417510986328 326
1784393373798 10.716490745544434 327
1784393373801 11.945211410522461 328
1784393373805 12.572230339050293 329
1784393373808 10.52714729309082 330
1784393373812 8.946615219116211 331
1784393373816 12.2825345993042 332
1784393373820 10.838050842285156 333
1784393373824 9.85811710357666 334
1784393373828 7.806173324584961 335
1784393373831 12.092365264892578 336
1784393373834 11.352540969848633 337
1784393373837 11.81756591796875 338
1784393373840 12.659565925598145 339
1784393373844 9.935517311096191 340
1784393373848 13.642579078674316 341
1784393373851 11.952126502990723 342
1784393373854 8.522262573242188 343
1784393373857 13.229036331176758 344
1784393373861 10.622408866882324 345
1784393373865 9.198629379272461 346
1784393373868 13.891366004943848 347
1784393373871 10.788394927978516 348
1784393373875 13.1178560256958 349
1784393373878 11.688745498657227 350
1784393373882 12.380586624145508 351
1784393373886 10.904031753540039 352
1784393373890 10.965423583984375 353
1784393373893 10.108158111572266 354
1784393373897 10.835733413696289 355
1784393373901 12.875866889953613 356
1784393373905 11.250215530395508 357
1784393373909 10.08375358581543 358
1784393373913 11.018306732177734 359
1784393373917 10.056459426879883 360
1784393373921 11.462223052978516 361
1784393373925 10.553448677062988 362
1784393373930 10.622258186340332 363
1784393373934 11.266091346740723 364
1784393373939 10.948182106018066 365
1784393373944 11.858882904052734 366
1784393373948 9.759773254394531 367
1784393373953 12.704324722290039 368
1784393373956 14.09907341003418 369
1784393373959 10.9207124710083 370
1784393373963 13.695417404174805 371
1784393373966 16.778589248657227 372
1784393373969 10.956293106079102 373
1784393373972 11.92416763305664 374
1784393373975 17.85262107849121 375
1784393373979 13.142654418945312 376
1784393373983 11.795754432678223 377
1784393373986 15.869309425354004 378
1784393373989 13.773750305175781 379
1784393373992 12.564885139465332 380
1784393373995 13.203898429870605 381
1784393373998 13.489823341369629 382
1784393374001 13.004890441894531 383
1784393374005 12.293611526489258 384
1784393374007 12.803110122680664 385
1784393374010 10.395360946655273 386
1784393374014 12.218741416931152 387
1784393374017 9.701202392578125 388
1784393374020 11.222785949707031 389
1784393374022 12.98015308380127 390
1784393374025 10.174506187438965 391
1784393374028 9.573467254638672 392
1784393374031 10.071724891662598 393
1784393374034 9.202939987182617 394
1784393374037 10.010513305664062 395
1784393374040 11.817216873168945 396
1784393374044 11.2676362991333 397
1784393374047 10.854996681213379 398
1784393374050 13.416921615600586 399
1784393374053 10.737990379333496 400
1784393374056 14.884031295776367 401
1784393374059 11.568206787109375 402
1784393374062 13.513909339904785 403
1784393374065 12.785545349121094 404
1784393374068 11.776885032653809 405
1784393374070 12.672191619873047 406
1784393374074 10.342592239379883 407
1784393374076 11.534500122070312 408
1784393374082 10.766950607299805 409
1784393374085 12.519439697265625 410
1784393374088 9.632686614990234 411
1784393374090 11.22995376586914 412
1784393374093 12.887736320495605 413
1784393374096 10.80970573425293 414
1784393374099 12.188504219055176 415
1784393374102 11.701835632324219 416
1784393374105 12.226142883300781 417
1784393374108 12.541696548461914 418
1784393374111 12.52000617980957 419
1784393374114 13.252617835998535 420
1784393374117 10.510862350463867 421
1784393374120 12.836930274963379 422
1784393374122 10.608697891235352 423
1784393374125 11.507295608520508 424
1784393374129 9.160400390625 425
1784393374132 12.101856231689453 426
1784393374135 10.16303825378418 427
1784393374137 12.66905403137207 428
1784393374140 13.535114288330078 429
1784393374143 9.940122604370117 430
1784393374146 11.666457176208496 431
1784393374149 12.109516143798828 432
1784393374152 10.217430114746094 433
1784393374154 11.012115478515625 434
1784393374159 9.7869291305542 435
1784393374162 10.254664421081543 436
1784393374165 10.972091674804688 437
1784393374168 10.054815292358398 438
1784393374170 10.223039627075195 439
1784393374172 10.54090690612793 440
1784393374175 11.23247241973877 441
1784393374177 13.126289367675781 442
1784393374180 10.016231536865234 443
1784393374182 10.821409225463867 444
1784393374185 10.638665199279785 445
1784393374188 10.734357833862305 446
1784393374190 10.324819564819336 447
1784393374193 11.09582805633545 448
1784393374196 10.117436408996582 449
1784393374198 11.7042818069458 450
1784393374201 9.87183952331543 451
1784393374204 11.331583023071289 452
1784393374206 11.288721084594727 453
1784393374209 9.617057800292969 454
1784393374212 10.862833976745605 455
1784393374214 8.378934860229492 456
1784393374217 10.098430633544922 457
1784393374219 8.766986846923828 458
1784393374222 11.65827751159668 459
1784393374225 10.496574401855469 460
1784393374228 11.083910942077637 461
1784393374230 9.906068801879883 462
1784393374233 9.774836540222168 463
1784393374241 8.8131685256958 464
1784393374245 11.06684684753418 465
1784393374249 13.070401191711426 466
1784393374253 10.182486534118652 467
1784393374256 12.128211975097656 468
1784393374260 11.806572914123535 469
1784393374263 11.62399673461914 470
1784393374267 12.46647834777832 471
1784393374270 12.06842041015625 472
1784393374273 11.012453079223633 473
1784393374276 11.308252334594727 474
1784393374279 11.737768173217773 475
1784393374282 10.186919212341309 476
1784393374286 10.958242416381836 477
1784393374290 9.47866439819336 478
1784393374293 12.071273803710938 479
1784393374296 8.782697677612305 480
1784393374300 11.199007034301758 481
1784393374304 12.385895729064941 482
1784393374315 11.1790132522583 483
1784393374319 9.454463958740234 484
1784393374323 13.091598510742188 485
1784393374327 13.981136322021484 486
1784393374330 8.866881370544434 487
1784393374333 12.846455574035645 488
1784393374336 12.009339332580566 489
1784393374339 9.8103666305542 490
1784393374342 13.33047103881836 491
1784393374345 11.386528015136719 492
1784393374347 14.643839836120605 493
1784393374350 9.703387260437012 494
1784393374353 12.82966136932373 495
1784393374355 11.50684642791748 496
1784393374358 10.347929954528809 497
1784393374360 11.078405380249023 498
1784393374362 11.60302448272705 499
1784393374364 8.371244430541992 500
1784393374366 12.654767990112305 501
1784393374368 9.562281608581543 502
1784393374371 11.690589904785156 503
1784393374374 9.854371070861816 504
1784393374376 11.509781837463379 505
1784393374379 11.911317825317383 506
1784393374382 9.784625053405762 507
1784393374384 13.189871788024902 508
1784393374387 11.311044692993164 509
1784393374389 15.495269775390625 510
1784393374392 12.206825256347656 511
1784393374395 13.53875732421875 512
1784393374397 15.528305053710938 513
1784393374400 12.507226943969727 514
1784393374403 14.353452682495117 515
1784393374406 12.948870658874512 516
1784393374411 10.954460144042969 517
1784393374414 12.397520065307617 518
1784393374417 10.07891845703125 519
1784393374420 10.268057823181152 520
1784393374423 12.823391914367676 521
1784393374426 11.546476364135742 522
1784393374428 12.34481143951416 523
1784393374431 15.120023727416992 524
1784393374433 14.05421257019043 525
1784393374435 12.479829788208008 526
1784393374437 11.983636856079102 527
1784393374439 14.504753112792969 528
1784393374441 12.63742733001709 529
1784393374443 12.957852363586426 530
1784393374445 14.563377380371094 531
1784393374447 13.349699020385742 532
1784393374450 11.778979301452637 533
1784393374453 13.325279235839844 534
1784393374456 13.327789306640625 535
1784393374458 9.737813949584961 536
1784393374461 14.169651985168457 537
1784393374464 12.585020065307617 538
1784393374467 12.058345794677734 539
1784393374470 13.27859878540039 540
1784393374473 13.338367462158203 541
1784393374476 11.868143081665039 542
1784393374479 12.348169326782227 543
1784393374481 11.867734909057617 544
1784393374484 12.657766342163086 545
1784393374486 12.023597717285156 546
1784393374488 12.304184913635254 547
1784393374490 11.493513107299805 548
1784393374493 11.604046821594238 549
1784393374495 14.155417442321777 550
1784393374497 10.117513656616211 551
1784393374499 10.64721965789795 552
1784393374502 11.651920318603516 553
1784393374505 8.539346694946289 554
1784393374508 11.859663009643555 555
1784393374511 8.78042221069336 556
1784393374514 10.008208274841309 557
1784393374517 9.115545272827148 558
1784393374520 10.936666488647461 559
1784393374523 9.381757736206055 560
1784393374526 10.775284767150879 561
1784393374530 12.983701705932617 562
1784393374533 9.452539443969727 563
1784393374535 13.819814682006836 564
1784393374539 10.718637466430664 565
1784393374545 9.881446838378906 566
1784393374548 10.933107376098633 567
1784393374552 9.21714973449707 568
1784393374555 10.470890998840332 569
1784393374559 9.460628509521484 570
1784393374562 10.916725158691406 571
1784393374565 10.360071182250977 572
1784393374569 8.87307357788086 573
1784393374573 12.359905242919922 574
1784393374578 9.656729698181152 575
1784393374581 12.584016799926758 576
1784393374584 10.998725891113281 577
1784393374587 9.848649024963379 578
1784393374590 10.162630081176758 579
1784393374593 10.3907470703125 580
1784393374596 9.807455062866211 581
1784393374601 10.427258491516113 582
1784393374603 8.996879577636719 583
1784393374606 10.312836647033691 584
1784393374608 11.999527931213379 585
1784393374610 11.275100708007812 586
1784393374612 12.7816743850708 587
1784393374614 12.644928932189941 588
1784393374617 13.095464706420898 589
1784393374619 11.965426445007324 590
1784393374621 10.718950271606445 591
1784393374623 11.281139373779297 592
1784393374626 10.945935249328613 593
1784393374628 10.633881568908691 594
1784393374631 11.80098819732666 595
1784393374634 10.233697891235352 596
1784393374637 8.730911254882812 597
1784393374639 10.159643173217773 598
1784393374643 10.815135955810547 599
1784393374647 9.951247215270996 600
1784393374650 12.717473983764648 601
1784393374655 11.810504913330078 602
1784393374658 11.76901626586914 603
1784393374662 11.211994171142578 604
1784393374664 12.872262954711914 605
1784393374667 11.20009708404541 606
1784393374669 13.56308364868164 607
1784393374671 9.760151863098145 608
1784393374673 13.560508728027344 609
1784393374675 11.1459379196167 610
1784393374677 11.33892822265625 611
1784393374679 10.955326080322266 612
1784393374681 10.050629615783691 613
1784393374683 10.52431869506836 614
1784393374685 9.299607276916504 615
1784393374686 11.446314811706543 616
1784393374688 10.682539939880371 617
1784393374691 12.434556007385254 618
1784393374693 12.287710189819336 619
1784393374696 9.772159576416016 620
1784393374698 9.890371322631836 621
1784393374700 11.3529052734375 622
1784393374703 10.957033157348633 623
1784393374706 13.057869911193848 624
1784393374709 12.878787994384766 625
1784393374713 9.21785831451416 626
1784393374716 11.201690673828125 627
1784393374721 13.06540584564209 628
1784393374723 9.998035430908203 629
1784393374726 15.858808517456055 630
1784393374729 10.84394645690918 631
1784393374731 10.99191665649414 632
1784393374735 12.59924602508545 633
1784393374738 9.114176750183105 634
1784393374741 13.648889541625977 635
1784393374744 12.457724571228027 636
1784393374747 13.54141616821289 637
1784393374750 12.724135398864746 638
1784393374753 11.322917938232422 639
1784393374756 12.896222114562988 640
1784393374759 13.756604194641113 641
1784393374762 12.803913116455078 642
1784393374765 13.087665557861328 643
1784393374767 11.614031791687012 644
1784393374770 10.966257095336914 645
1784393374773 10.889851570129395 646
1784393374776 11.096012115478516 647
1784393374778 10.871219635009766 648
1784393374781 10.928206443786621 649
1784393374784 11.782587051391602 650
1784393374787 10.602909088134766 651
1784393374789 14.192914962768555 652
1784393374792 9.876426696777344 653
1784393374795 10.788082122802734 654
1784393374798 9.569095611572266 655
1784393374801 11.243849754333496 656
1784393374804 9.83053207397461 657
1784393374807 9.85556697845459 658
1784393374809 8.699320793151855 659
1784393374812 12.574495315551758 660
1784393374815 8.708227157592773 661
1784393374817 11.800535202026367 662
1784393374820 8.749862670898438 663
1784393374823 9.874006271362305 664
1784393374826 8.648667335510254 665
1784393374829 9.709821701049805 666
1784393374831 8.93485164642334 667
1784393374834 8.631368637084961 668
1784393374837 9.838430404663086 669
1784393374840 10.272103309631348 670
1784393374843 9.780511856079102 671
1784393374846 10.712321281433105 672
1784393374849 8.934603691101074 673
1784393374851 9.318644523620605 674
1784393374854 9.412344932556152 675
1784393374857 8.340231895446777 676
1784393374860 9.164691925048828 677
1784393374863 8.0685396194458 678
1784393374865 10.432106971740723 679
1784393374868 11.273333549499512 680
1784393374870 9.297855377197266 681
1784393374873 13.558845520019531 682
1784393374875 10.599950790405273 683
1784393374878 11.446807861328125 684
1784393374880 12.656184196472168 685
1784393374882 11.849095344543457 686
1784393374884 12.380946159362793 687
1784393374886 9.36662483215332 688
1784393374888 13.388359069824219 689
1784393374891 11.887272834777832 690
1784393374893 11.299875259399414 691
1784393374896 12.797533988952637 692
1784393374899 17.496871948242188 693
1784393374904 13.12162971496582 694
1784393374906 14.557666778564453 695
1784393374910 14.787562370300293 696
1784393374912 14.506155014038086 697
1784393374915 15.407197952270508 698
1784393374918 12.851434707641602 699
1784393374922 13.58579158782959 700
1784393374925 13.159494400024414 701
1784393374929 14.31389045715332 702
1784393374933 13.14188003540039 703
1784393374935 10.90020751953125 704
1784393374938 13.711973190307617 705
1784393374940 14.342592239379883 706
1784393374942 9.499086380004883 707
1784393374945 15.07194709777832 708
1784393374947 11.996378898620605 709
1784393374949 12.899591445922852 710
1784393374951 12.45965576171875 711
1784393374953 9.9886474609375 712
1784393374956 12.681574821472168 713
1784393374958 9.501724243164062 714
1784393374961 13.388772010803223 715
1784393374965 10.713190078735352 716
1784393374969 12.181869506835938 717
1784393374972 12.425479888916016 718
1784393374977 12.366979598999023 719
1784393374979 13.208976745605469 720
1784393374983 10.837820053100586 721
1784393374986 13.07304859161377 722
1784393374988 10.172752380371094 723
1784393374990 13.821378707885742 724
1784393374993 15.215644836425781 725
1784393374995 11.370492935180664 726
1784393374997 15.985564231872559 727
1784393375000 14.748255729675293 728
1784393375002 13.509787559509277 729
1784393375004 15.152645111083984 730
1784393375007 15.960110664367676 731
1784393375011 12.98577880859375 732
1784393375014 14.129425048828125 733
1784393375018 16.175058364868164 734
1784393375021 13.659947395324707 735
1784393375024 12.127959251403809 736
1784393375028 16.03058624267578 737
1784393375030 12.464530944824219 738
1784393375033 13.301629066467285 739
1784393375036 13.116779327392578 740
1784393375038 10.37509822845459 741
1784393375041 10.33350944519043 742
1784393375044 10.64590835571289 743
1784393375047 10.944104194641113 744
1784393375050 11.123936653137207 745
1784393375052 10.144535064697266 746
1784393375055 10.133735656738281 747
1784393375058 11.637568473815918 748
1784393375061 9.489263534545898 749
1784393375063 10.059378623962402 750
1784393375066 8.75477409362793 751
1784393375069 10.32026481628418 752
1784393375072 9.20005989074707 753
1784393375075 11.111011505126953 754
1784393375078 8.529306411743164 755
1784393375081 10.703104019165039 756
1784393375084 10.503005027770996 757
1784393375087 8.421205520629883 758
1784393375091 10.016714096069336 759
1784393375098 11.80744457244873 760
1784393375102 9.113123893737793 761
1784393375105 10.424964904785156 762
1784393375108 11.965039253234863 763
1784393375111 10.053080558776855 764
1784393375113 11.379096984863281 765
1784393375116 8.291204452514648 766
1784393375119 8.839346885681152 767
1784393375122 12.38552188873291 768
1784393375124 9.832898139953613 769
1784393375126 11.516035079956055 770
1784393375129 10.947578430175781 771
1784393375131 10.458192825317383 772
1784393375133 11.672765731811523 773
1784393375135 9.718222618103027 774
1784393375137 12.305461883544922 775
1784393375139 10.026690483093262 776
1784393375141 8.703855514526367 777
1784393375143 10.20395278930664 778
1784393375145 8.481969833374023 779
1784393375148 9.854519844055176 780
1784393375150 8.999319076538086 781
1784393375153 11.182259559631348 782
1784393375155 9.851786613464355 783
1784393375158 11.12386417388916 784
1784393375161 11.160625457763672 785
1784393375163 10.260132789611816 786
1784393375166 12.141754150390625 787
1784393375169 9.700371742248535 788
1784393375172 9.465681076049805 789
1784393375174 11.23348331451416 790
1784393375177 10.76701545715332 791
1784393375179 10.377599716186523 792
1784393375182 12.318586349487305 793
1784393375185 10.09571647644043 794
1784393375187 9.559660911560059 795
1784393375189 9.981289863586426 796
1784393375192 8.418861389160156 797
1784393375195 8.110103607177734 798
1784393375197 11.183509826660156 799
1784393375200 8.808847427368164 800
1784393375203 10.623014450073242 801
1784393375206 11.650596618652344 802
1784393375209 9.600269317626953 803
1784393375212 11.244247436523438 804
1784393375215 12.162382125854492 805
1784393375218 9.785160064697266 806
1784393375220 12.824219703674316 807
1784393375223 11.566797256469727 808
1784393375226 12.732415199279785 809
1784393375229 8.796493530273438 810
1784393375232 10.457118034362793 811
1784393375235 9.655840873718262 812
1784393375237 7.666706085205078 813
1784393375240 9.248326301574707 814
1784393375243 8.454201698303223 815
1784393375247 7.839927673339844 816
1784393375250 10.088337898254395 817
1784393375254 6.339411735534668 818
1784393375257 10.348801612854004 819
1784393375259 9.082038879394531 820
1784393375262 8.686115264892578 821
1784393375268 11.439077377319336 822
1784393375270 9.006424903869629 823
1784393375273 10.21194076538086 824
1784393375275 8.086629867553711 825
1784393375278 11.060139656066895 826
1784393375281 10.426702499389648 827
1784393375284 10.968052864074707 828
1784393375286 10.957581520080566 829
1784393375289 11.253405570983887 830
1784393375292 9.7987699508667 831
1784393375294 11.065942764282227 832
1784393375297 9.69140338897705 833
1784393375299 10.915131568908691 834
1784393375302 9.667947769165039 835
1784393375304 11.18425464630127 836
1784393375306 10.01611328125 837
1784393375308 9.654648780822754 838
1784393375310 9.916711807250977 839
1784393375312 10.738286018371582 840
1784393375314 10.223520278930664 841
1784393375317 11.728738784790039 842
1784393375321 14.43876838684082 843
1784393375325 10.633895874023438 844
1784393375328 11.86717700958252 845
1784393375331 11.910950660705566 846
1784393375334 13.10938549041748 847
1784393375337 8.476908683776855 848
1784393375341 13.36631965637207 849
1784393375345 11.243448257446289 850
1784393375349 11.640349388122559 851
1784393375352 12.876785278320312 852
1784393375355 12.436614990234375 853
1784393375358 12.62093734741211 854
1784393375360 10.405014991760254 855
1784393375363 11.468707084655762 856
1784393375366 10.21009635925293 857
1784393375369 9.827129364013672 858
1784393375372 11.107122421264648 859
1784393375374 10.65821361541748 860
1784393375377 10.73910140991211 861
1784393375380 13.407669067382812 862
1784393375384 11.524065017700195 863
1784393375388 11.104504585266113 864
1784393375390 13.570590019226074 865
1784393375393 10.194308280944824 866
1784393375396 11.10125732421875 867
1784393375399 10.350017547607422 868
1784393375402 9.214126586914062 869
1784393375405 12.321600914001465 870
1784393375409 9.23836898803711 871
1784393375412 10.385307312011719 872
1784393375415 10.419197082519531 873
1784393375417 10.32349681854248 874
1784393375419 10.92544174194336 875
1784393375422 12.44603157043457 876
1784393375424 9.30782699584961 877
1784393375426 12.063409805297852 878
1784393375429 11.377182006835938 879
1784393375431 8.792140007019043 880
1784393375433 11.738990783691406 881
1784393375435 14.247923851013184 882
1784393375438 11.57215404510498 883
1784393375440 14.923014640808105 884
1784393375443 19.781696319580078 885
1784393375446 12.473273277282715 886
1784393375448 15.423564910888672 887
1784393375451 14.394038200378418 888
1784393375454 12.300398826599121 889
1784393375456 15.589437484741211 890
1784393375459 16.624252319335938 891
1784393375462 10.07750129699707 892
1784393375466 13.756709098815918 893
1784393375474 12.707842826843262 894
1784393375477 10.086935043334961 895
1784393375481 10.141096115112305 896
1784393375484 9.24002456665039 897
1784393375488 9.022201538085938 898
1784393375492 11.915864944458008 899
1784393375495 10.498930931091309 900
1784393375498 9.725167274475098 901
1784393375502 9.768723487854004 902
1784393375506 9.317529678344727 903
1784393375510 10.235037803649902 904
1784393375513 10.066096305847168 905
1784393375517 11.553542137145996 906
1784393375522 12.358019828796387 907
1784393375525 12.397638320922852 908
1784393375529 11.856170654296875 909
1784393375532 14.787972450256348 910
1784393375535 12.323205947875977 911
1784393375537 10.279716491699219 912
1784393375540 13.543830871582031 913
1784393375543 11.429807662963867 914
1784393375548 13.252280235290527 915
1784393375553 12.726685523986816 916
1784393375557 13.222047805786133 917
1784393375559 14.615918159484863 918
1784393375564 13.413640022277832 919
1784393375569 15.865775108337402 920
1784393375572 12.243517875671387 921
1784393375575 13.228209495544434 922
1784393375578 12.461692810058594 923
1784393375581 15.525687217712402 924
1784393375584 13.136441230773926 925
1784393375587 9.599449157714844 926
1784393375590 14.796941757202148 927
1784393375593 11.93530559539795 928
1784393375596 10.99476146697998 929
1784393375599 12.646567344665527 930
1784393375602 13.031675338745117 931
1784393375604 13.16589069366455 932
1784393375607 14.180780410766602 933
1784393375610 12.165485382080078 934
1784393375612 16.94980239868164 935
1784393375615 12.272992134094238 936
1784393375618 13.518515586853027 937
1784393375620 16.318645477294922 938
1784393375623 11.425448417663574 939
1784393375627 16.913116455078125 940
1784393375631 16.45781707763672 941
1784393375635 11.591133117675781 942
1784393375638 14.241798400878906 943
1784393375641 14.141037940979004 944
1784393375644 12.995648384094238 945
1784393375648 13.454691886901855 946
1784393375651 15.7034912109375 947
1784393375654 14.135647773742676 948
1784393375656 12.688753128051758 949
1784393375660 17.894338607788086 950
1784393375663 13.054080963134766 951
1784393375666 13.19334888458252 952
1784393375669 15.614745140075684 953
1784393375672 12.811945915222168 954
1784393375675 12.60951042175293 955
1784393375679 13.646668434143066 956
1784393375682 12.436925888061523 957
1784393375685 13.727853775024414 958
1784393375688 12.1347074508667 959
1784393375690 11.591638565063477 960
1784393375693 11.315767288208008 961
1784393375695 10.237080574035645 962
1784393375697 12.492304801940918 963
1784393375699 9.285194396972656 964
1784393375701 11.025609016418457 965
1784393375704 10.62743091583252 966
1784393375706 11.850348472595215 967
1784393375708 11.793950080871582 968
1784393375710 12.174049377441406 969
1784393375712 11.438629150390625 970
1784393375715 12.668916702270508 971
1784393375719 12.84457015991211 972
1784393375722 12.280184745788574 973
1784393375725 12.558332443237305 974
1784393375729 9.948907852172852 975
1784393375733 9.767141342163086 976
1784393375737 10.702932357788086 977
1784393375741 9.723787307739258 978
1784393375744 9.153436660766602 979
1784393375746 8.364450454711914 980
1784393375750 8.155495643615723 981
1784393375753 9.75652027130127 982
1784393375755 8.365531921386719 983
1784393375759 10.118636131286621 984
1784393375763 11.870457649230957 985
1784393375766 9.580830574035645 986
1784393375769 12.076449394226074 987
1784393375772 12.168451309204102 988
1784393375775 8.045827865600586 989
1784393375778 11.025830268859863 990
1784393375781 8.086446762084961 991
1784393375784 9.837288856506348 992
1784393375787 8.981267929077148 993
1784393375790 9.321248054504395 994
1784393375793 10.306808471679688 995
1784393375796 9.108760833740234 996
1784393375799 11.666683197021484 997
1784393375802 8.987436294555664 998
1784393375805 9.485127449035645 999
1784393375808 10.144880294799805 1000
1784393375811 10.369549751281738 1001
1784393375815 9.539193153381348 1002
1784393375819 11.300211906433105 1003
1784393375822 9.299554824829102 1004
1784393375825 9.291119575500488 1005
1784393375828 9.04902172088623 1006
1784393375830 9.372750282287598 1007
1784393375833 8.72989273071289 1008
1784393376017 9.889313697814941 1009
1784393376019 9.442459106445312 1010
1784393376022 9.876534461975098 1011
1784393376025 9.344640731811523 1012
1784393376027 9.402912139892578 1013
1784393376030 9.257288932800293 1014
1784393376032 10.360251426696777 1015
1784393376034 10.10379695892334 1016
1784393376037 12.81834602355957 1017
1784393376039 14.51842212677002 1018
1784393376041 13.151541709899902 1019
1784393376043 14.922121047973633 1020
1784393376045 12.481124877929688 1021
1784393376047 12.791950225830078 1022
1784393376050 12.790786743164062 1023
1784393376053 14.486947059631348 1024
1784393376057 9.417593002319336 1025
1784393376060 13.687224388122559 1026
1784393376063 14.264957427978516 1027
1784393376066 9.036928176879883 1028
1784393376069 13.855401039123535 1029
1784393376072 12.80328369140625 1030
1784393376075 11.266361236572266 1031
1784393376078 13.214797973632812 1032
1784393376081 8.677390098571777 1033
1784393376083 12.183231353759766 1034
1784393376086 10.516679763793945 1035
1784393376088 12.335474967956543 1036
1784393376090 9.093156814575195 1037
1784393376092 11.185985565185547 1038
1784393376094 11.02004337310791 1039
1784393376096 9.280925750732422 1040
1784393376098 10.607568740844727 1041
1784393376100 10.424407005310059 1042
1784393376103 9.623069763183594 1043
1784393376105 9.594043731689453 1044
1784393376107 10.008403778076172 1045
1784393376110 10.967175483703613 1046
1784393376112 11.222444534301758 1047
1784393376115 10.422720909118652 1048
1784393376118 9.164011001586914 1049
1784393376121 10.43820858001709 1050
1784393376124 8.668562889099121 1051
1784393376127 10.255681991577148 1052
1784393376131 9.744644165039062 1053
1784393376134 13.34217643737793 1054
1784393376136 12.965906143188477 1055
1784393376139 11.569718360900879 1056
1784393376142 12.151479721069336 1057
1784393376144 11.82201862335205 1058
1784393376146 10.791831016540527 1059
1784393376148 8.232584953308105 1060
1784393376151 9.02198600769043 1061
1784393376153 8.833357810974121 1062
1784393376155 10.24702262878418 1063
1784393376157 9.888687133789062 1064
1784393376159 9.332473754882812 1065
1784393376161 9.290563583374023 1066
1784393376165 10.601585388183594 1067
1784393376168 8.48388957977295 1068
1784393376172 11.73654556274414 1069
1784393376175 7.552309989929199 1070
1784393376178 10.838052749633789 1071
1784393376181 8.627076148986816 1072
1784393376184 9.980085372924805 1073
1784393376187 12.706873893737793 1074
1784393376191 11.629256248474121 1075
1784393376194 11.957133293151855 1076
1784393376199 14.00298023223877 1077
1784393376202 9.608949661254883 1078
1784393376206 10.227913856506348 1079
1784393376209 9.892011642456055 1080
1784393376213 10.25087833404541 1081
1784393376216 9.795677185058594 1082
1784393376219 8.455301284790039 1083
1784393376223 9.148269653320312 1084
1784393376226 10.683083534240723 1085
1784393376229 9.567233085632324 1086
1784393376232 10.584447860717773 1087
1784393376234 9.154228210449219 1088
1784393376237 11.697197914123535 1089
1784393376240 13.471792221069336 1090
1784393376243 10.885849952697754 1091
1784393376245 12.041131019592285 1092
1784393376248 11.819391250610352 1093
1784393376251 9.431814193725586 1094
1784393376254 9.99008846282959 1095
1784393376257 12.754671096801758 1096
1784393376260 10.410691261291504 1097
1784393376262 14.202308654785156 1098
1784393376264 11.127967834472656 1099
1784393376267 12.555265426635742 1100
1784393376269 10.0636568069458 1101
1784393376271 10.716522216796875 1102
1784393376273 12.745838165283203 1103
1784393376275 9.657758712768555 1104
1784393376277 13.178633689880371 1105
1784393376279 13.487568855285645 1106
1784393376282 10.816786766052246 1107
1784393376286 12.594339370727539 1108
1784393376289 15.809134483337402 1109
1784393376292 11.15052318572998 1110
1784393376295 12.859871864318848 1111
1784393376299 14.811297416687012 1112
1784393376302 14.75136947631836 1113
1784393376305 13.323892593383789 1114
1784393376308 13.366663932800293 1115
1784393376311 12.820700645446777 1116
1784393376313 12.570168495178223 1117
1784393376317 15.065526962280273 1118
1784393376320 10.963238716125488 1119
1784393376323 12.482515335083008 1120
1784393376326 13.540629386901855 1121
1784393376329 11.517951965332031 1122
1784393376331 12.627936363220215 1123
1784393376335 14.779621124267578 1124
1784393376337 11.538519859313965 1125
1784393376341 13.831738471984863 1126
1784393376344 10.49130916595459 1127
1784393376348 10.406890869140625 1128
1784393376351 10.883739471435547 1129
1784393376354 9.631875991821289 1130
1784393376356 12.945850372314453 1131
1784393376359 12.145849227905273 1132
1784393376361 9.68166732788086 1133
1784393376363 11.481401443481445 1134
1784393376366 10.724854469299316 1135
1784393376368 11.06069278717041 1136
1784393376371 13.763111114501953 1137
1784393376373 9.394777297973633 1138
1784393376376 11.883631706237793 1139
1784393376379 13.013904571533203 1140
1784393376381 9.884054183959961 1141
1784393376384 13.598044395446777 1142
1784393376387 10.682577133178711 1143
1784393376390 15.596680641174316 1144
1784393376393 13.579349517822266 1145
1784393376396 11.355707168579102 1146
1784393376399 13.431259155273438 1147
1784393376402 10.38975715637207 1148
1784393376405 13.862983703613281 1149
1784393376408 12.410810470581055 1150
1784393376411 9.927233695983887 1151
1784393376415 15.111369132995605 1152
1784393376419 12.78023910522461 1153
1784393376423 11.077722549438477 1154
1784393376426 14.531758308410645 1155
1784393376429 8.437392234802246 1156
1784393376432 12.36458969116211 1157
1784393376435 13.571321487426758 1158
1784393376438 9.617193222045898 1159
1784393376440 10.926968574523926 1160
1784393376443 13.751562118530273 1161
1784393376445 10.948155403137207 1162
1784393376448 13.361340522766113 1163
1784393376450 15.061031341552734 1164
1784393376452 10.766603469848633 1165
1784393376454 11.820812225341797 1166
1784393376456 12.114274978637695 1167
1784393376458 11.115097999572754 1168
1784393376460 10.897378921508789 1169
1784393376462 9.687877655029297 1170
1784393376464 14.386053085327148 1171
1784393376467 10.229267120361328 1172
1784393376470 11.827028274536133 1173
1784393376473 10.999594688415527 1174
1784393376476 16.04022979736328 1175
1784393376479 13.182117462158203 1176
1784393376482 11.373072624206543 1177
1784393376486 10.499062538146973 1178
1784393376488 12.414167404174805 1179
1784393376492 9.727006912231445 1180
1784393376494 9.89046859741211 1181
1784393376497 11.286409378051758 1182
1784393376500 10.08377742767334 1183
1784393376502 10.064350128173828 1184
1784393376506 10.187996864318848 1185
1784393376509 11.438549041748047 1186
1784393376512 9.983423233032227 1187
1784393376515 10.370842933654785 1188
1784393376518 9.747270584106445 1189
1784393376522 11.880571365356445 1190
1784393376524 9.108659744262695 1191
1784393376527 10.316126823425293 1192
1784393376530 8.09427547454834 1193
1784393376533 8.80466365814209 1194
1784393376536 8.413490295410156 1195
1784393376539 8.524988174438477 1196
1784393376542 9.433321952819824 1197
1784393376544 8.815427780151367 1198
1784393376547 10.35377025604248 1199
1784393376550 8.769742965698242 1200
1784393376554 11.439574241638184 1201
1784393376557 12.44025993347168 1202
1784393376560 9.603711128234863 1203
1784393376563 13.772189140319824 1204
1784393376566 9.339555740356445 1205
1784393376569 12.202710151672363 1206
1784393376572 9.717598915100098 1207
1784393376574 10.110321044921875 1208
1784393376577 10.904425621032715 1209
1784393376580 9.855485916137695 1210
1784393376583 10.365683555603027 1211
1784393376586 9.006089210510254 1212
1784393376589 9.735265731811523 1213
1784393376591 9.983022689819336 1214
1784393376594 8.998641014099121 1215
1784393376597 8.069302558898926 1216
1784393376599 8.455598831176758 1217
1784393376602 8.397245407104492 1218
1784393376603 9.73287582397461 1219
1784393376607 8.555349349975586 1220
1784393376610 7.751183032989502 1221
1784393376614 8.700553894042969 1222
1784393376617 8.041257858276367 1223
1784393376620 7.56055212020874 1224
1784393376623 9.568153381347656 1225
1784393376626 8.373111724853516 1226
1784393376629 10.638801574707031 1227
1784393376632 9.860281944274902 1228
1784393376635 10.132987976074219 1229
1784393376639 10.627750396728516 1230
1784393376641 10.216946601867676 1231
1784393376645 12.046059608459473 1232
1784393376648 10.923951148986816 1233
1784393376651 10.063207626342773 1234
1784393376654 10.504847526550293 1235
1784393376657 9.345903396606445 1236
1784393376661 9.648080825805664 1237
1784393376664 9.293972969055176 1238
1784393376668 10.68876838684082 1239
1784393376672 9.674603462219238 1240
1784393376675 10.49597454071045 1241
1784393376678 11.136439323425293 1242
1784393376681 7.62617301940918 1243
1784393376685 11.98251724243164 1244
1784393376688 10.560205459594727 1245
1784393376691 7.278723239898682 1246
1784393376695 10.42298412322998 1247
1784393376698 7.237638473510742 1248
1784393376702 11.061887741088867 1249
1784393376705 10.383099555969238 1250
1784393376708 9.209822654724121 1251
1784393376713 12.963427543640137 1252
1784393376717 16.848527908325195 1253
1784393376720 11.937061309814453 1254
1784393376723 12.099321365356445 1255
1784393376726 15.260775566101074 1256
1784393376731 12.513809204101562 1257
1784393376735 11.971609115600586 1258
1784393376740 14.287954330444336 1259
1784393376744 10.527382850646973 1260
1784393376747 12.763014793395996 1261
1784393376751 10.85015869140625 1262
1784393376754 10.328049659729004 1263
1784393376762 11.847564697265625 1264
1784393376767 10.014681816101074 1265
1784393376771 10.430221557617188 1266
1784393376776 9.181634902954102 1267
1784393376781 9.131455421447754 1268
1784393376785 10.47507095336914 1269
1784393376789 7.915943622589111 1270
1784393376793 9.230598449707031 1271
1784393376797 7.626190185546875 1272
1784393376801 8.473651885986328 1273
1784393376805 10.0994234085083 1274
1784393376809 8.981359481811523 1275
1784393376813 10.256650924682617 1276
1784393376817 10.391351699829102 1277
1784393376820 9.361992835998535 1278
1784393376824 11.35042953491211 1279
1784393376828 11.53639030456543 1280
1784393376832 10.157691955566406 1281
1784393376835 10.023910522460938 1282
1784393376839 9.317859649658203 1283
1784393376843 8.429573059082031 1284
1784393376847 10.290964126586914 1285
1784393376851 9.506505012512207 1286
1784393376854 8.93108081817627 1287
1784393376858 8.210670471191406 1288
1784393376861 8.009099960327148 1289
1784393376865 8.220856666564941 1290
1784393376869 8.115674018859863 1291
1784393376872 9.449922561645508 1292
1784393376876 8.194673538208008 1293
1784393376879 13.357020378112793 1294
1784393376882 9.665973663330078 1295
1784393376886 12.697555541992188 1296
1784393376889 12.194914817810059 1297
1784393376892 9.890759468078613 1298
1784393376894 13.302303314208984 1299
1784393376898 11.536145210266113 1300
1784393376902 13.7852783203125 1301
1784393376905 12.294344902038574 1302
1784393376908 12.268266677856445 1303
1784393376912 13.447338104248047 1304
1784393376914 12.977953910827637 1305
1784393376918 11.970819473266602 1306
1784393376920 11.391561508178711 1307
1784393376923 12.39203929901123 1308
1784393376926 11.579164505004883 1309
1784393376929 12.090470314025879 1310
1784393376932 11.817320823669434 1311
1784393376936 11.608466148376465 1312
1784393376939 11.188063621520996 1313
1784393376942 11.595636367797852 1314
1784393376944 10.425211906433105 1315
1784393376948 13.719762802124023 1316
1784393376950 10.159255981445312 1317
1784393376954 12.65378475189209 1318
1784393376957 13.154438972473145 1319
1784393376960 10.158184051513672 1320
1784393376963 10.107708930969238 1321
1784393376966 9.573957443237305 1322
1784393376969 10.996336936950684 1323
1784393376972 11.005156517028809 1324
1784393376975 12.488175392150879 1325
1784393376978 12.463208198547363 1326
1784393376981 9.399020195007324 1327
1784393376985 11.9578275680542 1328
1784393376988 10.274215698242188 1329
1784393376991 10.612247467041016 1330
1784393376994 10.559313774108887 1331
1784393376997 10.076656341552734 1332
1784393376999 13.100015640258789 1333
1784393377002 9.713349342346191 1334
1784393377007 13.681525230407715 1335
1784393377010 11.031749725341797 1336
1784393377013 9.912590980529785 1337
1784393377016 11.37503433227539 1338
1784393377020 11.425312042236328 1339
1784393377023 10.073025703430176 1340
1784393377026 10.27399730682373 1341
1784393377028 9.70212459564209 1342
1784393377032 9.925580024719238 1343
1784393377034 10.606995582580566 1344
1784393377037 10.226730346679688 1345
1784393377039 10.986495971679688 1346
1784393377041 9.331531524658203 1347
1784393377043 9.694894790649414 1348
1784393377045 9.464837074279785 1349
1784393377047 8.723475456237793 1350
1784393377049 8.36728286743164 1351
1784393377051 9.355899810791016 1352
1784393377053 8.644218444824219 1353
1784393377056 8.571538925170898 1354
1784393377058 7.921918869018555 1355
1784393377061 7.114435195922852 1356
1784393377064 8.77320384979248 1357
1784393377067 7.8974432945251465 1358
1784393377070 8.986968040466309 1359
1784393377073 7.272540092468262 1360
1784393377077 10.745916366577148 1361
1784393377081 10.29720687866211 1362
1784393377084 9.034116744995117 1363
1784393377087 10.734726905822754 1364
1784393377090 8.66758918762207 1365
1784393377093 11.857521057128906 1366
1784393377095 10.720951080322266 1367
1784393377098 8.534915924072266 1368
1784393377100 8.743524551391602 1369
1784393377103 9.120508193969727 1370
1784393377107 8.326266288757324 1371
1784393377110 9.323777198791504 1372
1784393377115 8.282169342041016 1373
1784393377121 10.014569282531738 1374
1784393377124 9.977912902832031 1375
1784393377127 10.033404350280762 1376
1784393377131 10.368962287902832 1377
1784393377135 10.411375045776367 1378
1784393377139 10.246240615844727 1379
1784393377142 10.15468692779541 1380
1784393377145 8.19387435913086 1381
1784393377148 9.556421279907227 1382
1784393377151 8.15149211883545 1383
1784393377154 7.8618035316467285 1384
1784393377157 8.745803833007812 1385
1784393377160 7.161096572875977 1386
1784393377165 9.168131828308105 1387
1784393377167 6.716825485229492 1388
1784393377171 9.13656997680664 1389
1784393377173 8.121292114257812 1390
1784393377175 11.315631866455078 1391
1784393377178 11.299508094787598 1392
1784393377180 12.364323616027832 1393
1784393377184 13.208586692810059 1394
1784393377186 13.660913467407227 1395
1784393377189 12.841214179992676 1396
1784393377192 15.50304126739502 1397
1784393377195 11.147587776184082 1398
1784393377198 13.402058601379395 1399
1784393377200 15.214906692504883 1400
1784393377203 15.062474250793457 1401
1784393377207 12.483711242675781 1402
1784393377209 13.463191032409668 1403
1784393377212 16.357851028442383 1404
1784393377215 16.41888999938965 1405
1784393377218 11.87673568725586 1406
1784393377221 16.675804138183594 1407
1784393377224 19.85364532470703 1408
1784393377228 16.56586456298828 1409
1784393377231 18.822500228881836 1410
1784393377234 22.349254608154297 1411
1784393377237 21.552364349365234 1412
1784393377240 14.477705001831055 1413
1784393377243 21.50853157043457 1414
1784393377246 20.679901123046875 1415
1784393377249 17.51930046081543 1416
1784393377252 20.080167770385742 1417
1784393377255 15.709094047546387 1418
1784393377258 14.690340995788574 1419
1784393377261 16.02263832092285 1420
1784393377263 14.415609359741211 1421
1784393377265 12.875325202941895 1422
1784393377268 14.761682510375977 1423
1784393377269 11.935097694396973 1424
1784393377271 11.793209075927734 1425
1784393377274 11.147867202758789 1426
1784393377276 10.08008861541748 1427
1784393377278 11.581525802612305 1428
1784393377280 11.184798240661621 1429
1784393377283 9.576895713806152 1430
1784393377286 9.558900833129883 1431
1784393377289 10.224160194396973 1432
1784393377292 9.889360427856445 1433
1784393377294 10.350065231323242 1434
1784393377297 10.380331039428711 1435
1784393377301 11.18127727508545 1436
1784393377304 11.2985258102417 1437
1784393377306 11.591303825378418 1438
1784393377309 10.124855995178223 1439
1784393377312 9.432310104370117 1440
1784393377315 10.045087814331055 1441
1784393377318 9.940150260925293 1442
1784393377321 9.924074172973633 1443
1784393377324 8.038439750671387 1444
1784393377327 9.199507713317871 1445
1784393377330 8.469633102416992 1446
1784393377333 10.518357276916504 1447
1784393377337 8.635894775390625 1448
1784393377340 9.890753746032715 1449
1784393377343 9.818035125732422 1450
1784393377346 10.121779441833496 1451
1784393377349 8.656320571899414 1452
1784393377352 9.775773048400879 1453
1784393377355 8.122142791748047 1454
1784393377358 9.38619613647461 1455
1784393377361 9.391945838928223 1456
1784393377363 10.478290557861328 1457
1784393377366 9.486690521240234 1458
1784393377369 11.232315063476562 1459
1784393377371 10.939064979553223 1460
1784393377373 12.584213256835938 1461
1784393377375 11.68328857421875 1462
1784393377378 12.418294906616211 1463
1784393377379 11.128297805786133 1464
1784393377381 14.680027961730957 1465
1784393377384 14.224206924438477 1466
1784393377386 12.978551864624023 1467
1784393377388 15.03930950164795 1468
1784393377391 11.368339538574219 1469
1784393377396 13.135714530944824 1470
1784393377399 12.922545433044434 1471
1784393377403 10.97848892211914 1472
1784393377406 14.692634582519531 1473
1784393377409 12.318798065185547 1474
1784393377412 13.643926620483398 1475
1784393377416 13.958890914916992 1476
1784393377419 11.85000228881836 1477
1784393377423 15.722832679748535 1478
1784393377426 16.938282012939453 1479
1784393377429 12.79430103302002 1480
1784393377432 14.39919376373291 1481
1784393377434 17.280784606933594 1482
1784393377438 13.697308540344238 1483
1784393377441 16.189434051513672 1484
1784393377444 13.481237411499023 1485
1784393377446 15.626392364501953 1486
1784393377448 13.97230052947998 1487
1784393377450 11.762882232666016 1488
1784393377452 15.01023006439209 1489
1784393377454 14.921642303466797 1490
1784393377456 11.069452285766602 1491
1784393377458 13.671030044555664 1492
1784393377460 11.460138320922852 1493
1784393377462 11.66046142578125 1494
1784393377464 12.232778549194336 1495
1784393377468 11.577842712402344 1496
1784393377471 10.286044120788574 1497
1784393377473 11.508476257324219 1498
1784393377476 11.77002239227295 1499
1784393377479 10.483684539794922 1500
1784393377482 10.224339485168457 1501
1784393377486 11.231162071228027 1502
1784393377489 12.42102336883545 1503
1784393377493 8.209885597229004 1504
1784393377496 11.858278274536133 1505
1784393377499 10.72262191772461 1506
1784393377501 11.091878890991211 1507
1784393377503 13.831047058105469 1508
1784393377507 12.378976821899414 1509
1784393377510 14.032995223999023 1510
1784393377513 14.529129028320312 1511
1784393377515 12.696784973144531 1512
1784393377518 14.06717586517334 1513
1784393377521 9.231047630310059 1514
1784393377525 14.310702323913574 1515
1784393377528 12.77001667022705 1516
1784393377531 13.4977445602417 1517
1784393377535 16.230283737182617 1518
1784393377538 8.805246353149414 1519
1784393377542 14.649811744689941 1520
1784393377544 13.133650779724121 1521
1784393377548 12.503335952758789 1522
1784393377550 15.07120132446289 1523
1784393377553 11.479939460754395 1524
1784393377555 12.476912498474121 1525
1784393377558 13.57343864440918 1526
1784393377560 11.40213394165039 1527
1784393377562 10.109747886657715 1528
1784393377564 10.93232250213623 1529
1784393377566 8.662763595581055 1530
1784393377568 11.873138427734375 1531
1784393377570 8.118947982788086 1532
1784393377573 11.897107124328613 1533
1784393377577 8.757896423339844 1534
1784393377580 12.799903869628906 1535
1784393377583 10.639479637145996 1536
1784393377586 13.275834083557129 1537
1784393377589 14.740635871887207 1538
1784393377592 8.384452819824219 1539
1784393377595 11.894576072692871 1540
1784393377598 10.551902770996094 1541
1784393377601 12.069293022155762 1542
1784393377604 13.3884916305542 1543
1784393377620 10.98377799987793 1544
1784393377622 13.290395736694336 1545
1784393377624 11.373603820800781 1546
1784393377626 14.107532501220703 1547
1784393377628 15.032036781311035 1548
1784393377630 13.002046585083008 1549
1784393377632 14.509069442749023 1550
1784393377634 14.69324016571045 1551
1784393377636 14.682269096374512 1552
1784393377639 13.396928787231445 1553
1784393377641 15.561620712280273 1554
1784393377643 13.77670955657959 1555
1784393377646 12.735286712646484 1556
1784393377649 15.860123634338379 1557
1784393377652 10.769217491149902 1558
1784393377655 13.807558059692383 1559
1784393377658 11.19546890258789 1560
1784393377662 12.968688011169434 1561
1784393377664 12.90121078491211 1562
1784393377668 9.732584953308105 1563
1784393377670 10.792106628417969 1564
1784393377672 11.116576194763184 1565
1784393377675 8.986360549926758 1566
1784393377677 11.500682830810547 1567
1784393377679 9.459898948669434 1568
1784393377682 13.685783386230469 1569
1784393377684 10.006543159484863 1570
1784393377686 13.278624534606934 1571
1784393377689 10.699652671813965 1572
1784393377692 14.38122844696045 1573
1784393377695 13.07397174835205 1574
1784393377698 10.97785758972168 1575
1784393377702 12.988967895507812 1576
1784393377706 7.838625431060791 1577
1784393377709 12.262580871582031 1578
1784393377713 8.600762367248535 1579
1784393377716 12.693780899047852 1580
1784393377718 11.811267852783203 1581
1784393377720 8.01730728149414 1582
1784393377722 11.917449951171875 1583
1784393377724 9.7962064743042 1584
1784393377726 10.24103832244873 1585
1784393377728 13.994690895080566 1586
1784393377730 8.73473072052002 1587
1784393377733 11.6646728515625 1588
1784393377735 10.392067909240723 1589
1784393377737 10.669511795043945 1590
1784393377741 13.21925163269043 1591
1784393377744 10.869657516479492 1592
1784393377747 11.894408226013184 1593
1784393377752 11.549825668334961 1594
1784393377755 11.75810718536377 1595
1784393377759 13.708395004272461 1596
1784393377763 11.226760864257812 1597
1784393377766 14.838894844055176 1598
1784393377770 8.748784065246582 1599
1784393377774 14.49028491973877 1600
1784393377778 12.361478805541992 1601
1784393377782 12.95729923248291 1602
1784393377785 13.81435489654541 1603
1784393377789 12.703662872314453 1604
1784393377791 12.001738548278809 1605
1784393377793 10.569731712341309 1606
1784393377796 17.0515193939209 1607
1784393377799 14.56891918182373 1608
1784393377802 13.843745231628418 1609
1784393377805 17.4323787689209 1610
1784393377808 14.247657775878906 1611
1784393377810 13.891576766967773 1612
1784393377813 15.538246154785156 1613
1784393377816 12.813509941101074 1614
1784393377818 13.833587646484375 1615
1784393377820 15.949714660644531 1616
1784393377822 12.51767349243164 1617
1784393377824 13.681102752685547 1618
1784393377826 14.188419342041016 1619
1784393377828 11.66424560546875 1620
1784393377830 14.534423828125 1621
1784393377833 16.352527618408203 1622
1784393377837 12.486221313476562 1623
1784393377840 13.576528549194336 1624
1784393377843 15.930068969726562 1625
1784393377846 13.78371810913086 1626
1784393377849 12.871843338012695 1627
1784393377852 14.880971908569336 1628
1784393377855 11.997754096984863 1629
1784393377859 15.95304012298584 1630
1784393377862 15.59732437133789 1631
1784393377865 14.612678527832031 1632
1784393377868 11.42320728302002 1633
1784393377871 14.706456184387207 1634
1784393377873 12.536314964294434 1635
1784393377876 11.639942169189453 1636
1784393377878 14.837336540222168 1637
1784393377880 10.198433876037598 1638
1784393377882 13.512344360351562 1639
1784393377884 15.684855461120605 1640
1784393377887 12.338235855102539 1641
1784393377888 13.229034423828125 1642
1784393377890 11.557514190673828 1643
1784393377893 11.483701705932617 1644
1784393377895 11.320511817932129 1645
1784393377898 12.486831665039062 1646
1784393377901 13.29946517944336 1647
1784393377905 11.65992259979248 1648
1784393377908 12.509637832641602 1649
1784393377912 13.170736312866211 1650
1784393377914 13.285162925720215 1651
1784393377917 13.599082946777344 1652
1784393377920 9.964131355285645 1653
1784393377923 12.682571411132812 1654
1784393377925 11.725863456726074 1655
1784393377929 12.46246337890625 1656
1784393377932 11.05285930633545 1657
1784393377935 14.79069709777832 1658
1784393377939 12.704458236694336 1659
1784393377942 11.696455001831055 1660
1784393377944 12.838530540466309 1661
1784393377946 10.621475219726562 1662
1784393377948 14.37895393371582 1663
1784393377950 10.354296684265137 1664
1784393377952 11.094951629638672 1665
1784393377954 12.774116516113281 1666
1784393377956 11.58895206451416 1667
1784393377958 10.981836318969727 1668
1784393377961 10.37728500366211 1669
1784393377964 10.12544059753418 1670
1784393377967 8.577924728393555 1671
1784393377970 9.955191612243652 1672
1784393377973 8.819629669189453 1673
1784393377976 9.64560317993164 1674
1784393377980 9.11837387084961 1675
1784393377982 9.142120361328125 1676
1784393377985 9.419262886047363 1677
1784393377988 10.083138465881348 1678
1784393377991 9.409622192382812 1679
1784393377993 9.633488655090332 1680
1784393377996 10.210291862487793 1681
1784393377999 9.061685562133789 1682
1784393378002 10.214289665222168 1683
1784393378004 9.85791015625 1684
1784393378007 11.728111267089844 1685
1784393378010 10.019283294677734 1686
1784393378013 10.609658241271973 1687
1784393378016 11.707864761352539 1688
1784393378019 8.979517936706543 1689
1784393378021 11.362157821655273 1690
1784393378024 11.247836112976074 1691
1784393378027 10.08029556274414 1692
1784393378029 10.789512634277344 1693
1784393378032 9.80831241607666 1694
1784393378034 12.795759201049805 1695
1784393378036 11.075979232788086 1696
1784393378039 12.859723091125488 1697
1784393378041 11.015522003173828 1698
1784393378043 12.753921508789062 1699
1784393378045 9.970784187316895 1700
1784393378047 11.943836212158203 1701
1784393378050 11.260730743408203 1702
1784393378052 10.677787780761719 1703
1784393378056 9.678972244262695 1704
1784393378059 11.77280044555664 1705
1784393378062 9.990474700927734 1706
1784393378066 10.7027587890625 1707
1784393378069 10.866667747497559 1708
1784393378072 10.935639381408691 1709
1784393378074 10.521160125732422 1710
1784393378077 10.376946449279785 1711
1784393378080 11.062167167663574 1712
1784393378082 11.377761840820312 1713
1784393378084 9.910347938537598 1714
1784393378087 12.414130210876465 1715
1784393378089 9.111566543579102 1716
1784393378091 9.859764099121094 1717
1784393378093 9.114956855773926 1718
1784393378094 8.563252449035645 1719
1784393378096 8.392318725585938 1720
1784393378098 8.615179061889648 1721
1784393378100 9.482193946838379 1722
1784393378102 7.884126663208008 1723
1784393378105 9.779168128967285 1724
1784393378108 8.830519676208496 1725
1784393378111 11.578060150146484 1726
1784393378114 8.443869590759277 1727
1784393378116 12.710736274719238 1728
1784393378119 11.069611549377441 1729
1784393378122 9.904449462890625 1730
1784393378125 13.480432510375977 1731
1784393378129 11.050424575805664 1732
1784393378131 13.788349151611328 1733
1784393378134 13.955621719360352 1734
1784393378137 10.186412811279297 1735
1784393378140 11.717942237854004 1736
1784393378143 11.950023651123047 1737
1784393378146 10.66860580444336 1738
1784393378149 15.190166473388672 1739
1784393378152 10.664807319641113 1740
1784393378155 11.327107429504395 1741
1784393378158 11.827055931091309 1742
1784393378161 12.178122520446777 1743
1784393378164 9.31542682647705 1744
1784393378167 11.34572982788086 1745
1784393378170 8.670106887817383 1746
1784393378173 12.869707107543945 1747
1784393378177 9.784423828125 1748
1784393378179 12.780433654785156 1749
1784393378182 12.407072067260742 1750
1784393378185 10.911212921142578 1751
1784393378188 13.296675682067871 1752
1784393378191 11.249053955078125 1753
1784393378195 12.892763137817383 1754
1784393378198 11.532567977905273 1755
1784393378200 14.137022972106934 1756
1784393378203 11.11423397064209 1757
1784393378206 12.671698570251465 1758
1784393378210 12.643455505371094 1759
1784393378213 12.192044258117676 1760
1784393378215 12.00839900970459 1761
1784393378218 13.230924606323242 1762
1784393378221 11.964481353759766 1763
1784393378224 12.181254386901855 1764
1784393378227 14.845646858215332 1765
1784393378229 11.725878715515137 1766
1784393378232 10.924101829528809 1767
1784393378234 13.153730392456055 1768
1784393378237 12.255325317382812 1769
1784393378239 10.029008865356445 1770
1784393378241 10.513808250427246 1771
1784393378243 10.890889167785645 1772
1784393378245 10.875144004821777 1773
1784393378247 11.392318725585938 1774
1784393378249 11.264081954956055 1775
1784393378252 12.699953079223633 1776
1784393378255 10.06179141998291 1777
1784393378259 13.099116325378418 1778
1784393378262 10.441385269165039 1779
1784393378265 10.117767333984375 1780
1784393378268 10.168912887573242 1781
1784393378271 9.547327041625977 1782
1784393378273 11.49205493927002 1783
1784393378276 10.309019088745117 1784
1784393378279 12.195241928100586 1785
1784393378282 12.311880111694336 1786
1784393378284 10.572449684143066 1787
1784393378287 12.181798934936523 1788
1784393378290 7.925278663635254 1789
1784393378293 11.823601722717285 1790
1784393378296 10.087089538574219 1791
1784393378299 11.636524200439453 1792
1784393378302 8.972707748413086 1793
1784393378305 8.556949615478516 1794
1784393378308 12.7717924118042 1795
1784393378311 11.105083465576172 1796
1784393378314 12.315187454223633 1797
1784393378316 10.130067825317383 1798
1784393378320 9.151545524597168 1799
1784393378323 10.612054824829102 1800
1784393378326 10.576364517211914 1801
1784393378329 10.996305465698242 1802
1784393378331 9.938996315002441 1803
1784393378334 10.66426944732666 1804
1784393378337 10.471957206726074 1805
1784393378340 9.254103660583496 1806
1784393378342 11.252655029296875 1807
1784393378345 11.214911460876465 1808
1784393378349 10.488670349121094 1809
1784393378352 11.87725830078125 1810
1784393378355 10.926599502563477 1811
1784393378358 10.94157600402832 1812
1784393378361 10.379611015319824 1813
1784393378364 9.862086296081543 1814
1784393378369 10.599451065063477 1815
1784393378372 11.475116729736328 1816
1784393378375 9.130500793457031 1817
1784393378378 12.446746826171875 1818
1784393378382 11.642606735229492 1819
1784393378385 9.216064453125 1820
1784393378388 11.100250244140625 1821
1784393378390 10.894927978515625 1822
1784393378393 11.219711303710938 1823
1784393378395 10.9098482131958 1824
1784393378398 13.37836742401123 1825
1784393378400 11.195645332336426 1826
1784393378402 10.971014022827148 1827
1784393378404 15.753121376037598 1828
1784393378407 11.71586799621582 1829
1784393378409 12.3906831741333 1830
1784393378411 11.979758262634277 1831
1784393378414 9.998519897460938 1832
1784393378417 13.518036842346191 1833
1784393378421 13.310699462890625 1834
1784393378425 10.108010292053223 1835
1784393378428 13.24559497833252 1836
1784393378432 11.302556037902832 1837
1784393378435 10.882360458374023 1838
1784393378437 11.81345272064209 1839
1784393378441 10.963846206665039 1840
1784393378444 10.62507438659668 1841
1784393378447 14.311325073242188 1842
1784393378450 11.75903034210205 1843
1784393378453 14.30539321899414 1844
1784393378456 14.131806373596191 1845
1784393378459 11.367457389831543 1846
1784393378463 12.436986923217773 1847
1784393378466 10.594265937805176 1848
1784393378469 12.638446807861328 1849
1784393378472 10.733099937438965 1850
1784393378475 10.956783294677734 1851
1784393378478 10.082927703857422 1852
1784393378482 9.994787216186523 1853
1784393378484 10.852261543273926 1854
1784393378488 10.122632026672363 1855
1784393378492 9.265939712524414 1856
1784393378495 9.430176734924316 1857
1784393378498 9.563751220703125 1858
1784393378501 9.938234329223633 1859
1784393378504 9.159342765808105 1860
1784393378507 9.467143058776855 1861
1784393378511 7.807497501373291 1862
1784393378514 8.996926307678223 1863
1784393378518 9.087408065795898 1864
1784393378520 10.482342720031738 1865
1784393378524 8.429908752441406 1866
1784393378527 9.655540466308594 1867
1784393378530 7.8920793533325195 1868
1784393378533 8.754332542419434 1869
1784393378536 8.653238296508789 1870
1784393378539 9.222698211669922 1871
1784393378542 9.521903991699219 1872
1784393378545 10.830496788024902 1873
1784393378548 9.253807067871094 1874
1784393378726 9.360289573669434 1875
1784393378730 8.716558456420898 1876
1784393378732 9.043758392333984 1877
1784393378735 9.495267868041992 1878
1784393378738 11.425204277038574 1879
1784393378741 8.281460762023926 1880
1784393378745 11.348011016845703 1881
1784393378747 9.28416919708252 1882
1784393378751 9.214974403381348 1883
1784393378753 11.75948429107666 1884
1784393378756 11.9741849899292 1885
1784393378759 11.98334789276123 1886
1784393378763 10.874252319335938 1887
1784393378766 9.911867141723633 1888
1784393378768 12.993751525878906 1889
1784393378771 9.132905960083008 1890
1784393378773 13.375243186950684 1891
1784393378775 12.604593276977539 1892
1784393378777 13.425871849060059 1893
1784393378779 18.91210174560547 1894
1784393378781 12.167800903320312 1895
1784393378784 14.887659072875977 1896
1784393378785 14.313762664794922 1897
1784393378788 11.761672973632812 1898
1784393378790 11.593267440795898 1899
1784393378793 12.999162673950195 1900
1784393378797 12.735306739807129 1901
1784393378799 10.001636505126953 1902
1784393378803 11.277084350585938 1903
1784393378806 14.396551132202148 1904
1784393378809 11.718194961547852 1905
1784393378814 10.273083686828613 1906
1784393378817 13.449542045593262 1907
1784393378819 11.915771484375 1908
1784393378822 12.977840423583984 1909
1784393378825 15.409224510192871 1910
1784393378828 15.198556900024414 1911
1784393378831 11.558284759521484 1912
1784393378834 13.647602081298828 1913
1784393378837 13.257255554199219 1914
1784393378840 10.16026496887207 1915
1784393378843 12.649238586425781 1916
1784393378846 12.837911605834961 1917
1784393378848 13.607803344726562 1918
1784393378850 14.742311477661133 1919
1784393378852 13.468671798706055 1920
1784393378854 9.662668228149414 1921
1784393378856 13.211541175842285 1922
1784393378858 12.944104194641113 1923
1784393378860 13.654651641845703 1924
1784393378863 12.938469886779785 1925
1784393378865 11.15337085723877 1926
1784393378867 12.769680976867676 1927
1784393378870 11.672270774841309 1928
1784393378873 12.404794692993164 1929
1784393378876 11.670795440673828 1930
1784393378879 8.96324348449707 1931
1784393378882 12.804418563842773 1932
1784393378885 10.182394027709961 1933
1784393378888 9.937688827514648 1934
1784393378890 11.926246643066406 1935
1784393378893 8.013239860534668 1936
1784393378896 9.654945373535156 1937
1784393378898 9.213066101074219 1938
1784393378901 9.489365577697754 1939
1784393378903 9.767871856689453 1940
1784393378906 8.261117935180664 1941
1784393378908 9.827101707458496 1942
1784393378910 9.332029342651367 1943
1784393378912 8.525378227233887 1944
1784393378914 8.724458694458008 1945
1784393378916 9.933749198913574 1946
1784393378918 7.944850921630859 1947
1784393378921 8.157469749450684 1948
1784393378923 8.476933479309082 1949
1784393378927 7.173398971557617 1950
1784393378930 10.069245338439941 1951
1784393378933 8.649466514587402 1952
1784393378937 9.899742126464844 1953
1784393378940 12.422553062438965 1954
1784393378943 11.760843276977539 1955
1784393378946 12.525291442871094 1956
1784393378949 11.031545639038086 1957
1784393378952 13.037725448608398 1958
1784393378955 11.076440811157227 1959
1784393378957 12.12874698638916 1960
1784393378960 12.624351501464844 1961
1784393378963 10.73900032043457 1962
1784393378966 13.282986640930176 1963
1784393378968 9.914161682128906 1964
1784393378971 13.337632179260254 1965
1784393378974 10.259021759033203 1966
1784393378977 13.058197975158691 1967
1784393378980 9.963020324707031 1968
1784393378982 11.074666023254395 1969
1784393378985 12.835487365722656 1970
1784393378988 11.205945014953613 1971
1784393378991 11.671883583068848 1972
1784393378994 11.427107810974121 1973
1784393378998 12.577863693237305 1974
1784393379002 14.79324722290039 1975
1784393379009 14.157110214233398 1976
1784393379012 11.658406257629395 1977
1784393379017 10.795822143554688 1978
1784393379024 11.361821174621582 1979
1784393379030 10.51129150390625 1980
1784393379036 15.683871269226074 1981
1784393379042 10.723616600036621 1982
1784393379045 13.528210639953613 1983
1784393379048 13.760059356689453 1984
1784393379051 10.553841590881348 1985
1784393379055 15.071334838867188 1986
1784393379060 14.962409973144531 1987
1784393379064 9.150969505310059 1988
1784393379066 13.748140335083008 1989
1784393379069 10.988208770751953 1990
1784393379072 10.165243148803711 1991
1784393379076 10.052454948425293 1992
1784393379078 11.422210693359375 1993
1784393379082 9.377914428710938 1994
1784393379085 11.51118278503418 1995
1784393379088 9.232759475708008 1996
1784393379091 10.586329460144043 1997
1784393379094 9.39536190032959 1998
1784393379097 10.504268646240234 1999
1784393379100 10.403580665588379 2000
1784393379103 11.079161643981934 2001
1784393379106 10.7362060546875 2002
1784393379109 10.692269325256348 2003
1784393379112 11.991230964660645 2004
1784393379115 10.365285873413086 2005
1784393379118 12.022783279418945 2006
1784393379121 11.811126708984375 2007
1784393379125 11.144515037536621 2008
1784393379128 12.868345260620117 2009
1784393379131 9.971430778503418 2010
1784393379134 10.861804962158203 2011
1784393379137 10.671374320983887 2012
1784393379140 13.196300506591797 2013
1784393379142 10.947078704833984 2014
1784393379145 13.421576499938965 2015
1784393379149 15.206557273864746 2016
1784393379152 9.310182571411133 2017
1784393379156 13.779212951660156 2018
1784393379158 11.63558578491211 2019
1784393379161 12.637765884399414 2020
1784393379164 14.832170486450195 2021
1784393379167 13.420492172241211 2022
1784393379171 13.855185508728027 2023
1784393379174 12.979361534118652 2024
1784393379177 13.397445678710938 2025
1784393379180 14.114062309265137 2026
1784393379183 13.11965560913086 2027
1784393379186 15.262713432312012 2028
1784393379188 10.755000114440918 2029
1784393379191 14.289941787719727 2030
1784393379193 12.591221809387207 2031
1784393379196 13.982048034667969 2032
1784393379198 15.702566146850586 2033
1784393379200 12.169025421142578 2034
1784393379203 12.567638397216797 2035
1784393379205 12.84267520904541 2036
1784393379208 12.631338119506836 2037
1784393379210 12.341451644897461 2038
1784393379212 12.670088768005371 2039
1784393379214 11.984366416931152 2040
1784393379217 11.551970481872559 2041
1784393379221 11.177684783935547 2042
1784393379224 10.73098087310791 2043
1784393379228 12.733104705810547 2044
1784393379232 10.522684097290039 2045
1784393379235 12.779489517211914 2046
1784393379238 12.055306434631348 2047
1784393379241 10.960274696350098 2048
1784393379244 12.438220024108887 2049
1784393379247 9.185418128967285 2050
1784393379250 11.84489631652832 2051
1784393379254 9.558869361877441 2052
1784393379257 10.268732070922852 2053
1784393379259 9.737483978271484 2054
1784393379261 10.06863784790039 2055
1784393379263 11.504999160766602 2056
1784393379265 10.947036743164062 2057
1784393379267 10.493694305419922 2058
1784393379269 11.723550796508789 2059
1784393379271 8.835125923156738 2060
1784393379273 9.967710494995117 2061
1784393379275 8.522870063781738 2062
1784393379277 9.922141075134277 2063
1784393379280 10.863626480102539 2064
1784393379284 9.623048782348633 2065
1784393379286 11.303581237792969 2066
1784393379289 10.391470909118652 2067
1784393379292 13.294320106506348 2068
1784393379295 12.180195808410645 2069
1784393379298 13.421609878540039 2070
1784393379306 14.087818145751953 2071
1784393379308 13.610156059265137 2072
1784393379312 11.32947063446045 2073
1784393379314 13.857571601867676 2074
1784393379316 12.4177885055542 2075
1784393379318 12.250081062316895 2076
1784393379320 9.741023063659668 2077
1784393379322 10.560400009155273 2078
1784393379324 10.5275239944458 2079
1784393379326 10.752506256103516 2080
1784393379328 9.108979225158691 2081
1784393379331 10.260748863220215 2082
1784393379333 10.152425765991211 2083
1784393379337 9.576742172241211 2084
1784393379339 9.238039016723633 2085
1784393379342 11.259065628051758 2086
1784393379345 8.840108871459961 2087
1784393379348 15.004356384277344 2088
1784393379352 12.016077041625977 2089
1784393379355 10.34978199005127 2090
1784393379357 14.569844245910645 2091
1784393379360 12.777811050415039 2092
1784393379363 14.717474937438965 2093
1784393379366 14.750316619873047 2094
1784393379369 15.661046981811523 2095
1784393379372 16.299774169921875 2096
1784393379374 12.680463790893555 2097
1784393379376 15.650641441345215 2098
1784393379379 15.740694046020508 2099
1784393379380 10.800825119018555 2100
1784393379382 14.40466594696045 2101
1784393379385 13.723658561706543 2102
1784393379387 9.340036392211914 2103
1784393379389 15.46790885925293 2104
1784393379392 10.293325424194336 2105
1784393379394 13.098836898803711 2106
1784393379397 13.16045093536377 2107
1784393379401 15.934659004211426 2108
1784393379404 11.663196563720703 2109
1784393379407 14.138113021850586 2110
1784393379410 14.379409790039062 2111
1784393379414 11.61023998260498 2112
1784393379417 15.375408172607422 2113
1784393379420 11.45688533782959 2114
1784393379423 16.179529190063477 2115
1784393379426 14.597723960876465 2116
1784393379429 13.288835525512695 2117
1784393379432 14.858198165893555 2118
1784393379434 13.190614700317383 2119
1784393379436 14.8464994430542 2120
1784393379439 16.825029373168945 2121
1784393379441 14.310323715209961 2122
1784393379443 15.622873306274414 2123
1784393379445 12.473722457885742 2124
1784393379447 14.226761817932129 2125
1784393379449 11.676904678344727 2126
1784393379451 12.15217113494873 2127
1784393379454 12.587991714477539 2128
1784393379457 9.615635871887207 2129
1784393379460 10.854493141174316 2130
1784393379463 10.34437370300293 2131
1784393379467 11.00117301940918 2132
1784393379471 9.782867431640625 2133
1784393379474 12.892845153808594 2134
1784393379477 9.782422065734863 2135
1784393379479 11.482118606567383 2136
1784393379482 10.285353660583496 2137
1784393379484 11.870537757873535 2138
1784393379486 11.091069221496582 2139
1784393379488 11.333442687988281 2140
1784393379489 14.183716773986816 2141
1784393379491 10.03044319152832 2142
1784393379494 13.100323677062988 2143
1784393379495 10.762553215026855 2144
1784393379498 12.414862632751465 2145
1784393379501 12.802584648132324 2146
1784393379505 10.704182624816895 2147
1784393379508 11.606730461120605 2148
1784393379511 10.238363265991211 2149
1784393379514 12.559700012207031 2150
1784393379517 10.49063491821289 2151
1784393379520 9.455365180969238 2152
1784393379523 9.9367094039917 2153
1784393379526 7.318267345428467 2154
1784393379529 9.020305633544922 2155
1784393379531 6.724529266357422 2156
1784393379534 9.520220756530762 2157
1784393379537 8.289488792419434 2158
1784393379540 12.207247734069824 2159
1784393379543 10.212364196777344 2160
1784393379546 8.795822143554688 2161
1784393379549 9.99893569946289 2162
1784393379552 9.370348930358887 2163
1784393379554 9.627589225769043 2164
1784393379557 8.29192066192627 2165
1784393379560 8.730170249938965 2166
1784393379563 8.864038467407227 2167
1784393379565 7.959157943725586 2168
1784393379568 10.386751174926758 2169
1784393379570 8.428535461425781 2170
1784393379573 7.846168041229248 2171
1784393379575 10.362213134765625 2172
1784393379577 8.003012657165527 2173
1784393379580 10.853389739990234 2174
1784393379582 9.300995826721191 2175
1784393379584 11.252148628234863 2176
1784393379586 13.105400085449219 2177
1784393379589 9.31003189086914 2178
1784393379592 11.448526382446289 2179
1784393379595 11.456435203552246 2180
1784393379597 8.839147567749023 2181
1784393379600 12.324897766113281 2182
1784393379603 9.85110855102539 2183
1784393379606 11.052656173706055 2184
1784393379609 12.622126579284668 2185
1784393379612 10.917940139770508 2186
1784393379616 12.0552396774292 2187
1784393379619 11.918845176696777 2188
1784393379623 8.961268424987793 2189
1784393379626 12.493184089660645 2190
1784393379630 10.168566703796387 2191
1784393379633 12.045494079589844 2192
1784393379636 12.250961303710938 2193
1784393379640 9.465129852294922 2194
1784393379643 12.025296211242676 2195
1784393379646 10.9208402633667 2196
1784393379648 9.835752487182617 2197
1784393379651 12.450652122497559 2198
1784393379654 9.62509822845459 2199
1784393379657 10.27431869506836 2200
1784393379659 11.860806465148926 2201
1784393379662 11.053930282592773 2202
1784393379665 10.88265609741211 2203
1784393379668 10.037081718444824 2204
1784393379670 13.101938247680664 2205
1784393379673 13.003975868225098 2206
1784393379676 9.746217727661133 2207
1784393379679 14.83237361907959 2208
1784393379682 13.259027481079102 2209
1784393379684 12.687582015991211 2210
1784393379687 12.121541976928711 2211
1784393379690 14.65288257598877 2212
1784393379693 12.64516830444336 2213
1784393379696 10.738275527954102 2214
1784393379699 13.544722557067871 2215
1784393379701 13.012617111206055 2216
1784393379703 10.349822998046875 2217
1784393379706 11.23865795135498 2218
1784393379708 12.385299682617188 2219
1784393379710 11.641870498657227 2220
1784393379713 10.782416343688965 2221
1784393379714 11.350015640258789 2222
1784393379716 11.560802459716797 2223
1784393379719 12.993264198303223 2224
1784393379722 14.875686645507812 2225
1784393379725 11.27678394317627 2226
1784393379728 15.188705444335938 2227
1784393379731 14.668126106262207 2228
1784393379734 12.36101245880127 2229
1784393379737 12.55286693572998 2230
1784393379741 13.373993873596191 2231
1784393379745 12.063739776611328 2232
1784393379748 11.912980079650879 2233
1784393379752 12.446855545043945 2234
1784393379755 11.68818473815918 2235
1784393379758 13.413703918457031 2236
1784393379762 9.838479042053223 2237
1784393379764 15.566014289855957 2238
1784393379767 14.073505401611328 2239
1784393379770 11.558499336242676 2240
1784393379773 13.801390647888184 2241
1784393379776 13.054865837097168 2242
1784393379780 12.385089874267578 2243
1784393379783 11.270137786865234 2244
1784393379786 12.65877914428711 2245
1784393379788 12.058032989501953 2246
1784393379792 11.043990135192871 2247
1784393379794 10.614891052246094 2248
1784393379797 9.789666175842285 2249
1784393379800 11.406118392944336 2250
1784393379803 9.895100593566895 2251
1784393379806 9.392446517944336 2252
1784393379810 9.88773250579834 2253
1784393379813 8.912670135498047 2254
1784393379816 8.223267555236816 2255
1784393379819 9.071063041687012 2256
1784393379823 10.329872131347656 2257
1784393379826 9.190642356872559 2258
1784393379829 10.906418800354004 2259
1784393379833 10.837196350097656 2260
1784393379835 8.965667724609375 2261
1784393379839 9.707260131835938 2262
1784393379842 9.203926086425781 2263
1784393379845 11.490559577941895 2264
1784393379849 11.497923851013184 2265
1784393379852 12.749629974365234 2266
1784393379855 11.117382049560547 2267
1784393379857 11.635099411010742 2268
1784393379860 15.728179931640625 2269
1784393379864 11.280624389648438 2270
1784393379868 12.913888931274414 2271
1784393379871 13.649413108825684 2272
1784393379874 12.603826522827148 2273
1784393379878 12.821927070617676 2274
1784393379880 13.432520866394043 2275
1784393379883 12.93078899383545 2276
1784393379886 11.621725082397461 2277
1784393379889 11.477466583251953 2278
1784393379891 10.562716484069824 2279
1784393379894 10.884366035461426 2280
1784393379896 10.619159698486328 2281
1784393379898 11.778679847717285 2282
1784393379901 9.508794784545898 2283
1784393379903 13.2455472946167 2284
1784393379905 9.873374938964844 2285
1784393379907 11.873274803161621 2286
1784393379909 13.301283836364746 2287
1784393379911 11.814634323120117 2288
1784393379914 12.683794021606445 2289
1784393379917 10.491522789001465 2290
1784393379921 11.077911376953125 2291
1784393379924 9.963475227355957 2292
1784393379927 11.607004165649414 2293
1784393379930 10.740415573120117 2294
1784393379934 12.398598670959473 2295
1784393379937 11.20048713684082 2296
1784393379940 9.372159004211426 2297
1784393379944 10.279191970825195 2298
1784393379947 9.967257499694824 2299
1784393379950 9.27356243133545 2300
1784393379953 10.301870346069336 2301
1784393379956 9.230489730834961 2302
1784393379959 9.830506324768066 2303
1784393379962 9.475629806518555 2304
1784393379964 10.039164543151855 2305
1784393379968 8.223325729370117 2306
1784393379970 11.491998672485352 2307
1784393379973 9.42294692993164 2308
1784393379976 11.040780067443848 2309
1784393379979 9.479217529296875 2310
1784393379981 11.587876319885254 2311
1784393379984 13.067092895507812 2312
1784393379987 10.72645378112793 2313
1784393379990 11.168519973754883 2314
1784393379994 9.488602638244629 2315
1784393379997 9.67855167388916 2316
1784393379999 10.272422790527344 2317
1784393380001 6.905416488647461 2318
1784393380004 12.184476852416992 2319
1784393380006 9.966994285583496 2320
1784393380008 8.73674201965332 2321
1784393380010 10.450536727905273 2322
1784393380012 11.932034492492676 2323
1784393380014 9.76834487915039 2324
1784393380016 8.663562774658203 2325
1784393380019 9.372369766235352 2326
1784393380022 8.019498825073242 2327
1784393380025 9.168506622314453 2328
1784393380028 7.441357612609863 2329
1784393380030 7.911506652832031 2330
1784393380033 7.368206024169922 2331
1784393380036 10.398865699768066 2332
1784393380039 9.66869831085205 2333
1784393380042 8.685529708862305 2334
1784393380046 8.836383819580078 2335
1784393380049 8.891403198242188 2336
1784393380052 9.414466857910156 2337
1784393380054 11.071303367614746 2338
1784393380056 9.999849319458008 2339
1784393380058 10.806095123291016 2340
1784393380060 12.019194602966309 2341
1784393380062 8.93272876739502 2342
1784393380064 10.990812301635742 2343
1784393380066 7.307894706726074 2344
1784393380068 12.215973854064941 2345
1784393380071 8.771026611328125 2346
1784393380074 10.73993968963623 2347
1784393380077 10.682095527648926 2348
1784393380080 9.272073745727539 2349
1784393380084 12.086860656738281 2350
1784393380087 7.752485275268555 2351
1784393380090 10.478839874267578 2352
1784393380093 11.144048690795898 2353
1784393380096 8.551115036010742 2354
1784393380099 12.321325302124023 2355
1784393380103 8.363808631896973 2356
1784393380105 11.105215072631836 2357
1784393380108 9.512133598327637 2358
1784393380111 10.284622192382812 2359
1784393380114 12.119546890258789 2360
1784393380117 9.665685653686523 2361
1784393380120 10.49393367767334 2362
1784393380122 8.958456039428711 2363
1784393380125 8.921454429626465 2364
1784393380128 10.954228401184082 2365
1784393380130 9.852152824401855 2366
1784393380133 10.635622024536133 2367
1784393380135 12.209579467773438 2368
1784393380138 9.6973876953125 2369
1784393380140 12.137968063354492 2370
1784393380143 13.294939994812012 2371
1784393380145 10.941168785095215 2372
1784393380147 12.58461856842041 2373
1784393380149 13.421367645263672 2374
1784393380151 14.273691177368164 2375
1784393380154 15.863410949707031 2376
1784393380157 15.750635147094727 2377
1784393380160 12.830367088317871 2378
1784393380163 13.263460159301758 2379
1784393380166 13.959940910339355 2380
1784393380169 9.755409240722656 2381
1784393380172 11.399421691894531 2382
1784393380175 12.595209121704102 2383
1784393380178 11.930908203125 2384
1784393380181 11.247452735900879 2385
1784393380184 12.742350578308105 2386
1784393380188 10.18734073638916 2387
1784393380191 11.40220832824707 2388
1784393380194 12.682977676391602 2389
1784393380198 11.307246208190918 2390
1784393380202 9.30207633972168 2391
1784393380205 11.506760597229004 2392
1784393380207 8.522212028503418 2393
1784393380209 11.750255584716797 2394
1784393380211 8.783149719238281 2395
1784393380213 11.251338958740234 2396
1784393380216 9.229372024536133 2397
1784393380218 9.85640811920166 2398
1784393380220 11.459823608398438 2399
1784393380222 9.883681297302246 2400
1784393380224 9.589719772338867 2401
1784393380228 10.687131881713867 2402
1784393380230 10.421012878417969 2403
1784393380233 9.50670337677002 2404
1784393380236 8.895950317382812 2405
1784393380239 10.37532901763916 2406
1784393380242 8.786951065063477 2407
1784393380245 11.568338394165039 2408
1784393380248 9.73556137084961 2409
1784393380251 10.326706886291504 2410
1784393380254 10.303659439086914 2411
1784393380258 11.336603164672852 2412
1784393380260 12.413942337036133 2413
1784393380263 10.678236961364746 2414
1784393380266 13.048698425292969 2415
1784393380269 13.840968132019043 2416
1784393380272 11.222049713134766 2417
1784393380275 10.80332088470459 2418
1784393380278 15.316925048828125 2419
1784393380280 12.045255661010742 2420
1784393380283 11.786460876464844 2421
1784393380285 13.714435577392578 2422
1784393380288 13.236148834228516 2423
1784393380290 12.54299545288086 2424
1784393380293 15.063920021057129 2425
1784393380296 15.141199111938477 2426
1784393380298 12.702790260314941 2427
1784393380301 15.918998718261719 2428
1784393380303 13.042817115783691 2429
1784393380306 13.924979209899902 2430
1784393380309 11.670417785644531 2431
1784393380311 13.220946311950684 2432
1784393380314 12.049610137939453 2433
1784393380316 10.73354721069336 2434
1784393380319 11.760988235473633 2435
1784393380321 11.93311882019043 2436
1784393380323 13.82174301147461 2437
1784393380325 11.046661376953125 2438
1784393380327 12.532081604003906 2439
1784393380329 9.922873497009277 2440
1784393380331 9.842924118041992 2441
1784393380333 11.811155319213867 2442
1784393380336 9.382132530212402 2443
1784393380339 10.118868827819824 2444
1784393380342 10.658191680908203 2445
1784393380345 8.945079803466797 2446
1784393380348 8.436182022094727 2447
1784393380352 8.561729431152344 2448
1784393380357 8.847371101379395 2449
1784393380361 9.69394588470459 2450
1784393380364 9.351940155029297 2451
1784393380367 9.756011009216309 2452
1784393380369 9.524604797363281 2453
1784393380370 9.208931922912598 2454
1784393380373 9.50102424621582 2455
1784393380375 8.802054405212402 2456
1784393380377 9.254815101623535 2457
1784393380379 7.921599388122559 2458
1784393380381 10.23897933959961 2459
1784393380383 7.803311347961426 2460
1784393380386 9.737421035766602 2461
1784393380389 9.523178100585938 2462
1784393380392 7.984966278076172 2463
1784393380395 11.624495506286621 2464
1784393380398 9.456879615783691 2465
1784393380401 10.96705150604248 2466
1784393380404 10.891201972961426 2467
1784393380407 10.141578674316406 2468
1784393380410 13.674554824829102 2469
1784393380413 13.698678970336914 2470
1784393380415 12.773588180541992 2471
1784393380417 13.572534561157227 2472
1784393380419 13.03933334350586 2473
1784393380422 14.063722610473633 2474
1784393380423 12.413259506225586 2475
1784393380425 11.893839836120605 2476
1784393380428 10.85679817199707 2477
1784393380430 12.45950698852539 2478
1784393380433 11.242959022521973 2479
1784393380436 9.745219230651855 2480
1784393380440 11.293219566345215 2481
1784393380442 8.330591201782227 2482
1784393380445 10.543136596679688 2483
1784393380448 9.762382507324219 2484
1784393380451 10.999168395996094 2485
1784393380454 9.668333053588867 2486
1784393380456 11.183398246765137 2487
1784393380459 9.882163047790527 2488
1784393380462 8.346707344055176 2489
1784393380465 9.999673843383789 2490
1784393380467 9.201725006103516 2491
1784393380469 11.476690292358398 2492
1784393380471 11.663802146911621 2493
1784393380474 11.077665328979492 2494
1784393380476 13.15641975402832 2495
1784393380478 11.656148910522461 2496
1784393380480 14.804901123046875 2497
1784393380482 11.36469841003418 2498
1784393380484 11.348161697387695 2499
1784393380487 10.792895317077637 2500
1784393380490 8.981481552124023 2501
1784393380493 10.012476921081543 2502
1784393380496 10.696197509765625 2503
1784393380499 8.438516616821289 2504
1784393380502 8.286882400512695 2505
1784393380505 9.774273872375488 2506
1784393380508 8.336690902709961 2507
1784393380511 10.274714469909668 2508
1784393380514 9.409184455871582 2509
1784393380517 9.706514358520508 2510
1784393380520 10.45761775970459 2511
1784393380523 8.845293998718262 2512
1784393380526 10.368565559387207 2513
1784393380529 9.666769981384277 2514
1784393380532 12.954204559326172 2515
1784393380535 9.071563720703125 2516
1784393380537 10.69567584991455 2517
1784393380541 13.619443893432617 2518
1784393380544 9.207263946533203 2519
1784393380547 11.628790855407715 2520
1784393380550 9.380997657775879 2521
1784393380553 10.885684967041016 2522
1784393380556 9.184995651245117 2523
1784393380559 9.857041358947754 2524
1784393380562 10.960518836975098 2525
1784393380566 9.179635047912598 2526
1784393380569 9.793496131896973 2527
1784393380572 11.211688995361328 2528
1784393380575 7.19498872756958 2529
1784393380578 10.449225425720215 2530
1784393380581 8.101323127746582 2531
1784393380584 10.53692626953125 2532
1784393380587 8.395513534545898 2533
1784393380590 9.1031494140625 2534
1784393380593 10.163150787353516 2535
1784393380596 10.102066993713379 2536
1784393380599 10.337589263916016 2537
1784393380602 9.155745506286621 2538
1784393380605 10.722654342651367 2539
1784393380608 12.922102928161621 2540
1784393380611 10.413690567016602 2541
1784393380615 11.470921516418457 2542
1784393380618 10.936273574829102 2543
1784393380621 13.339092254638672 2544
1784393380623 9.849784851074219 2545
1784393380625 13.858084678649902 2546
1784393380627 14.64807415008545 2547
1784393380629 9.990901947021484 2548
1784393380630 13.383041381835938 2549
1784393380632 11.676253318786621 2550
1784393380634 9.624625205993652 2551
1784393380636 11.851470947265625 2552
1784393380638 10.323249816894531 2553
1784393380641 12.306631088256836 2554
1784393380644 11.689199447631836 2555
1784393380647 13.994253158569336 2556
1784393380650 12.181770324707031 2557
1784393380653 13.630199432373047 2558
1784393380656 14.450611114501953 2559
1784393380659 12.05273151397705 2560
1784393380662 11.8869047164917 2561
1784393380665 13.262232780456543 2562
1784393380666 12.899137496948242 2563
1784393380668 10.485864639282227 2564
1784393380670 11.508960723876953 2565
1784393380672 11.476170539855957 2566
1784393380674 13.155876159667969 2567
1784393380676 11.60053539276123 2568
1784393380677 11.7518949508667 2569
1784393380679 12.36638355255127 2570
1784393380682 10.719084739685059 2571
1784393380685 10.230778694152832 2572
1784393380688 10.212512969970703 2573
1784393380691 9.730768203735352 2574
1784393380694 9.4937105178833 2575
1784393380696 10.601855278015137 2576
1784393380699 7.401916980743408 2577
1784393380703 10.848172187805176 2578
1784393380705 7.785713195800781 2579
1784393380708 11.279016494750977 2580
1784393380711 9.407365798950195 2581
1784393380714 11.317049980163574 2582
1784393380717 10.108890533447266 2583
1784393380720 10.341440200805664 2584
1784393380723 9.111130714416504 2585
1784393380727 10.265583038330078 2586
1784393380730 12.126928329467773 2587
1784393380733 9.855581283569336 2588
1784393380736 11.011327743530273 2589
1784393380740 9.109619140625 2590
1784393380743 10.100317001342773 2591
1784393380746 10.568643569946289 2592
1784393380758 8.943902015686035 2593
1784393380761 10.273691177368164 2594
1784393380763 8.653120040893555 2595
1784393380765 9.08410930633545 2596
1784393380767 10.382986068725586 2597
1784393380769 7.849994659423828 2598
1784393380771 11.950876235961914 2599
1784393380774 9.129487991333008 2600
1784393380775 11.06438159942627 2601
1784393380777 9.122812271118164 2602
1784393380780 10.131779670715332 2603
1784393380783 10.073427200317383 2604
1784393380786 10.175355911254883 2605
1784393380789 11.091889381408691 2606
1784393380792 7.446755886077881 2607
1784393380795 10.347803115844727 2608
1784393380798 9.769173622131348 2609
1784393380801 10.312153816223145 2610
1784393380804 9.67383098602295 2611
1784393380806 9.006494522094727 2612
1784393380809 10.191597938537598 2613
1784393380812 9.522554397583008 2614
1784393380815 11.18333625793457 2615
1784393380817 11.949078559875488 2616
1784393380819 10.713008880615234 2617
1784393380822 11.247218132019043 2618
1784393380824 13.313846588134766 2619
1784393380826 12.641853332519531 2620
1784393380828 9.71533203125 2621
1784393380830 11.51706314086914 2622
1784393380832 13.38515853881836 2623
1784393380834 9.605697631835938 2624
1784393380836 15.686685562133789 2625
1784393380839 12.563586235046387 2626
1784393380842 11.635974884033203 2627
1784393380845 15.36131763458252 2628
1784393380848 14.998252868652344 2629
1784393380850 12.868448257446289 2630
1784393380853 15.1502046585083 2631
1784393380856 16.36761474609375 2632
1784393380859 13.212099075317383 2633
1784393380862 14.673811912536621 2634
1784393380865 13.650641441345215 2635
1784393380869 13.854471206665039 2636
1784393380872 13.293089866638184 2637
1784393380874 13.104226112365723 2638
1784393380877 16.132217407226562 2639
1784393380880 12.14488410949707 2640
1784393380883 16.59393310546875 2641
1784393380886 10.790071487426758 2642
1784393380888 13.932083129882812 2643
1784393380891 14.30419635772705 2644
1784393380894 9.482657432556152 2645
1784393380898 12.440261840820312 2646
1784393380900 11.620035171508789 2647
1784393380904 11.419327735900879 2648
1784393380907 11.073875427246094 2649
1784393380910 11.577312469482422 2650
1784393380914 13.251117706298828 2651
1784393380918 10.195152282714844 2652
1784393380921 14.142461776733398 2653
1784393380923 12.812993049621582 2654
1784393380926 10.296346664428711 2655
1784393380928 12.59013557434082 2656
1784393380932 11.365217208862305 2657
1784393380934 12.35706901550293 2658
1784393380937 11.394668579101562 2659
1784393380939 12.118536949157715 2660
1784393380941 11.02292251586914 2661
1784393380943 9.809184074401855 2662
1784393380945 12.090580940246582 2663
1784393380949 9.796527862548828 2664
1784393380951 10.253678321838379 2665
1784393380954 10.521177291870117 2666
1784393380957 10.891942024230957 2667
1784393380959 13.08175277709961 2668
1784393380962 9.563400268554688 2669
1784393380965 12.61535930633545 2670
1784393380969 13.058670997619629 2671
1784393380972 11.819584846496582 2672
1784393380975 12.925641059875488 2673
1784393380978 12.55410099029541 2674
1784393380981 10.84992790222168 2675
1784393380984 10.395569801330566 2676
1784393380986 9.617327690124512 2677
1784393380989 11.063860893249512 2678
1784393380992 12.759819030761719 2679
1784393380995 11.190650939941406 2680
1784393380998 11.100369453430176 2681
1784393381001 11.189144134521484 2682
1784393381004 10.90189266204834 2683
1784393381007 11.64251708984375 2684
1784393381009 11.199385643005371 2685
1784393381012 11.394211769104004 2686
1784393381014 10.627521514892578 2687
1784393381017 9.494396209716797 2688
1784393381019 10.055840492248535 2689
1784393381022 8.47133731842041 2690
1784393381024 8.436990737915039 2691
1784393381026 8.630585670471191 2692
1784393381028 8.52578353881836 2693
1784393381030 8.611534118652344 2694
1784393381031 9.501161575317383 2695
1784393381033 8.395561218261719 2696
1784393381035 10.157662391662598 2697
1784393381036 8.110332489013672 2698
1784393381038 9.869256019592285 2699
1784393381041 8.908356666564941 2700
1784393381044 10.151514053344727 2701
1784393381046 10.942974090576172 2702
1784393381049 10.019851684570312 2703
1784393381052 9.320823669433594 2704
1784393381055 8.798974990844727 2705
1784393381058 9.400437355041504 2706
1784393381061 9.463565826416016 2707
1784393381064 11.650569915771484 2708
1784393381067 9.39606761932373 2709
1784393381070 12.23921012878418 2710
1784393381073 11.774842262268066 2711
1784393381075 10.148151397705078 2712
1784393381078 11.54619026184082 2713
1784393381080 9.482828140258789 2714
1784393381083 11.01603889465332 2715
1784393381085 10.54330062866211 2716
1784393381088 11.050783157348633 2717
1784393381091 12.51676082611084 2718
1784393381093 13.044839859008789 2719
1784393381096 10.102931022644043 2720
1784393381098 14.933392524719238 2721
1784393381102 11.873961448669434 2722
1784393381104 12.023290634155273 2723
1784393381107 10.81837272644043 2724
1784393381110 12.404749870300293 2725
1784393381112 12.171443939208984 2726
1784393381114 10.813569068908691 2727
1784393381117 13.887600898742676 2728
1784393381119 11.76504135131836 2729
1784393381122 11.816082954406738 2730
1784393381124 13.205699920654297 2731
1784393381127 13.47693920135498 2732
1784393381130 11.592527389526367 2733
1784393381133 12.778410911560059 2734
1784393381136 14.036701202392578 2735
1784393381139 14.359233856201172 2736
1784393381141 12.479084968566895 2737
1784393381144 14.768636703491211 2738
1784393381147 11.057610511779785 2739
1784393381149 11.341121673583984 2740
1784393381152 12.851408004760742 2741
1784393381154 10.76148796081543 2742
1784393381157 10.902320861816406 2743
1784393381160 10.672715187072754 2744
1784393381163 9.435587882995605 2745
1784393381166 12.870983123779297 2746
1784393381170 9.058698654174805 2747
1784393381173 10.972593307495117 2748
1784393381176 9.562317848205566 2749
1784393381179 9.684450149536133 2750
1784393381181 12.308246612548828 2751
1784393381183 11.61703872680664 2752
1784393381186 11.063764572143555 2753
1784393381188 11.096033096313477 2754
1784393381191 9.405191421508789 2755
1784393381193 9.91212272644043 2756
1784393381195 10.560575485229492 2757
1784393381198 8.460091590881348 2758
1784393381201 9.279730796813965 2759
1784393381204 8.72542953491211 2760
1784393381208 10.63536548614502 2761
1784393381211 9.398421287536621 2762
1784393381215 9.140917778015137 2763
1784393381218 10.675049781799316 2764
1784393381224 10.414710998535156 2765
1784393381230 12.593971252441406 2766
1784393381233 10.054264068603516 2767
1784393381236 12.618987083435059 2768
1784393381239 10.7144775390625 2769
1784393381242 10.963273048400879 2770
1784393381245 11.770761489868164 2771
1784393381248 9.798117637634277 2772
1784393381251 10.274170875549316 2773
1784393381254 12.814045906066895 2774
1784393381257 10.838556289672852 2775
1784393381260 9.56313419342041 2776
1784393381263 11.40078353881836 2777
1784393381265 8.410539627075195 2778
1784393381268 10.954178810119629 2779
1784393381270 12.48511791229248 2780
1784393381272 8.650558471679688 2781
1784393381274 11.357826232910156 2782
1784393381277 10.38333511352539 2783
1784393381279 9.816859245300293 2784
1784393381280 10.791736602783203 2785
1784393381283 11.79974365234375 2786
1784393381285 8.52736759185791 2787
1784393381287 12.281497955322266 2788
1784393381291 11.053110122680664 2789
1784393381293 8.942039489746094 2790
1784393381297 8.926848411560059 2791
1784393381299 10.222640037536621 2792
1784393381303 8.205839157104492 2793
1784393381306 11.420930862426758 2794
1784393381310 11.010411262512207 2795
1784393381312 9.652186393737793 2796
1784393381315 10.356351852416992 2797
1784393381318 12.484281539916992 2798
1784393381321 10.255607604980469 2799
1784393381324 9.45417594909668 2800
1784393381327 9.969667434692383 2801
1784393381329 11.790693283081055 2802
1784393381332 10.128026962280273 2803
1784393381335 9.930148124694824 2804
1784393381338 12.753488540649414 2805
1784393381341 11.32990550994873 2806
1784393381344 10.010052680969238 2807
1784393381347 10.415029525756836 2808
1784393381350 12.921609878540039 2809
1784393381353 11.429580688476562 2810
1784393381356 12.417118072509766 2811
1784393381359 13.888729095458984 2812
1784393381362 11.392562866210938 2813
1784393381365 12.56065559387207 2814
1784393381367 10.728103637695312 2815
1784393381370 13.20387077331543 2816
1784393381373 14.44107437133789 2817
1784393381376 9.148480415344238 2818
1784393381379 11.64309310913086 2819
1784393381382 11.078371047973633 2820
1784393381384 9.853397369384766 2821
1784393381387 12.762469291687012 2822
1784393381390 9.51998233795166 2823
1784393381393 11.045449256896973 2824
1784393381396 11.969520568847656 2825
1784393381398 14.811134338378906 2826
1784393381401 11.814364433288574 2827
1784393381404 14.124075889587402 2828
1784393381406 14.531495094299316 2829
1784393381408 15.513496398925781 2830
1784393381410 11.299302101135254 2831
1784393381412 14.507068634033203 2832
1784393381414 15.960708618164062 2833
1784393381417 13.015172004699707 2834
1784393381419 16.42921257019043 2835
1784393381422 15.36295223236084 2836
1784393381425 15.52695083618164 2837
1784393381428 17.474349975585938 2838
1784393381431 17.209854125976562 2839
1784393381434 18.372880935668945 2840
1784393381437 14.395086288452148 2841
1784393381441 21.44980239868164 2842
1784393381444 20.471128463745117 2843
1784393381448 14.721368789672852 2844
1784393381450 21.445772171020508 2845
1784393381454 18.25699234008789 2846
1784393381457 15.993048667907715 2847
1784393381460 16.940631866455078 2848
1784393381467 16.813161849975586 2849
1784393381472 15.105061531066895 2850
1784393381476 16.536712646484375 2851
1784393381479 17.949542999267578 2852
1784393381482 13.52530288696289 2853
1784393381485 15.336709976196289 2854
1784393381489 15.048833847045898 2855
1784393381492 14.289804458618164 2856
1784393381495 14.043649673461914 2857
1784393381500 14.769885063171387 2858
1784393381504 13.455780029296875 2859
1784393381506 12.503979682922363 2860
1784393381508 16.130630493164062 2861
1784393381510 15.356684684753418 2862
1784393381512 11.967096328735352 2863
1784393381515 13.266778945922852 2864
1784393381517 9.70819091796875 2865
1784393381520 12.133482933044434 2866
1784393381523 10.884115219116211 2867
1784393381527 11.612527847290039 2868
1784393381531 10.585631370544434 2869
1784393381533 10.608144760131836 2870
1784393381536 11.941996574401855 2871
1784393381539 11.4597806930542 2872
1784393381543 12.620075225830078 2873
1784393381547 10.816879272460938 2874
1784393381550 11.368099212646484 2875
1784393381552 11.087545394897461 2876
1784393381555 11.329965591430664 2877
1784393381558 11.142799377441406 2878
1784393381561 10.829122543334961 2879
1784393381564 13.854290008544922 2880
1784393381566 13.447651863098145 2881
1784393381569 10.853296279907227 2882
1784393381572 12.639373779296875 2883
1784393381575 9.358165740966797 2884
1784393381578 12.182711601257324 2885
1784393381581 12.547524452209473 2886
1784393381584 9.43181037902832 2887
1784393381586 11.789626121520996 2888
1784393381589 11.447610855102539 2889
1784393381592 9.455984115600586 2890
1784393381595 11.7269926071167 2891
1784393381598 12.448062896728516 2892
1784393381601 12.310065269470215 2893
1784393381605 10.912603378295898 2894
1784393381608 10.764799118041992 2895
1784393381612 10.807324409484863 2896
1784393381615 11.897754669189453 2897
1784393381618 9.864221572875977 2898
1784393381621 10.651185989379883 2899
1784393381624 11.266023635864258 2900
1784393381627 9.283321380615234 2901
1784393381631 10.910419464111328 2902
1784393381635 9.507475852966309 2903
1784393381638 13.020191192626953 2904
1784393381642 9.115959167480469 2905
1784393381646 10.4742431640625 2906
1784393381649 11.31500244140625 2907
1784393381652 8.931203842163086 2908
1784393381655 11.690489768981934 2909
1784393381658 11.605558395385742 2910
1784393381661 10.132767677307129 2911
1784393381663 10.417778968811035 2912
1784393381667 9.470779418945312 2913
1784393381670 10.456836700439453 2914
1784393381674 9.184730529785156 2915
1784393381676 8.667329788208008 2916
1784393381680 9.302412986755371 2917
1784393381683 8.115554809570312 2918
1784393381686 8.891915321350098 2919
1784393381688 8.63480281829834 2920
1784393381692 7.685164451599121 2921
1784393381695 7.912411689758301 2922
1784393381698 7.976914405822754 2923
1784393381701 8.817527770996094 2924
1784393381705 9.863386154174805 2925
1784393381709 10.684335708618164 2926
1784393381712 8.492361068725586 2927
1784393381715 10.064299583435059 2928
1784393381717 10.28625774383545 2929
1784393381720 9.462059020996094 2930
1784393381723 11.16710090637207 2931
1784393381726 13.753522872924805 2932
1784393381731 10.832582473754883 2933
1784393381735 13.432711601257324 2934
1784393381738 14.200664520263672 2935
1784393381741 10.94805908203125 2936
1784393381745 16.39093780517578 2937
1784393381747 14.970218658447266 2938
1784393381750 13.495254516601562 2939
1784393381753 12.439244270324707 2940
1784393381757 12.568955421447754 2941
1784393381760 10.215618133544922 2942
1784393381763 14.41700553894043 2943
1784393381766 14.53995132446289 2944
1784393381770 9.968984603881836 2945
1784393381773 14.81815242767334 2946
1784393381776 14.62735366821289 2947
1784393381777 13.405027389526367 2948
1784393381779 12.95026969909668 2949
1784393381781 15.94559097290039 2950
1784393381783 11.80921459197998 2951
1784393381784 12.861551284790039 2952
1784393381787 15.655274391174316 2953
1784393381789 11.925546646118164 2954
1784393381792 12.746108055114746 2955
1784393381794 12.68239974975586 2956
1784393381797 14.623075485229492 2957
1784393381800 15.4796142578125 2958
1784393381803 10.045116424560547 2959
1784393381806 13.253591537475586 2960
1784393381809 12.915898323059082 2961
1784393381813 11.84131145477295 2962
1784393381815 12.774545669555664 2963
1784393381818 10.851789474487305 2964
1784393381821 13.01314640045166 2965
1784393381823 10.976447105407715 2966
1784393381825 12.108270645141602 2967
1784393381828 11.678045272827148 2968
1784393381831 9.762267112731934 2969
1784393381834 12.909132957458496 2970
1784393381837 10.686590194702148 2971
1784393381840 10.018861770629883 2972
1784393381843 11.597679138183594 2973
1784393381847 10.25159740447998 2974
1784393381850 10.408865928649902 2975
1784393381853 10.525301933288574 2976
1784393381856 10.513567924499512 2977
1784393381859 10.561792373657227 2978
1784393381861 10.475137710571289 2979
1784393381865 10.32703971862793 2980
1784393381868 9.38279914855957 2981
1784393381871 9.846237182617188 2982
1784393381873 9.001632690429688 2983
1784393381876 9.483121871948242 2984
1784393381879 8.967720031738281 2985
1784393381882 9.792888641357422 2986
1784393381884 9.880056381225586 2987
1784393381887 10.416263580322266 2988
1784393381889 9.265846252441406 2989
1784393381891 9.539995193481445 2990
1784393381893 10.260918617248535 2991
1784393381896 11.92785358428955 2992
1784393381898 12.090692520141602 2993
1784393381901 12.099817276000977 2994
1784393381903 13.382407188415527 2995
1784393381905 13.302549362182617 2996
1784393381907 12.428068161010742 2997
1784393381909 10.733274459838867 2998
1784393381912 11.93831729888916 2999
1784393381915 14.323250770568848 3000
1784393381917 9.36382007598877 3001
1784393381920 17.406370162963867 3002
1784393381923 13.878182411193848 3003
1784393381925 12.321125030517578 3004
1784393381928 13.634900093078613 3005
1784393381931 14.624611854553223 3006
1784393381933 14.728985786437988 3007
1784393381936 15.421932220458984 3008
1784393381939 14.554269790649414 3009
1784393381941 13.257031440734863 3010
1784393381943 13.84557819366455 3011
1784393381946 13.487202644348145 3012
1784393381948 13.927421569824219 3013
1784393381950 12.744182586669922 3014
1784393381952 14.013538360595703 3015
1784393381956 14.253170013427734 3016
1784393381958 12.484533309936523 3017
1784393381961 13.995340347290039 3018
1784393381964 12.436759948730469 3019
1784393381967 12.427074432373047 3020
1784393381970 11.01059627532959 3021
1784393381973 10.542654991149902 3022
1784393381976 11.484630584716797 3023
1784393381978 11.42666244506836 3024
1784393381981 9.998564720153809 3025
1784393381984 8.369606971740723 3026
1784393381987 10.134942054748535 3027
1784393381990 7.972992420196533 3028
1784393381993 7.7284111976623535 3029
1784393381996 6.730362892150879 3030
1784393381998 7.537347316741943 3031
1784393382001 7.772791862487793 3032
1784393382003 8.650101661682129 3033
1784393382006 7.674300193786621 3034
1784393382009 8.0543851852417 3035
1784393382011 10.375435829162598 3036
1784393382013 7.926985740661621 3037
1784393382016 8.017738342285156 3038
1784393382018 8.218957901000977 3039
1784393382020 9.352171897888184 3040
1784393382023 8.919944763183594 3041
1784393382026 9.712343215942383 3042
1784393382029 9.461328506469727 3043
1784393382033 9.61773681640625 3044
1784393382037 9.346046447753906 3045
1784393382040 9.27701187133789 3046
1784393382043 10.109139442443848 3047
1784393382046 10.193916320800781 3048
1784393382048 11.11563777923584 3049
1784393382050 10.474698066711426 3050
1784393382053 10.698335647583008 3051
1784393382055 10.66880989074707 3052
1784393382057 10.900788307189941 3053
1784393382059 10.34557056427002 3054
1784393382061 11.055559158325195 3055
1784393382064 8.649858474731445 3056
1784393382066 10.737781524658203 3057
1784393382070 12.50978946685791 3058
1784393382073 10.240072250366211 3059
1784393382077 14.680900573730469 3060
1784393382079 11.718412399291992 3061
1784393382082 13.16472339630127 3062
1784393382085 15.468114852905273 3063
1784393382087 9.89381217956543 3064
1784393382090 13.299766540527344 3065
1784393382092 11.007514953613281 3066
1784393382094 12.096527099609375 3067
1784393382097 12.950157165527344 3068
1784393382100 16.37603187561035 3069
1784393382102 14.993621826171875 3070
1784393382104 13.078856468200684 3071
1784393382106 14.652054786682129 3072
1784393382108 13.424530029296875 3073
1784393382110 12.862276077270508 3074
1784393382113 14.390420913696289 3075
1784393382116 11.393450736999512 3076
1784393382118 13.292851448059082 3077
1784393382121 15.782423973083496 3078
1784393382124 8.42199420928955 3079
1784393382126 14.092105865478516 3080
1784393382129 10.016340255737305 3081
1784393382132 12.201272010803223 3082
1784393382134 11.86376953125 3083
1784393382137 9.542913436889648 3084
1784393382140 12.441506385803223 3085
1784393382142 11.431577682495117 3086
1784393382145 10.800787925720215 3087
1784393382147 11.124159812927246 3088
1784393382149 9.400429725646973 3089
1784393382151 12.809380531311035 3090
1784393382153 12.852354049682617 3091
1784393382156 12.819917678833008 3092
1784393382160 14.955936431884766 3093
1784393382164 14.224140167236328 3094
1784393382168 13.141297340393066 3095
1784393382172 16.12736701965332 3096
1784393382174 14.015247344970703 3097
1784393382176 13.579774856567383 3098
1784393382179 15.236326217651367 3099
1784393382182 13.26176643371582 3100
1784393382184 13.246105194091797 3101
1784393382187 12.212794303894043 3102
1784393382189 12.761066436767578 3103
1784393382191 12.33345890045166 3104
1784393382193 15.425765991210938 3105
1784393382195 13.452592849731445 3106
1784393382196 11.376862525939941 3107
1784393382199 15.591031074523926 3108
1784393382200 11.750484466552734 3109
1784393382202 18.928695678710938 3110
1784393382205 17.836870193481445 3111
1784393382207 11.825387954711914 3112
1784393382210 19.208030700683594 3113
1784393382214 13.629704475402832 3114
1784393382218 14.71583366394043 3115
1784393382220 14.199536323547363 3116
1784393382223 16.7407283782959 3117
1784393382225 12.920650482177734 3118
1784393382228 11.435786247253418 3119
1784393382231 15.681116104125977 3120
1784393382234 10.86847972869873 3121
1784393382238 12.511419296264648 3122
1784393382240 13.471883773803711 3123
1784393382243 10.344388961791992 3124
1784393382246 12.491830825805664 3125
1784393382249 11.640059471130371 3126
1784393382252 10.659231185913086 3127
1784393382255 13.360856056213379 3128
1784393382257 11.461395263671875 3129
1784393382260 9.597851753234863 3130
1784393382262 13.594086647033691 3131
1784393382265 13.800928115844727 3132
1784393382268 13.504319190979004 3133
1784393382271 10.508377075195312 3134
1784393382274 12.365886688232422 3135
1784393382277 10.528135299682617 3136
1784393382279 11.143035888671875 3137
1784393382281 11.774618148803711 3138
1784393382283 9.228046417236328 3139
1784393382285 11.647954940795898 3140
1784393382287 11.408132553100586 3141
1784393382290 11.025020599365234 3142
1784393382292 10.167097091674805 3143
1784393382293 11.599939346313477 3144
1784393382296 9.650603294372559 3145
1784393382298 11.102999687194824 3146
1784393382301 9.560012817382812 3147
1784393382304 13.034947395324707 3148
1784393382307 11.377761840820312 3149
1784393382310 10.385919570922852 3150
1784393382312 11.950202941894531 3151
1784393382316 10.196812629699707 3152
1784393382318 14.139647483825684 3153
1784393382321 11.13770866394043 3154
1784393382324 11.1981782913208 3155
1784393382328 13.894491195678711 3156
1784393382330 10.693859100341797 3157
1784393382334 12.24528980255127 3158
1784393382337 10.223993301391602 3159
1784393382340 12.448914527893066 3160
1784393382342 11.763898849487305 3161
1784393382344 9.72775650024414 3162
1784393382347 9.6360502243042 3163
1784393382350 7.925299644470215 3164
1784393382353 9.662930488586426 3165
1784393382355 9.036641120910645 3166
1784393382358 8.759065628051758 3167
1784393382360 9.24652099609375 3168
1784393382363 8.994770050048828 3169
1784393382365 9.148208618164062 3170
1784393382369 8.756186485290527 3171
1784393382373 10.571626663208008 3172
1784393382376 7.882918834686279 3173
1784393382378 9.835755348205566 3174
1784393382381 10.386868476867676 3175
1784393382384 8.598759651184082 3176
1784393382387 10.003737449645996 3177
1784393382390 10.390729904174805 3178
1784393382394 11.281112670898438 3179
1784393382396 9.992256164550781 3180
1784393382400 11.824392318725586 3181
1784393382402 11.292144775390625 3182
1784393382404 10.93635368347168 3183
1784393382406 8.813785552978516 3184
1784393382408 10.643487930297852 3185
1784393382411 8.708626747131348 3186
1784393382413 9.911335945129395 3187
1784393382415 10.054943084716797 3188
1784393382417 10.921101570129395 3189
1784393382419 9.469525337219238 3190
1784393382423 12.712286949157715 3191
1784393382425 11.740238189697266 3192
1784393382429 10.017378807067871 3193
1784393382432 12.838359832763672 3194
1784393382436 9.736968994140625 3195
1784393382439 11.382169723510742 3196
1784393382442 11.218993186950684 3197
1784393382445 11.37890625 3198
1784393382448 13.048990249633789 3199
1784393382452 10.702001571655273 3200
1784393382455 9.77042293548584 3201
1784393382458 10.664752960205078 3202
1784393382461 12.7715482711792 3203
1784393382464 9.62278938293457 3204
1784393382467 12.144546508789062 3205
1784393382471 13.495462417602539 3206
1784393382473 10.225048065185547 3207
1784393382476 12.342026710510254 3208
1784393382479 11.153182029724121 3209
1784393382481 10.984749794006348 3210
1784393382484 13.2503662109375 3211
1784393382486 10.022971153259277 3212
1784393382489 10.600471496582031 3213
1784393382492 11.743319511413574 3214
1784393382494 8.741453170776367 3215
1784393382497 11.083185195922852 3216
1784393382500 10.326645851135254 3217
1784393382503 10.146592140197754 3218
1784393382506 9.676444053649902 3219
1784393382509 13.328027725219727 3220
1784393382512 11.307500839233398 3221
1784393382515 11.805476188659668 3222
1784393382518 12.974309921264648 3223
1784393382521 11.663530349731445 3224
1784393382524 11.620716094970703 3225
1784393382527 15.992866516113281 3226
1784393382529 11.45973014831543 3227
1784393382532 9.194239616394043 3228
1784393382536 14.66516399383545 3229
1784393382539 10.596330642700195 3230
1784393382542 14.39089298248291 3231
1784393382545 14.172500610351562 3232
1784393382547 11.293739318847656 3233
1784393382550 11.423707008361816 3234
1784393382554 12.041136741638184 3235
1784393382557 11.277750968933105 3236
1784393382560 13.088685035705566 3237
1784393382562 9.983384132385254 3238
1784393382566 13.237771034240723 3239
1784393382568 11.92579460144043 3240
1784393382571 9.812398910522461 3241
1784393382574 11.401569366455078 3242
1784393382578 10.184125900268555 3243
1784393382580 13.106805801391602 3244
1784393382585 10.235245704650879 3245
1784393382588 13.745393753051758 3246
1784393382594 12.181500434875488 3247
1784393382596 10.815851211547852 3248
1784393382599 12.959527969360352 3249
1784393382601 12.47631549835205 3250
1784393382603 10.882682800292969 3251
1784393382606 12.934858322143555 3252
1784393382608 9.178689002990723 3253
1784393382610 12.490335464477539 3254
1784393382612 13.064603805541992 3255
1784393382614 7.558144569396973 3256
1784393382616 14.612399101257324 3257
1784393382618 12.015750885009766 3258
1784393382621 8.773554801940918 3259
1784393382624 11.946037292480469 3260
1784393382626 11.59396743774414 3261
1784393382629 10.360548973083496 3262
1784393382632 10.146366119384766 3263
1784393382635 8.601162910461426 3264
1784393382638 9.131813049316406 3265
1784393382641 9.9955415725708 3266
1784393382644 10.025908470153809 3267
1784393382647 12.47217845916748 3268
1784393382649 12.368034362792969 3269
1784393382650 12.400026321411133 3270
1784393382653 12.853522300720215 3271
1784393382655 11.407331466674805 3272
1784393382657 12.349671363830566 3273
1784393382659 9.674448013305664 3274
1784393382661 10.621136665344238 3275
1784393382663 10.735727310180664 3276
1784393382666 14.123472213745117 3277
1784393382670 12.171302795410156 3278
1784393382673 12.452957153320312 3279
1784393382676 14.27658748626709 3280
1784393382679 12.486416816711426 3281
1784393382681 12.188514709472656 3282
1784393382684 11.934484481811523 3283
1784393382686 13.68789005279541 3284
1784393382688 12.916881561279297 3285
1784393382691 12.927483558654785 3286
1784393382692 10.895061492919922 3287
1784393382694 12.07621955871582 3288
1784393382697 10.216073036193848 3289
1784393382698 10.725598335266113 3290
1784393382701 10.954109191894531 3291
1784393382703 9.550605773925781 3292
1784393382705 9.212719917297363 3293
1784393382708 9.83700180053711 3294
1784393382711 9.278337478637695 3295
1784393382716 9.454025268554688 3296
1784393382719 9.646446228027344 3297
1784393382721 9.531580924987793 3298
1784393382723 9.97692584991455 3299
1784393382725 9.268365859985352 3300
1784393382727 9.951384544372559 3301
1784393382729 10.491144180297852 3302
1784393382731 7.669687271118164 3303
1784393382734 11.548961639404297 3304
1784393382736 8.987578392028809 3305
1784393382738 9.678522109985352 3306
1784393382740 10.53398609161377 3307
1784393382742 10.213176727294922 3308
1784393382746 11.485498428344727 3309
1784393382749 14.791431427001953 3310
1784393382753 11.68725872039795 3311
1784393382756 15.207223892211914 3312
1784393382759 10.502387046813965 3313
1784393382763 11.332474708557129 3314
1784393382765 13.530516624450684 3315
1784393382768 8.865961074829102 3316
1784393382771 12.257871627807617 3317
1784393382775 10.538501739501953 3318
1784393382777 11.059059143066406 3319
1784393382780 11.94359016418457 3320
1784393382783 11.567258834838867 3321
1784393382785 10.917859077453613 3322
1784393382788 11.469345092773438 3323
1784393382790 11.478328704833984 3324
1784393382792 12.155405044555664 3325
1784393382794 11.017929077148438 3326
1784393382795 11.803210258483887 3327
1784393382797 12.052367210388184 3328
1784393382800 14.648924827575684 3329
1784393382801 14.024404525756836 3330
1784393382803 11.942824363708496 3331
1784393382806 16.4589900970459 3332
1784393382809 14.947127342224121 3333
1784393382812 11.203678131103516 3334
1784393382815 15.026593208312988 3335
1784393382819 14.332474708557129 3336
1784393382822 10.96986198425293 3337
1784393382828 14.485225677490234 3338
1784393382832 14.909975051879883 3339
1784393382836 8.960760116577148 3340
1784393382839 15.56757926940918 3341
1784393382843 12.546276092529297 3342
1784393382846 11.6513032913208 3343
1784393382850 16.49416732788086 3344
1784393382856 11.626187324523926 3345
1784393382862 16.433683395385742 3346
1784393382868 13.303646087646484 3347
1784393382870 14.959016799926758 3348
1784393382875 13.353580474853516 3349
1784393382879 11.858234405517578 3350
1784393382884 13.96890640258789 3351
1784393382887 12.945812225341797 3352
1784393382890 13.677461624145508 3353
1784393382893 9.946674346923828 3354
1784393382896 13.005845069885254 3355
1784393382900 10.27907943725586 3356
1784393382903 11.083948135375977 3357
1784393382906 9.782861709594727 3358
1784393382909 14.6121826171875 3359
1784393382913 11.160350799560547 3360
1784393382916 16.727941513061523 3361
1784393382921 11.453319549560547 3362
1784393382928 13.634488105773926 3363
1784393382931 13.415664672851562 3364
1784393382934 9.488866806030273 3365
1784393382938 14.936753273010254 3366
1784393382944 10.79435920715332 3367
1784393382948 12.903129577636719 3368
1784393382952 11.542625427246094 3369
1784393382955 14.196029663085938 3370
1784393382958 9.39944076538086 3371
1784393382961 8.960367202758789 3372
1784393382965 10.330750465393066 3373
1784393382968 9.741128921508789 3374
1784393382971 9.041271209716797 3375
1784393382973 11.044602394104004 3376
1784393382977 9.273968696594238 3377
1784393382979 9.867985725402832 3378
1784393382982 10.396873474121094 3379
1784393382984 10.350136756896973 3380
1784393382989 8.712501525878906 3381
1784393382993 12.05466365814209 3382
1784393382996 9.830703735351562 3383
1784393383000 9.61120319366455 3384
1784393383004 10.952346801757812 3385
1784393383007 7.586134910583496 3386
1784393383011 11.644573211669922 3387
1784393383013 11.141528129577637 3388
1784393383016 9.82541275024414 3389
1784393383019 10.033720970153809 3390
1784393383022 9.177990913391113 3391
1784393383025 10.302274703979492 3392
1784393383029 9.31641674041748 3393
1784393383032 8.00797176361084 3394
1784393383035 10.648336410522461 3395
1784393383038 8.555597305297852 3396
1784393383040 11.992410659790039 3397
1784393383043 10.711301803588867 3398
1784393383046 10.660990715026855 3399
1784393383048 11.255245208740234 3400
1784393383051 10.90786075592041 3401
1784393383054 13.415472030639648 3402
1784393383057 12.36044979095459 3403
1784393383061 12.11815357208252 3404
1784393383063 12.205316543579102 3405
1784393383066 14.17582893371582 3406
1784393383069 12.938377380371094 3407
1784393383073 10.77292251586914 3408
1784393383076 13.646193504333496 3409
1784393383079 10.544917106628418 3410
1784393383082 12.849804878234863 3411
1784393383085 15.408295631408691 3412
1784393383087 11.948121070861816 3413
1784393383090 11.393905639648438 3414
1784393383093 14.138383865356445 3415
1784393383095 14.647793769836426 3416
1784393383098 11.504384994506836 3417
1784393383101 14.573460578918457 3418
1784393383104 12.935975074768066 3419
1784393383106 11.197063446044922 3420
1784393383109 12.618315696716309 3421
1784393383111 9.10181713104248 3422
1784393383113 12.736191749572754 3423
1784393383115 11.372179985046387 3424
1784393383117 8.745569229125977 3425
1784393383119 10.32593822479248 3426
1784393383121 11.100927352905273 3427
1784393383123 11.322123527526855 3428
1784393383125 12.346017837524414 3429
1784393383128 8.848281860351562 3430
1784393383131 11.207965850830078 3431
1784393383134 10.227746963500977 3432
1784393383137 9.448526382446289 3433
1784393383140 11.871347427368164 3434
1784393383143 13.449014663696289 3435
1784393383146 9.919097900390625 3436
1784393383149 9.376829147338867 3437
1784393383153 10.613725662231445 3438
1784393383155 10.388525009155273 3439
1784393383159 11.061427116394043 3440
1784393383161 10.845746040344238 3441
1784393383164 13.355332374572754 3442
1784393383167 10.28579330444336 3443
1784393383172 11.752897262573242 3444
1784393383175 13.702194213867188 3445
1784393383179 7.484260559082031 3446
1784393383182 13.060370445251465 3447
1784393383185 11.540982246398926 3448
1784393383188 8.980888366699219 3449
1784393383190 13.13570785522461 3450
1784393383194 8.756876945495605 3451
1784393383197 10.598047256469727 3452
1784393383200 10.105917930603027 3453
1784393383203 9.545300483703613 3454
1784393383206 10.230330467224121 3455
1784393383209 9.937225341796875 3456
1784393383211 10.624981880187988 3457
1784393383214 9.985828399658203 3458
1784393383222 10.314973831176758 3459
1784393383225 9.344300270080566 3460
1784393383228 7.966677188873291 3461
1784393383231 8.985469818115234 3462
1784393383233 7.624022006988525 3463
1784393383237 9.05113697052002 3464
1784393383240 9.574700355529785 3465
1784393383243 8.389684677124023 3466
1784393383245 10.475062370300293 3467
1784393383247 10.76272201538086 3468
1784393383250 11.296968460083008 3469
1784393383253 10.997678756713867 3470
1784393383256 11.097381591796875 3471
1784393383258 11.139373779296875 3472
1784393383261 9.675307273864746 3473
1784393383263 12.331589698791504 3474
1784393383266 8.482797622680664 3475
1784393383268 11.95287036895752 3476
1784393383270 11.324129104614258 3477
1784393383273 11.600788116455078 3478
1784393383276 14.443572998046875 3479
1784393383279 12.162814140319824 3480
1784393383281 15.62154769897461 3481
1784393383284 11.978967666625977 3482
1784393383286 15.560229301452637 3483
1784393383289 12.903736114501953 3484
1784393383292 12.508463859558105 3485
1784393383295 14.593310356140137 3486
1784393383298 10.315301895141602 3487
1784393383301 15.27190113067627 3488
1784393383304 12.178556442260742 3489
1784393383308 12.275278091430664 3490
1784393383311 16.078662872314453 3491
1784393383314 12.209662437438965 3492
1784393383317 11.293493270874023 3493
1784393383319 13.533711433410645 3494
1784393383322 13.870203018188477 3495
1784393383323 11.512361526489258 3496
1784393383325 13.721247673034668 3497
1784393383328 11.336699485778809 3498
1784393383329 11.89905834197998 3499
1784393383331 13.563787460327148 3500
1784393383334 11.19534969329834 3501
1784393383336 11.205543518066406 3502
1784393383339 9.478751182556152 3503
1784393383342 9.557881355285645 3504
1784393383345 9.637309074401855 3505
1784393383348 9.229867935180664 3506
1784393383352 9.017265319824219 3507
1784393383354 8.598350524902344 3508
1784393383357 8.98787784576416 3509
1784393383360 9.05400562286377 3510
1784393383363 8.535904884338379 3511
1784393383366 10.067363739013672 3512
1784393383371 10.589594841003418 3513
1784393383374 9.676823616027832 3514
1784393383377 12.095087051391602 3515
1784393383380 13.854294776916504 3516
1784393383383 11.382798194885254 3517
1784393383385 11.117461204528809 3518
1784393383387 10.160332679748535 3519
1784393383389 10.718027114868164 3520
1784393383391 11.56199836730957 3521
1784393383394 9.622906684875488 3522
1784393383395 10.767786026000977 3523
1784393383397 11.347981452941895 3524
1784393383400 12.715206146240234 3525
1784393383402 12.426021575927734 3526
1784393383405 10.850783348083496 3527
1784393383409 13.098332405090332 3528
1784393383412 13.385051727294922 3529
1784393383415 9.627374649047852 3530
1784393383419 12.533672332763672 3531
1784393383421 11.027871131896973 3532
1784393383423 11.143082618713379 3533
1784393383426 9.903629302978516 3534
1784393383429 10.000785827636719 3535
1784393383432 9.344918251037598 3536
1784393383435 9.222524642944336 3537
1784393383438 8.693275451660156 3538
1784393383440 9.176691055297852 3539
1784393383442 7.63925838470459 3540
1784393383444 9.081883430480957 3541
1784393383446 8.173606872558594 3542
1784393383448 10.369394302368164 3543
1784393383450 7.2011637687683105 3544
1784393383452 10.397956848144531 3545
1784393383455 7.873271465301514 3546
1784393383457 9.549888610839844 3547
1784393383460 9.07751178741455 3548
1784393383462 9.490982055664062 3549
1784393383465 11.071852684020996 3550
1784393383468 10.34952449798584 3551
1784393383472 12.170083999633789 3552
1784393383475 9.352923393249512 3553
1784393383479 10.728062629699707 3554
1784393383482 10.223003387451172 3555
1784393383485 11.61275577545166 3556
1784393383488 9.039901733398438 3557
1784393383491 11.890700340270996 3558
1784393383494 9.862837791442871 3559
1784393383498 10.574973106384277 3560
1784393383500 12.191753387451172 3561
1784393383503 10.299772262573242 3562
1784393383505 11.677703857421875 3563
1784393383507 11.626773834228516 3564
1784393383509 9.151131629943848 3565
1784393383512 12.080480575561523 3566
1784393383515 9.489310264587402 3567
1784393383517 11.992024421691895 3568
1784393383519 10.707878112792969 3569
1784393383522 10.87736701965332 3570
1784393383525 10.727376937866211 3571
1784393383529 10.533623695373535 3572
1784393383532 10.394819259643555 3573
1784393383535 11.376811027526855 3574
1784393383538 11.651582717895508 3575
1784393383542 11.806008338928223 3576
1784393383545 9.365999221801758 3577
1784393383547 14.045228004455566 3578
1784393383550 11.208698272705078 3579
1784393383554 13.228175163269043 3580
1784393383556 10.833643913269043 3581
1784393383559 11.998764038085938 3582
1784393383562 11.812023162841797 3583
1784393383565 9.234323501586914 3584
1784393383568 11.50772762298584 3585
1784393383573 8.967227935791016 3586
1784393383575 10.3307523727417 3587
1784393383578 10.562450408935547 3588
1784393383581 10.882287979125977 3589
1784393383583 12.480685234069824 3590
1784393383587 11.829675674438477 3591
1784393383590 11.481074333190918 3592
1784393383594 11.222232818603516 3593
1784393383597 11.800070762634277 3594
1784393383600 12.458861351013184 3595
1784393383603 11.874500274658203 3596
1784393383607 10.159634590148926 3597
1784393383610 12.184330940246582 3598
1784393383612 11.207225799560547 3599
1784393383614 10.709929466247559 3600
1784393383616 10.138029098510742 3601
1784393383618 10.161994934082031 3602
1784393383620 9.359996795654297 3603
1784393383623 9.346220016479492 3604
1784393383625 8.468733787536621 3605
1784393383626 9.43780517578125 3606
1784393383629 10.156435012817383 3607
1784393383631 8.9734468460083 3608
1784393383634 10.000247955322266 3609
1784393383637 8.772405624389648 3610
1784393383640 11.178001403808594 3611
1784393383643 10.838809967041016 3612
1784393383646 10.907702445983887 3613
1784393383648 12.639714241027832 3614
1784393383651 11.081636428833008 3615
1784393383655 11.527114868164062 3616
1784393383658 11.012984275817871 3617
1784393383661 12.313555717468262 3618
1784393383665 11.232441902160645 3619
1784393383668 12.419734954833984 3620
1784393383670 8.745979309082031 3621
1784393383673 10.74796199798584 3622
1784393383677 9.276123046875 3623
1784393383680 10.806866645812988 3624
1784393383683 8.657524108886719 3625
1784393383686 10.473236083984375 3626
1784393383688 11.033227920532227 3627
1784393383690 8.285255432128906 3628
1784393383692 11.629416465759277 3629
1784393383695 9.777921676635742 3630
1784393383698 12.537944793701172 3631
1784393383701 12.987314224243164 3632
1784393383705 12.957093238830566 3633
1784393383708 14.192228317260742 3634
1784393383711 9.2855863571167 3635
1784393383715 15.113040924072266 3636
1784393383718 12.613718032836914 3637
1784393383722 10.755559921264648 3638
1784393383725 15.395182609558105 3639
1784393383728 11.835830688476562 3640
1784393383731 12.899138450622559 3641
1784393383734 14.40389633178711 3642
1784393383736 13.379377365112305 3643
1784393383739 14.517454147338867 3644
1784393383741 12.289825439453125 3645
1784393383743 12.201542854309082 3646
1784393383746 13.162986755371094 3647
1784393383748 12.081428527832031 3648
1784393383751 10.79157829284668 3649
1784393383753 12.486867904663086 3650
1784393383755 11.76649284362793 3651
1784393383758 11.423911094665527 3652
1784393383762 11.067010879516602 3653
1784393383765 12.4906644821167 3654
1784393383767 13.256840705871582 3655
1784393383770 12.795781135559082 3656
1784393383773 13.61230754852295 3657
1784393383777 12.835880279541016 3658
1784393383779 12.106446266174316 3659
1784393383783 13.263216972351074 3660
1784393383785 9.657831192016602 3661
1784393383789 10.49899673461914 3662
1784393383792 11.298662185668945 3663
1784393383796 9.925487518310547 3664
1784393383799 11.441324234008789 3665
1784393383802 8.331586837768555 3666
1784393383805 8.907099723815918 3667
1784393383808 9.62051010131836 3668
1784393383811 10.846014022827148 3669
1784393383814 12.510612487792969 3670
1784393383817 10.527273178100586 3671
1784393383820 12.113445281982422 3672
1784393383823 13.492728233337402 3673
1784393383825 9.74271011352539 3674
1784393383828 15.814053535461426 3675
1784393383830 13.424793243408203 3676
1784393383832 9.994255065917969 3677
1784393383834 11.802356719970703 3678
1784393383837 10.154905319213867 3679
1784393383839 9.3223876953125 3680
1784393383842 9.989458084106445 3681
1784393383844 9.971084594726562 3682
1784393383846 9.298954010009766 3683
1784393383848 10.802640914916992 3684
1784393383851 10.813645362854004 3685
1784393383853 10.887809753417969 3686
1784393383856 12.064577102661133 3687
1784393383859 11.560546875 3688
1784393383862 10.982417106628418 3689
1784393383865 12.260066032409668 3690
1784393383868 12.246434211730957 3691
1784393383871 10.82724380493164 3692
1784393383874 11.002297401428223 3693
1784393383877 9.153529167175293 3694
1784393383880 11.17570972442627 3695
1784393383882 11.801254272460938 3696
1784393383885 10.55577278137207 3697
1784393383888 11.676915168762207 3698
1784393383891 13.553853988647461 3699
1784393383893 9.413178443908691 3700
1784393383895 10.929302215576172 3701
1784393383898 12.638388633728027 3702
1784393383901 11.788057327270508 3703
1784393383904 13.453402519226074 3704
1784393383907 12.044218063354492 3705
1784393383910 13.44339370727539 3706
1784393383912 11.830650329589844 3707
1784393383915 12.487078666687012 3708
1784393383918 11.101961135864258 3709
1784393383921 13.59593677520752 3710
1784393383924 10.216145515441895 3711
1784393383926 13.477679252624512 3712
1784393383929 13.469675064086914 3713
1784393383932 11.40353012084961 3714
1784393383935 15.116785049438477 3715
1784393383939 12.532899856567383 3716
1784393383942 13.918879508972168 3717
1784393383945 11.175941467285156 3718
1784393383947 14.705581665039062 3719
1784393383950 11.08751106262207 3720
1784393383952 13.988607406616211 3721
1784393383954 13.764652252197266 3722
1784393383956 12.837031364440918 3723
1784393383958 14.023249626159668 3724
1784393383960 13.509889602661133 3725
1784393383962 10.991219520568848 3726
1784393383964 12.285924911499023 3727
1784393383966 14.307696342468262 3728
1784393383969 12.886453628540039 3729
1784393383972 12.115328788757324 3730
1784393383975 10.346001625061035 3731
1784393383978 13.33268928527832 3732
1784393383981 14.024751663208008 3733
1784393383984 11.384137153625488 3734
1784393383987 13.895547866821289 3735
1784393383991 15.67126750946045 3736
1784393383994 14.247801780700684 3737
1784393383997 13.624349594116211 3738
1784393384000 16.916383743286133 3739
1784393384004 15.308112144470215 3740
1784393384009 13.821005821228027 3741
1784393384012 16.468036651611328 3742
1784393384016 12.147407531738281 3743
1784393384019 15.47690486907959 3744
1784393384021 15.974003791809082 3745
1784393384023 12.860729217529297 3746
1784393384025 13.299080848693848 3747
1784393384027 15.200241088867188 3748
1784393384029 11.576558113098145 3749
1784393384206 13.111671447753906 3750
1784393384209 14.082857131958008 3751
1784393384211 11.069671630859375 3752
1784393384214 13.708625793457031 3753
1784393384217 14.099483489990234 3754
1784393384220 13.180767059326172 3755
1784393384223 11.663156509399414 3756
1784393384226 13.38371753692627 3757
1784393384228 11.38960075378418 3758
1784393384230 10.896050453186035 3759
1784393384233 11.956351280212402 3760
1784393384236 10.554027557373047 3761
1784393384238 11.69739818572998 3762
1784393384240 10.080329895019531 3763
1784393384242 12.439353942871094 3764
1784393384244 11.878418922424316 3765
1784393384246 9.081547737121582 3766
1784393384249 12.673528671264648 3767
1784393384253 13.360025405883789 3768
1784393384257 11.093693733215332 3769
1784393384260 9.899223327636719 3770
1784393384263 11.351633071899414 3771
1784393384266 13.95039176940918 3772
1784393384269 13.293970108032227 3773
1784393384272 13.110376358032227 3774
1784393384275 17.19546127319336 3775
1784393384277 14.268597602844238 3776
1784393384280 11.997657775878906 3777
1784393384282 16.273069381713867 3778
1784393384286 9.025257110595703 3779
1784393384288 14.673927307128906 3780
1784393384291 11.65211296081543 3781
1784393384295 10.500746726989746 3782
1784393384299 10.057807922363281 3783
1784393384301 11.177752494812012 3784
1784393384304 8.2933349609375 3785
1784393384306 10.685680389404297 3786
1784393384309 7.306208610534668 3787
1784393384311 10.144755363464355 3788
1784393384312 8.819038391113281 3789
1784393384315 9.446136474609375 3790
1784393384317 8.949653625488281 3791
1784393384318 10.31315803527832 3792
1784393384320 9.384394645690918 3793
1784393384322 9.534964561462402 3794
1784393384324 9.539205551147461 3795
1784393384328 9.710999488830566 3796
1784393384333 9.057893753051758 3797
1784393384337 11.754877090454102 3798
1784393384340 10.889763832092285 3799
1784393384344 10.265762329101562 3800
1784393384347 12.414902687072754 3801
1784393384351 9.833230018615723 3802
1784393384355 12.878793716430664 3803
1784393384358 9.488012313842773 3804
1784393384362 12.179159164428711 3805
1784393384366 10.019988059997559 3806
1784393384369 13.763387680053711 3807
1784393384372 10.792377471923828 3808
1784393384376 11.243617057800293 3809
1784393384379 13.15009880065918 3810
1784393384382 11.207663536071777 3811
1784393384385 12.311285972595215 3812
1784393384388 12.551018714904785 3813
1784393384391 14.216473579406738 3814
1784393384394 13.350083351135254 3815
1784393384397 12.98581600189209 3816
1784393384400 15.307045936584473 3817
1784393384404 13.665948867797852 3818
1784393384407 11.269710540771484 3819
1784393384410 15.037363052368164 3820
1784393384412 14.154304504394531 3821
1784393384415 11.215344429016113 3822
1784393384418 12.970500946044922 3823
1784393384421 10.044679641723633 3824
1784393384425 12.260778427124023 3825
1784393384428 13.228720664978027 3826
1784393384430 11.673307418823242 3827
1784393384433 10.926973342895508 3828
1784393384436 10.789283752441406 3829
1784393384439 11.155330657958984 3830
1784393384443 10.357454299926758 3831
1784393384445 10.168170928955078 3832
1784393384448 10.401962280273438 3833
1784393384450 10.41890811920166 3834
1784393384452 10.347803115844727 3835
1784393384455 11.133235931396484 3836
1784393384457 10.131109237670898 3837
1784393384458 9.92288875579834 3838
1784393384461 10.233125686645508 3839
1784393384463 8.31938362121582 3840
1784393384465 11.349764823913574 3841
1784393384468 11.573124885559082 3842
1784393384472 9.54571533203125 3843
1784393384475 10.849279403686523 3844
1784393384477 11.619134902954102 3845
1784393384481 11.769906044006348 3846
1784393384484 10.206520080566406 3847
1784393384488 12.37478256225586 3848
1784393384490 10.096435546875 3849
1784393384494 11.20254898071289 3850
1784393384497 13.081889152526855 3851
1784393384499 8.880636215209961 3852
1784393384502 11.793227195739746 3853
1784393384504 12.792659759521484 3854
1784393384506 11.086577415466309 3855
1784393384508 12.685094833374023 3856
1784393384510 12.397981643676758 3857
1784393384512 14.552949905395508 3858
1784393384515 13.794323921203613 3859
1784393384517 14.438862800598145 3860
1784393384520 14.263582229614258 3861
1784393384523 13.591852188110352 3862
1784393384526 13.066603660583496 3863
1784393384529 14.783123970031738 3864
1784393384533 14.095112800598145 3865
1784393384536 14.067862510681152 3866
1784393384539 13.00389289855957 3867
1784393384542 11.660268783569336 3868
1784393384544 12.943132400512695 3869
1784393384547 13.998453140258789 3870
1784393384549 13.731084823608398 3871
1784393384552 14.103504180908203 3872
1784393384555 13.591776847839355 3873
1784393384557 14.048726081848145 3874
1784393384559 11.38362979888916 3875
1784393384561 12.117256164550781 3876
1784393384564 12.021392822265625 3877
1784393384566 11.194868087768555 3878
1784393384569 14.696159362792969 3879
1784393384572 10.952400207519531 3880
1784393384575 11.583971977233887 3881
1784393384578 11.99872875213623 3882
1784393384581 13.47308349609375 3883
1784393384584 11.325440406799316 3884
1784393384587 11.778620719909668 3885
1784393384590 12.987199783325195 3886
1784393384593 8.94998550415039 3887
1784393384596 12.83544921875 3888
1784393384598 11.025495529174805 3889
1784393384601 10.858797073364258 3890
1784393384603 11.23734188079834 3891
1784393384606 10.457090377807617 3892
1784393384608 11.67927360534668 3893
1784393384611 11.138986587524414 3894
1784393384613 10.890730857849121 3895
1784393384615 9.952089309692383 3896
1784393384617 10.07168960571289 3897
1784393384619 9.546182632446289 3898
1784393384621 10.12497329711914 3899
1784393384623 9.803555488586426 3900
1784393384626 10.271171569824219 3901
1784393384628 10.735130310058594 3902
1784393384631 12.288786888122559 3903
1784393384634 9.200450897216797 3904
1784393384637 11.369843482971191 3905
1784393384640 7.876618385314941 3906
1784393384642 11.737417221069336 3907
1784393384645 8.522361755371094 3908
1784393384648 10.297201156616211 3909
1784393384651 11.832864761352539 3910
1784393384654 9.213623046875 3911
1784393384657 12.005576133728027 3912
1784393384660 8.598492622375488 3913
1784393384662 10.769060134887695 3914
1784393384664 9.811833381652832 3915
1784393384667 10.131888389587402 3916
1784393384669 10.515414237976074 3917
1784393384671 12.306462287902832 3918
1784393384674 11.780340194702148 3919
1784393384676 13.312695503234863 3920
1784393384679 10.653611183166504 3921
1784393384681 8.798287391662598 3922
1784393384683 13.283138275146484 3923
1784393384686 10.697490692138672 3924
1784393384689 14.646848678588867 3925
1784393384692 11.9142484664917 3926
1784393384694 12.416584968566895 3927
1784393384697 12.524564743041992 3928
1784393384700 11.118936538696289 3929
1784393384704 13.496156692504883 3930
1784393384708 11.028525352478027 3931
1784393384711 13.01534366607666 3932
1784393384714 12.178165435791016 3933
1784393384716 11.924503326416016 3934
1784393384719 13.669332504272461 3935
1784393384722 12.036755561828613 3936
1784393384724 13.68307113647461 3937
1784393384727 11.341714859008789 3938
1784393384730 11.940430641174316 3939
1784393384733 11.783889770507812 3940
1784393384736 13.975165367126465 3941
1784393384740 13.34235954284668 3942
1784393384743 11.122804641723633 3943
1784393384746 13.812788009643555 3944
1784393384748 13.628593444824219 3945
1784393384750 11.39600658416748 3946
1784393384753 12.58008098602295 3947
1784393384756 12.169635772705078 3948
1784393384758 10.423188209533691 3949
1784393384760 10.957367897033691 3950
1784393384762 13.07160472869873 3951
1784393384764 9.958672523498535 3952
1784393384766 12.364362716674805 3953
1784393384769 11.404237747192383 3954
1784393384772 11.438056945800781 3955
1784393384775 10.53734302520752 3956
1784393384779 12.898776054382324 3957
1784393384782 9.775922775268555 3958
1784393384785 10.905622482299805 3959
1784393384788 12.088345527648926 3960
1784393384791 9.228169441223145 3961
1784393384794 11.816823959350586 3962
1784393384797 9.138603210449219 3963
1784393384801 11.655312538146973 3964
1784393384804 11.644643783569336 3965
1784393384807 11.189261436462402 3966
1784393384810 11.186993598937988 3967
1784393384814 8.722452163696289 3968
1784393384817 12.116608619689941 3969
1784393384821 10.546477317810059 3970
1784393384824 11.629563331604004 3971
1784393384827 9.670145988464355 3972
1784393384829 10.46328353881836 3973
1784393384832 11.424642562866211 3974
1784393384835 10.19920539855957 3975
1784393384837 10.054332733154297 3976
1784393384840 10.349225044250488 3977
1784393384842 9.513198852539062 3978
1784393384844 10.15149974822998 3979
1784393384847 10.907018661499023 3980
1784393384849 7.875635147094727 3981
1784393384851 10.806737899780273 3982
1784393384853 10.479358673095703 3983
1784393384856 8.842789649963379 3984
1784393384859 10.82713508605957 3985
1784393384862 10.90523624420166 3986
1784393384865 8.73241901397705 3987
1784393384868 11.602293968200684 3988
1784393384871 12.797182083129883 3989
1784393384873 11.100027084350586 3990
1784393384876 11.75147533416748 3991
1784393384879 11.301667213439941 3992
1784393384882 11.682859420776367 3993
1784393384884 11.336099624633789 3994
1784393384887 10.40211296081543 3995
1784393384890 10.149949073791504 3996
1784393384893 10.093461990356445 3997
1784393384896 10.247309684753418 3998
1784393384903 8.521452903747559 3999
1784393384906 12.174407958984375 4000
1784393384909 11.160619735717773 4001
1784393384912 11.246943473815918 4002
1784393384915 11.717087745666504 4003
1784393384918 11.64459228515625 4004
1784393384921 10.998934745788574 4005
1784393384924 9.995479583740234 4006
1784393384926 11.727131843566895 4007
1784393384929 11.969337463378906 4008
1784393384932 11.006831169128418 4009
1784393384934 12.726924896240234 4010
1784393384936 11.849061965942383 4011
1784393384941 11.445878982543945 4012
1784393384945 11.926684379577637 4013
1784393384948 10.501218795776367 4014
1784393384951 11.773819923400879 4015
1784393384954 10.639532089233398 4016
1784393384956 12.22422981262207 4017
1784393384959 10.434399604797363 4018
1784393384962 11.429598808288574 4019
1784393384964 12.939915657043457 4020
1784393384967 11.302308082580566 4021
1784393384969 10.993563652038574 4022
1784393384971 12.04466438293457 4023
1784393384974 13.203302383422852 4024
1784393384976 13.481927871704102 4025
1784393384979 11.632828712463379 4026
1784393384981 15.058012008666992 4027
1784393384984 9.015684127807617 4028
1784393384986 12.510344505310059 4029
1784393384989 11.343663215637207 4030
1784393384992 10.949803352355957 4031
1784393384994 10.254026412963867 4032
1784393384997 11.253296852111816 4033
1784393384999 10.818591117858887 4034
1784393385002 12.358678817749023 4035
1784393385005 10.756567001342773 4036
1784393385007 11.622444152832031 4037
1784393385010 12.584193229675293 4038
1784393385013 11.705507278442383 4039
1784393385015 12.854730606079102 4040
1784393385018 10.056083679199219 4041
1784393385021 11.772692680358887 4042
1784393385023 9.26095962524414 4043
1784393385025 10.650699615478516 4044
1784393385027 12.26118278503418 4045
1784393385030 11.020954132080078 4046
1784393385033 14.655210494995117 4047
1784393385035 14.632421493530273 4048
1784393385038 12.73578929901123 4049
1784393385040 12.38937759399414 4050
1784393385043 16.130220413208008 4051
1784393385045 11.501961708068848 4052
1784393385048 13.622505187988281 4053
1784393385050 13.943509101867676 4054
1784393385053 11.110356330871582 4055
1784393385056 15.843317985534668 4056
1784393385058 16.84793472290039 4057
1784393385061 10.953605651855469 4058
1784393385064 16.285612106323242 4059
1784393385067 17.014015197753906 4060
1784393385071 14.470477104187012 4061
1784393385073 12.759000778198242 4062
1784393385076 15.400763511657715 4063
1784393385080 14.100126266479492 4064
1784393385083 11.08888053894043 4065
1784393385086 12.902074813842773 4066
1784393385090 11.310213088989258 4067
1784393385093 12.158014297485352 4068
1784393385095 11.620941162109375 4069
1784393385097 13.34292984008789 4070
1784393385100 15.73265266418457 4071
1784393385102 12.25259017944336 4072
1784393385104 12.213863372802734 4073
1784393385106 11.433820724487305 4074
1784393385108 10.618484497070312 4075
1784393385110 10.09667682647705 4076
1784393385112 13.466873168945312 4077
1784393385115 10.444777488708496 4078
1784393385118 11.598169326782227 4079
1784393385121 11.349340438842773 4080
1784393385124 8.99035358428955 4081
1784393385127 9.628108978271484 4082
1784393385130 10.330345153808594 4083
1784393385133 8.190078735351562 4084
1784393385136 9.774741172790527 4085
1784393385138 8.732845306396484 4086
1784393385141 11.645805358886719 4087
1784393385144 8.298675537109375 4088
1784393385146 11.076391220092773 4089
1784393385148 11.248632431030273 4090
1784393385150 12.001596450805664 4091
1784393385153 9.085564613342285 4092
1784393385154 12.35361099243164 4093
1784393385156 10.077786445617676 4094
1784393385158 10.998027801513672 4095
1784393385160 12.07544231414795 4096
1784393385162 9.689769744873047 4097
1784393385165 10.445323944091797 4098
1784393385168 12.137271881103516 4099
1784393385171 8.445873260498047 4100
1784393385174 10.593633651733398 4101
1784393385177 10.279707908630371 4102
1784393385179 9.730385780334473 4103
1784393385183 10.756629943847656 4104
1784393385186 9.221102714538574 4105
1784393385189 9.769256591796875 4106
1784393385192 10.064632415771484 4107
1784393385194 9.678794860839844 4108
1784393385197 10.536397933959961 4109
1784393385200 9.594383239746094 4110
1784393385203 9.556130409240723 4111
1784393385206 9.151960372924805 4112
1784393385209 9.415324211120605 4113
1784393385211 8.278843879699707 4114
1784393385214 8.391103744506836 4115
1784393385217 8.25046443939209 4116
1784393385220 8.714105606079102 4117
1784393385222 8.924873352050781 4118
1784393385225 7.733246803283691 4119
1784393385227 8.010147094726562 4120
1784393385228 7.239993572235107 4121
1784393385231 9.575065612792969 4122
1784393385232 8.518064498901367 4123
1784393385234 8.967672348022461 4124
1784393385236 9.028874397277832 4125
1784393385238 10.178141593933105 4126
1784393385240 8.417176246643066 4127
1784393385242 9.444131851196289 4128
1784393385245 8.728521347045898 4129
1784393385248 9.448878288269043 4130
1784393385251 8.090333938598633 4131
1784393385254 9.671036720275879 4132
1784393385258 7.905514240264893 4133
1784393385261 10.275275230407715 4134
1784393385264 10.719904899597168 4135
1784393385268 9.961153030395508 4136
1784393385273 12.717649459838867 4137
1784393385277 10.14293098449707 4138
1784393385280 11.552483558654785 4139
1784393385283 13.580509185791016 4140
1784393385286 12.163397789001465 4141
1784393385289 11.656880378723145 4142
1784393385293 12.541869163513184 4143
1784393385295 12.988814353942871 4144
1784393385298 11.593464851379395 4145
1784393385300 13.470231056213379 4146
1784393385304 14.111413955688477 4147
1784393385307 10.09446907043457 4148
1784393385310 13.360970497131348 4149
1784393385313 14.748133659362793 4150
1784393385316 10.976637840270996 4151
1784393385319 14.271170616149902 4152
1784393385321 12.595695495605469 4153
1784393385324 11.515199661254883 4154
1784393385327 10.549985885620117 4155
1784393385330 13.129657745361328 4156
1784393385335 11.811224937438965 4157
1784393385337 12.520841598510742 4158
1784393385341 14.152360916137695 4159
1784393385344 10.096914291381836 4160
1784393385347 15.534709930419922 4161
1784393385350 11.632991790771484 4162
1784393385354 11.503549575805664 4163
1784393385357 12.024027824401855 4164
1784393385360 11.18526554107666 4165
1784393385363 10.446523666381836 4166
1784393385366 9.602684020996094 4167
1784393385369 9.68785285949707 4168
1784393385371 8.659829139709473 4169
1784393385374 9.32412052154541 4170
1784393385377 8.351396560668945 4171
1784393385380 11.197223663330078 4172
1784393385383 9.854083061218262 4173
1784393385386 10.424064636230469 4174
1784393385390 10.328439712524414 4175
1784393385393 10.877159118652344 4176
1784393385396 9.928144454956055 4177
1784393385399 10.193998336791992 4178
1784393385401 11.710136413574219 4179
1784393385404 9.83388614654541 4180
1784393385406 12.507892608642578 4181
1784393385408 9.332440376281738 4182
1784393385410 10.701116561889648 4183
1784393385412 9.601791381835938 4184
1784393385414 11.098546981811523 4185
1784393385416 9.58353328704834 4186
1784393385419 10.986713409423828 4187
1784393385422 10.578157424926758 4188
1784393385425 9.203068733215332 4189
1784393385429 12.00328254699707 4190
1784393385432 10.456134796142578 4191
1784393385434 13.844161033630371 4192
1784393385437 9.209558486938477 4193
1784393385440 13.320439338684082 4194
1784393385443 11.387971878051758 4195
1784393385446 14.756819725036621 4196
1784393385449 12.39072036743164 4197
1784393385452 10.78001594543457 4198
1784393385454 14.342700958251953 4199
1784393385457 11.040593147277832 4200
1784393385460 11.31202507019043 4201
1784393385463 10.654061317443848 4202
1784393385465 10.438308715820312 4203
1784393385467 12.515365600585938 4204
1784393385469 10.775032997131348 4205
1784393385471 11.557342529296875 4206
1784393385473 11.47294807434082 4207
1784393385475 12.601560592651367 4208
1784393385477 10.697328567504883 4209
1784393385480 13.737574577331543 4210
1784393385482 12.077215194702148 4211
1784393385484 14.36607837677002 4212
1784393385488 15.040740966796875 4213
1784393385492 13.634275436401367 4214
1784393385495 13.897302627563477 4215
1784393385499 11.560835838317871 4216
1784393385503 12.843832969665527 4217
1784393385506 11.59722900390625 4218
1784393385509 10.35245132446289 4219
1784393385513 11.064476013183594 4220
1784393385515 11.514013290405273 4221
1784393385518 11.905524253845215 4222
1784393385521 12.692095756530762 4223
1784393385524 13.040155410766602 4224
1784393385528 13.715641975402832 4225
1784393385531 13.594953536987305 4226
1784393385534 11.117460250854492 4227
1784393385538 11.878031730651855 4228
1784393385540 12.926637649536133 4229
1784393385543 10.566417694091797 4230
1784393385546 11.12154483795166 4231
1784393385549 11.064943313598633 4232
1784393385552 10.852899551391602 4233
1784393385555 12.332794189453125 4234
1784393385558 9.714343070983887 4235
1784393385562 13.243102073669434 4236
1784393385565 11.460022926330566 4237
1784393385568 10.197216987609863 4238
1784393385570 12.942757606506348 4239
1784393385573 9.991779327392578 4240
1784393385576 11.122262954711914 4241
1784393385579 11.121894836425781 4242
1784393385581 9.366839408874512 4243
1784393385583 11.931258201599121 4244
1784393385587 9.768427848815918 4245
1784393385590 14.552287101745605 4246
1784393385591 10.487170219421387 4247
1784393385594 10.95151138305664 4248
1784393385596 11.775750160217285 4249
1784393385598 12.395328521728516 4250
1784393385600 11.100339889526367 4251
1784393385603 10.537952423095703 4252
1784393385606 12.900480270385742 4253
1784393385609 10.701383590698242 4254
1784393385611 12.404852867126465 4255
1784393385614 10.513447761535645 4256
1784393385618 12.709667205810547 4257
1784393385621 13.43142032623291 4258
1784393385623 13.527151107788086 4259
1784393385627 14.74950122833252 4260
1784393385629 9.136856079101562 4261
1784393385631 12.07960319519043 4262
1784393385633 12.354665756225586 4263
1784393385635 9.078349113464355 4264
1784393385638 14.781418800354004 4265
1784393385640 12.180121421813965 4266
1784393385642 9.652847290039062 4267
1784393385644 11.356586456298828 4268
1784393385646 13.084668159484863 4269
1784393385648 10.201529502868652 4270
1784393385651 13.640926361083984 4271
1784393385654 14.181461334228516 4272
1784393385657 11.894497871398926 4273
1784393385661 13.462040901184082 4274
1784393385664 12.139192581176758 4275
1784393385667 11.463703155517578 4276
1784393385670 13.70555591583252 4277
1784393385676 10.942161560058594 4278
1784393385681 13.884854316711426 4279
1784393385683 12.519652366638184 4280
1784393385687 14.16031551361084 4281
1784393385690 12.041587829589844 4282
1784393385694 13.867429733276367 4283
1784393385697 14.275666236877441 4284
1784393385700 10.037012100219727 4285
1784393385703 13.175920486450195 4286
1784393385707 13.863764762878418 4287
1784393385711 11.93537425994873 4288
1784393385714 10.592864990234375 4289
1784393385718 12.74646282196045 4290
1784393385722 11.031177520751953 4291
1784393385725 11.984983444213867 4292
1784393385728 12.293288230895996 4293
1784393385731 11.899007797241211 4294
1784393385734 10.28990650177002 4295
1784393385737 10.767630577087402 4296
1784393385739 11.649419784545898 4297
1784393385741 10.701557159423828 4298
1784393385743 10.003602027893066 4299
1784393385746 12.184423446655273 4300
1784393385749 10.187006950378418 4301
1784393385751 13.075311660766602 4302
1784393385754 12.508174896240234 4303
1784393385756 11.552258491516113 4304
1784393385760 14.484769821166992 4305
1784393385762 10.828187942504883 4306
1784393385765 11.62922477722168 4307
1784393385767 13.202056884765625 4308
1784393385769 12.383859634399414 4309
1784393385772 12.050647735595703 4310
1784393385775 11.754419326782227 4311
1784393385778 16.965930938720703 4312
1784393385780 11.846508026123047 4313
1784393385782 12.844079971313477 4314
1784393385784 14.863029479980469 4315
1784393385786 11.605605125427246 4316
1784393385789 11.862488746643066 4317
1784393385791 11.496434211730957 4318
1784393385792 10.965316772460938 4319
1784393385795 10.855914115905762 4320
1784393385797 12.89163589477539 4321
1784393385800 10.709077835083008 4322
1784393385804 12.77027416229248 4323
1784393385807 13.390067100524902 4324
1784393385810 11.252732276916504 4325
1784393385813 14.158875465393066 4326
1784393385816 13.971047401428223 4327
1784393385820 10.792726516723633 4328
1784393385822 12.942290306091309 4329
1784393385824 12.612546920776367 4330
1784393385827 9.607017517089844 4331
1784393385830 13.038961410522461 4332
1784393385833 10.861099243164062 4333
1784393385835 11.256241798400879 4334
1784393385838 10.849446296691895 4335
1784393385840 10.181914329528809 4336
1784393385843 13.001643180847168 4337
1784393385845 14.224833488464355 4338
1784393385848 14.259300231933594 4339
1784393385851 11.792202949523926 4340
1784393385854 14.549673080444336 4341
1784393385857 11.698914527893066 4342
1784393385860 15.569877624511719 4343
1784393385863 16.75226402282715 4344
1784393385865 12.133776664733887 4345
1784393385867 15.556005477905273 4346
1784393385869 20.206445693969727 4347
1784393385871 10.730273246765137 4348
1784393385873 14.809085845947266 4349
1784393385875 14.364628791809082 4350
1784393385877 13.058677673339844 4351
1784393385879 15.951723098754883 4352
1784393385882 15.998631477355957 4353
1784393385885 13.622903823852539 4354
1784393385887 11.709378242492676 4355
1784393385891 16.374897003173828 4356
1784393385894 13.159894943237305 4357
1784393385898 11.803583145141602 4358
1784393385901 14.851304054260254 4359
1784393385905 13.051257133483887 4360
1784393385907 12.79613971710205 4361
1784393385911 12.204122543334961 4362
1784393385913 12.012896537780762 4363
1784393385915 12.008956909179688 4364
1784393385917 10.221735954284668 4365
1784393385919 11.732699394226074 4366
1784393385921 7.817561626434326 4367
1784393385923 9.586334228515625 4368
1784393385925 8.577913284301758 4369
1784393385927 9.153241157531738 4370
1784393385930 9.009075164794922 4371
1784393385933 10.740666389465332 4372
1784393385936 9.098750114440918 4373
1784393385939 11.5462064743042 4374
1784393385942 10.694927215576172 4375
1784393385945 12.23011589050293 4376
1784393385947 13.975980758666992 4377
1784393385950 10.688953399658203 4378
1784393385953 11.15639591217041 4379
1784393385956 9.290853500366211 4380
1784393385959 11.689091682434082 4381
1784393385962 12.188384056091309 4382
1784393385965 8.484753608703613 4383
1784393385967 12.876531600952148 4384
1784393385970 11.085533142089844 4385
1784393385973 10.876165390014648 4386
1784393385976 9.987884521484375 4387
1784393385978 9.704681396484375 4388
1784393385981 10.122136116027832 4389
1784393385984 10.831842422485352 4390
1784393385986 11.62165641784668 4391
1784393385989 8.320520401000977 4392
1784393385991 12.718710899353027 4393
1784393385993 9.445465087890625 4394
1784393385996 12.216120719909668 4395
1784393385997 10.530754089355469 4396
1784393386000 8.858170509338379 4397
1784393386002 12.788147926330566 4398
1784393386005 8.437402725219727 4399
1784393386009 12.028221130371094 4400
1784393386012 9.845069885253906 4401
1784393386016 9.844898223876953 4402
1784393386019 9.982263565063477 4403
1784393386023 9.912781715393066 4404
1784393386025 12.448314666748047 4405
1784393386028 8.992940902709961 4406
1784393386031 11.567062377929688 4407
1784393386034 10.771659851074219 4408
1784393386036 9.114397048950195 4409
1784393386040 11.078767776489258 4410
1784393386042 10.592262268066406 4411
1784393386045 8.583638191223145 4412
1784393386047 11.113404273986816 4413
1784393386049 8.328543663024902 4414
1784393386052 9.703618049621582 4415
1784393386053 10.15953254699707 4416
1784393386056 9.218978881835938 4417
1784393386058 10.455480575561523 4418
1784393386059 9.109244346618652 4419
1784393386062 8.2957763671875 4420
1784393386064 9.987635612487793 4421
1784393386067 9.890273094177246 4422
1784393386070 9.69693660736084 4423
1784393386073 10.192691802978516 4424
1784393386076 9.784717559814453 4425
1784393386079 12.101531982421875 4426
1784393386082 10.31716537475586 4427
1784393386085 13.17633056640625 4428
1784393386088 12.702847480773926 4429
1784393386092 12.950779914855957 4430
1784393386094 12.404987335205078 4431
1784393386096 11.060250282287598 4432
1784393386100 11.269254684448242 4433
1784393386103 11.207977294921875 4434
1784393386106 9.918035507202148 4435
1784393386109 11.403240203857422 4436
1784393386112 12.092992782592773 4437
1784393386115 8.733294486999512 4438
1784393386118 10.623970031738281 4439
1784393386120 9.902543067932129 4440
1784393386123 8.223496437072754 4441
1784393386125 11.369292259216309 4442
1784393386128 8.992067337036133 4443
1784393386131 10.95632266998291 4444
1784393386134 11.547513961791992 4445
1784393386136 11.404770851135254 4446
1784393386139 9.610334396362305 4447
1784393386141 10.87061882019043 4448
1784393386144 11.096091270446777 4449
1784393386148 10.806875228881836 4450
1784393386151 12.523637771606445 4451
1784393386154 10.761752128601074 4452
1784393386157 13.113411903381348 4453
1784393386160 10.048164367675781 4454
1784393386163 13.079399108886719 4455
1784393386165 11.460765838623047 4456
1784393386169 14.588356018066406 4457
1784393386172 11.120246887207031 4458
1784393386175 12.945858001708984 4459
1784393386178 14.18484115600586 4460
1784393386181 9.9393949508667 4461
1784393386184 13.261935234069824 4462
1784393386187 13.19407844543457 4463
1784393386190 14.124002456665039 4464
1784393386193 11.330626487731934 4465
1784393386196 13.021553039550781 4466
1784393386199 12.612717628479004 4467
1784393386202 15.721521377563477 4468
1784393386204 13.530149459838867 4469
1784393386208 10.007537841796875 4470
1784393386210 13.646535873413086 4471
1784393386213 11.657668113708496 4472
1784393386216 13.356722831726074 4473
1784393386219 11.637752532958984 4474
1784393386222 14.254237174987793 4475
1784393386224 10.554218292236328 4476
1784393386227 11.717168807983398 4477
1784393386230 12.380599021911621 4478
1784393386233 9.734443664550781 4479
1784393386236 11.972152709960938 4480
1784393386239 14.009391784667969 4481
1784393386241 10.052033424377441 4482
1784393386244 11.271728515625 4483
1784393386247 10.659540176391602 4484
1784393386249 11.785635948181152 4485
1784393386252 12.08016586303711 4486
1784393386255 12.96478271484375 4487
1784393386258 15.593708038330078 4488
1784393386260 11.651684761047363 4489
1784393386263 13.635900497436523 4490
1784393386265 13.77902889251709 4491
1784393386268 10.927613258361816 4492
1784393386270 16.0637149810791 4493
1784393386272 15.993729591369629 4494
1784393386275 11.744747161865234 4495
1784393386277 14.731565475463867 4496
1784393386279 15.88131046295166 4497
1784393386281 14.716422080993652 4498
1784393386283 9.932570457458496 4499
1784393386287 13.945074081420898 4500
1784393386290 13.61844253540039 4501
1784393386293 10.885966300964355 4502
1784393386296 14.758952140808105 4503
1784393386299 11.555901527404785 4504
1784393386302 12.569134712219238 4505
1784393386305 9.839881896972656 4506
1784393386308 10.677247047424316 4507
1784393386312 10.35024356842041 4508
1784393386315 11.757351875305176 4509
1784393386319 9.699286460876465 4510
1784393386323 9.404150009155273 4511
1784393386325 10.192959785461426 4512
1784393386328 10.594941139221191 4513
1784393386331 9.94016170501709 4514
1784393386333 10.276601791381836 4515
1784393386336 11.695287704467773 4516
1784393386338 10.585240364074707 4517
1784393386341 11.923815727233887 4518
1784393386343 12.752519607543945 4519
1784393386345 12.509713172912598 4520
1784393386348 12.027029991149902 4521
1784393386350 12.254659652709961 4522
1784393386352 10.170001029968262 4523
1784393386355 10.046171188354492 4524
1784393386358 10.194242477416992 4525
1784393386363 10.369470596313477 4526
1784393386367 9.770975112915039 4527
1784393386370 9.994787216186523 4528
1784393386373 10.054096221923828 4529
1784393386375 8.437043190002441 4530
1784393386378 9.734466552734375 4531
1784393386380 9.213577270507812 4532
1784393386383 9.779581069946289 4533
1784393386386 9.25508975982666 4534
1784393386388 9.277700424194336 4535
1784393386391 8.287466049194336 4536
1784393386393 9.426105499267578 4537
1784393386396 8.167379379272461 4538
1784393386399 9.952613830566406 4539
1784393386402 11.844708442687988 4540
1784393386404 6.944817066192627 4541
1784393386406 11.212272644042969 4542
1784393386409 8.18869400024414 4543
1784393386411 12.009542465209961 4544
1784393386413 11.146583557128906 4545
1784393386415 9.704180717468262 4546
1784393386418 11.02392864227295 4547
1784393386420 10.805997848510742 4548
1784393386422 12.949918746948242 4549
1784393386424 10.415680885314941 4550
1784393386427 11.221717834472656 4551
1784393386431 12.336250305175781 4552
1784393386434 10.765707015991211 4553
1784393386436 11.645868301391602 4554
1784393386439 10.354593276977539 4555
1784393386442 12.063764572143555 4556
1784393386445 10.071432113647461 4557
1784393386447 13.021586418151855 4558
1784393386450 11.084724426269531 4559
1784393386453 12.138925552368164 4560
1784393386456 11.305793762207031 4561
1784393386459 8.690563201904297 4562
1784393386462 11.033295631408691 4563
1784393386465 9.25576114654541 4564
1784393386469 9.857381820678711 4565
1784393386472 8.864017486572266 4566
1784393386475 8.089645385742188 4567
1784393386478 8.577299118041992 4568
1784393386482 8.535552978515625 4569
1784393386484 8.695539474487305 4570
1784393386487 9.740034103393555 4571
1784393386489 7.519619941711426 4572
1784393386491 10.906597137451172 4573
1784393386493 9.892928123474121 4574
1784393386495 8.556198120117188 4575
1784393386498 11.176042556762695 4576
1784393386500 7.969850063323975 4577
1784393386502 12.183499336242676 4578
1784393386504 11.233341217041016 4579
1784393386506 10.395551681518555 4580
1784393386509 10.660181999206543 4581
1784393386513 10.68586254119873 4582
1784393386516 11.313189506530762 4583
1784393386519 9.462526321411133 4584
1784393386521 9.423303604125977 4585
1784393386524 9.008049011230469 4586
1784393386527 8.9747896194458 4587
1784393386530 8.848217964172363 4588
1784393386532 9.23840045928955 4589
1784393386535 8.540445327758789 4590
1784393386537 10.028707504272461 4591
1784393386540 9.791280746459961 4592
1784393386543 9.222894668579102 4593
1784393386546 11.890373229980469 4594
1784393386548 13.99062442779541 4595
1784393386551 11.121687889099121 4596
1784393386554 11.076197624206543 4597
1784393386557 12.644576072692871 4598
1784393386559 13.849574089050293 4599
1784393386562 11.89561939239502 4600
1784393386564 11.751506805419922 4601
1784393386567 13.127527236938477 4602
1784393386569 11.976064682006836 4603
1784393386571 11.606582641601562 4604
1784393386573 12.724333763122559 4605
1784393386575 13.758184432983398 4606
1784393386577 12.684123039245605 4607
1784393386580 15.687850952148438 4608
1784393386582 12.950626373291016 4609
1784393386585 14.679494857788086 4610
1784393386588 13.883698463439941 4611
1784393386590 11.678890228271484 4612
1784393386593 12.255627632141113 4613
1784393386596 13.562824249267578 4614
1784393386600 11.28254508972168 4615
1784393386603 12.276403427124023 4616
1784393386605 12.554140090942383 4617
1784393386608 11.073293685913086 4618
1784393386611 10.276708602905273 4619
1784393386614 11.977002143859863 4620
1784393386617 8.632796287536621 4621
1784393386619 12.40631103515625 4622
1784393386621 10.292510986328125 4623
1784393386623 9.828307151794434 4624
1784393386626 10.370965003967285 4625
1784393386628 10.36279296875 4626
1784393386629 9.478050231933594 4627
1784393386632 10.736021995544434 4628
1784393386634 9.722479820251465 4629
1784393386635 10.851912498474121 4630
1784393386638 11.187938690185547 4631
1784393386641 12.44655990600586 4632
1784393386645 12.356233596801758 4633
1784393386647 12.305403709411621 4634
1784393386650 12.972936630249023 4635
1784393386653 12.210248947143555 4636
1784393386656 11.735729217529297 4637
1784393386658 12.85801887512207 4638
1784393386661 10.358951568603516 4639
1784393386664 11.317055702209473 4640
1784393386667 12.590764999389648 4641
1784393386670 8.902752876281738 4642
1784393386672 11.468432426452637 4643
1784393386676 11.191312789916992 4644
1784393386678 10.671294212341309 4645
1784393386681 12.261382102966309 4646
1784393386683 10.093663215637207 4647
1784393386686 13.079569816589355 4648
1784393386689 12.358366966247559 4649
1784393386693 11.580545425415039 4650
1784393386697 11.758233070373535 4651
1784393386700 10.805194854736328 4652
1784393386703 13.356761932373047 4653
1784393386707 12.775834083557129 4654
1784393386710 10.913975715637207 4655
1784393386713 12.497831344604492 4656
1784393386716 10.572271347045898 4657
1784393386719 14.252613067626953 4658
1784393386722 10.87581729888916 4659
1784393386725 10.861653327941895 4660
1784393386729 12.866460800170898 4661
1784393386733 10.453455924987793 4662
1784393386736 11.807584762573242 4663
1784393386739 12.850567817687988 4664
1784393386743 13.783819198608398 4665
1784393386746 15.09733772277832 4666
1784393386749 11.881865501403809 4667
1784393386751 12.835461616516113 4668
1784393386753 12.852069854736328 4669
1784393386756 12.320693016052246 4670
1784393386758 11.714082717895508 4671
1784393386760 12.773725509643555 4672
1784393386762 12.274638175964355 4673
1784393386765 15.026403427124023 4674
1784393386767 12.619091987609863 4675
1784393386769 12.231922149658203 4676
1784393386772 13.50296401977539 4677
1784393386776 13.159574508666992 4678
1784393386780 13.044427871704102 4679
1784393386782 13.779661178588867 4680
1784393386786 15.629697799682617 4681
1784393386788 10.648521423339844 4682
1784393386791 14.284828186035156 4683
1784393386793 15.701674461364746 4684
1784393386796 11.178877830505371 4685
1784393386798 15.984123229980469 4686
1784393386801 17.11618995666504 4687
1784393386803 12.768794059753418 4688
1784393386805 14.750690460205078 4689
1784393386808 14.971372604370117 4690
1784393386810 13.783195495605469 4691
1784393386812 14.753242492675781 4692
1784393386814 12.499137878417969 4693
1784393386817 13.28287124633789 4694
1784393386819 12.146905899047852 4695
1784393386822 14.349717140197754 4696
1784393386824 11.607993125915527 4697
1784393386827 12.828315734863281 4698
1784393386830 14.829858779907227 4699
1784393386833 10.207500457763672 4700
1784393386836 13.474674224853516 4701
1784393386839 12.647809028625488 4702
1784393386842 14.980127334594727 4703
1784393386845 12.283204078674316 4704
1784393386847 12.928754806518555 4705
1784393386850 13.985395431518555 4706
1784393386852 9.260692596435547 4707
1784393386855 11.877429008483887 4708
1784393386858 11.30291748046875 4709
1784393386860 10.885651588439941 4710
1784393386863 11.586858749389648 4711
1784393386865 9.574151992797852 4712
1784393386868 11.615540504455566 4713
1784393386871 10.933974266052246 4714
1784393386873 12.53853988647461 4715
1784393386876 10.116191864013672 4716
1784393386879 10.70672607421875 4717
1784393386881 9.365864753723145 4718
1784393386884 9.564253807067871 4719
1784393386886 9.475761413574219 4720
1784393386889 11.852144241333008 4721
1784393386891 8.901932716369629 4722
1784393386894 10.593037605285645 4723
1784393386896 8.696135520935059 4724
1784393386899 9.16386604309082 4725
1784393386902 9.023759841918945 4726
1784393386905 8.636245727539062 4727
1784393386908 9.778189659118652 4728
1784393386911 10.395978927612305 4729
1784393386913 9.399805068969727 4730
1784393386916 9.520610809326172 4731
1784393386919 8.470598220825195 4732
1784393386922 10.186954498291016 4733
1784393386925 7.77000093460083 4734
1784393386927 10.801952362060547 4735
1784393386930 11.236618995666504 4736
1784393386932 10.231826782226562 4737
1784393386935 9.831603050231934 4738
1784393386938 10.02502155303955 4739
1784393386940 9.649500846862793 4740
1784393386943 12.248053550720215 4741
1784393386945 10.856008529663086 4742
1784393386947 11.351110458374023 4743
1784393386950 15.055715560913086 4744
1784393386952 9.844325065612793 4745
1784393386954 14.19713020324707 4746
1784393386956 12.75000286102295 4747
1784393386958 10.47740650177002 4748
1784393386961 13.141181945800781 4749
1784393386963 13.189226150512695 4750
1784393386966 12.040740966796875 4751
1784393386968 14.700498580932617 4752
1784393386972 10.613289833068848 4753
1784393386974 15.768153190612793 4754
1784393386977 13.420112609863281 4755
1784393386980 12.142107009887695 4756
1784393386982 13.296692848205566 4757
1784393386985 10.840723037719727 4758
1784393386988 10.889307022094727 4759
1784393386990 14.114489555358887 4760
1784393386993 10.584268569946289 4761
1784393386996 11.341039657592773 4762
1784393386999 10.389971733093262 4763
1784393387002 11.317546844482422 4764
1784393387005 10.858451843261719 4765
1784393387008 9.802043914794922 4766
1784393387012 11.388973236083984 4767
1784393387015 11.184656143188477 4768
1784393387018 11.545206069946289 4769
1784393387020 11.58729362487793 4770
1784393387023 11.25044059753418 4771
1784393387025 10.805941581726074 4772
1784393387027 10.486896514892578 4773
1784393387029 10.635496139526367 4774
1784393387031 8.15047550201416 4775
1784393387034 11.603796005249023 4776
1784393387035 10.030638694763184 4777
1784393387038 9.822724342346191 4778
1784393387040 8.69914722442627 4779
1784393387042 10.821405410766602 4780
1784393387045 11.3068265914917 4781
1784393387049 9.19433879852295 4782
1784393387053 11.772350311279297 4783
1784393387056 11.9111328125 4784
1784393387059 11.431119918823242 4785
1784393387063 9.211623191833496 4786
1784393387066 12.624300956726074 4787
1784393387069 10.565412521362305 4788
1784393387072 11.343363761901855 4789
1784393387077 10.660093307495117 4790
1784393387080 8.22393798828125 4791
1784393387083 10.162944793701172 4792
1784393387086 8.322423934936523 4793
1784393387096 9.117400169372559 4794
1784393387098 9.82762622833252 4795
1784393387101 7.9156813621521 4796
1784393387103 8.470743179321289 4797
1784393387105 7.53582239151001 4798
1784393387107 10.37483024597168 4799
1784393387109 9.052706718444824 4800
1784393387111 10.771886825561523 4801
1784393387113 9.86900520324707 4802
1784393387115 9.668179512023926 4803
1784393387118 11.373676300048828 4804
1784393387120 10.948318481445312 4805
1784393387124 10.750350952148438 4806
1784393387126 8.998587608337402 4807
1784393387129 10.763739585876465 4808
1784393387132 10.29691219329834 4809
1784393387136 11.088973999023438 4810
1784393387139 11.611038208007812 4811
1784393387142 11.006948471069336 4812
1784393387146 14.258684158325195 4813
1784393387150 10.365165710449219 4814
1784393387154 12.4278564453125 4815
1784393387157 11.885231971740723 4816
1784393387160 10.511395454406738 4817
1784393387163 8.872882843017578 4818
1784393387165 11.498493194580078 4819
1784393387169 10.059381484985352 4820
1784393387172 13.231115341186523 4821
1784393387175 9.087637901306152 4822
1784393387178 11.569910049438477 4823
1784393387181 11.02581787109375 4824
1784393387183 9.216811180114746 4825
1784393387186 11.6395263671875 4826
1784393387189 8.818504333496094 4827
1784393387192 10.84007453918457 4828
1784393387194 9.419597625732422 4829
1784393387196 11.284725189208984 4830
1784393387198 11.387657165527344 4831
1784393387200 12.028582572937012 4832
1784393387203 11.134069442749023 4833
1784393387205 12.287967681884766 4834
1784393387207 11.538168907165527 4835
1784393387209 11.756373405456543 4836
1784393387211 12.166919708251953 4837
1784393387213 9.81511116027832 4838
1784393387217 10.974092483520508 4839
1784393387219 9.416193962097168 4840
1784393387222 10.29377555847168 4841
1784393387225 9.891359329223633 4842
1784393387228 12.164278030395508 4843
1784393387231 11.558595657348633 4844
1784393387233 9.83688735961914 4845
1784393387236 12.000593185424805 4846
1784393387238 8.796903610229492 4847
1784393387242 12.211811065673828 4848
1784393387246 10.753193855285645 4849
1784393387249 11.955764770507812 4850
1784393387252 11.28084945678711 4851
1784393387255 11.093293190002441 4852
1784393387258 9.67077922821045 4853
1784393387261 10.386331558227539 4854
1784393387263 8.783187866210938 4855
1784393387266 10.957115173339844 4856
1784393387269 9.55752182006836 4857
1784393387272 10.957720756530762 4858
1784393387277 9.806696891784668 4859
1784393387279 8.616042137145996 4860
1784393387283 11.1446533203125 4861
1784393387286 9.747034072875977 4862
1784393387289 11.432785034179688 4863
1784393387291 11.563796997070312 4864
1784393387294 10.143977165222168 4865
1784393387298 9.975337982177734 4866
1784393387301 7.375322341918945 4867
1784393387304 9.154885292053223 4868
1784393387307 7.605539321899414 4869
1784393387310 11.675047874450684 4870
1784393387313 10.874199867248535 4871
1784393387315 8.10623550415039 4872
1784393387318 11.28400993347168 4873
1784393387321 10.734026908874512 4874
1784393387324 9.044817924499512 4875
1784393387326 9.721126556396484 4876
1784393387329 8.823629379272461 4877
1784393387331 9.96231746673584 4878
1784393387333 12.083362579345703 4879
1784393387336 11.10312271118164 4880
1784393387338 11.703112602233887 4881
1784393387340 12.588728904724121 4882
1784393387342 13.434739112854004 4883
1784393387344 9.4876127243042 4884
1784393387347 11.798410415649414 4885
1784393387351 9.393499374389648 4886
1784393387354 9.233449935913086 4887
1784393387357 10.731292724609375 4888
1784393387359 8.578169822692871 4889
1784393387362 8.968449592590332 4890
1784393387364 10.07429313659668 4891
1784393387368 9.910660743713379 4892
1784393387372 10.457671165466309 4893
1784393387376 9.577951431274414 4894
1784393387379 11.035408973693848 4895
1784393387381 12.000077247619629 4896
1784393387385 9.845756530761719 4897
1784393387388 9.16356086730957 4898
1784393387391 11.42231559753418 4899
1784393387393 9.686179161071777 4900
1784393387396 8.84223747253418 4901
1784393387400 10.273419380187988 4902
1784393387403 9.605496406555176 4903
1784393387407 10.463549613952637 4904
1784393387410 9.716680526733398 4905
1784393387412 9.90919303894043 4906
1784393387415 9.328771591186523 4907
1784393387418 7.9316606521606445 4908
1784393387422 8.66093921661377 4909
1784393387425 9.078036308288574 4910
1784393387428 9.843769073486328 4911
1784393387430 9.85984992980957 4912
1784393387433 10.458521842956543 4913
1784393387436 11.087818145751953 4914
1784393387439 10.00939655303955 4915
1784393387442 10.120379447937012 4916
1784393387445 11.662322044372559 4917
1784393387448 9.183255195617676 4918
1784393387450 11.152471542358398 4919
1784393387453 11.541132926940918 4920
1784393387456 9.22207260131836 4921
1784393387459 12.989326477050781 4922
1784393387461 11.492786407470703 4923
1784393387464 12.623863220214844 4924
1784393387467 10.079276084899902 4925
1784393387469 9.723546981811523 4926
1784393387472 10.992021560668945 4927
1784393387474 9.309070587158203 4928
1784393387477 9.801403999328613 4929
1784393387480 11.273639678955078 4930
1784393387483 11.053902626037598 4931
1784393387486 11.134756088256836 4932
1784393387488 10.337648391723633 4933
1784393387491 10.785076141357422 4934
1784393387495 9.433640480041504 4935
1784393387498 10.109369277954102 4936
1784393387502 11.751906394958496 4937
1784393387505 8.506946563720703 4938
1784393387508 10.837430953979492 4939
1784393387511 9.158975601196289 4940
1784393387514 10.464981079101562 4941
1784393387517 11.287915229797363 4942
1784393387520 7.97137975692749 4943
1784393387524 11.568172454833984 4944
1784393387526 7.913238048553467 4945
1784393387529 10.993779182434082 4946
1784393387532 8.959071159362793 4947
1784393387535 12.625816345214844 4948
1784393387537 8.813101768493652 4949
1784393387540 11.413050651550293 4950
1784393387543 10.749510765075684 4951
1784393387545 8.884156227111816 4952
1784393387548 10.964432716369629 4953
1784393387550 9.10630989074707 4954
1784393387552 10.203025817871094 4955
1784393387555 8.916667938232422 4956
1784393387557 10.489229202270508 4957
1784393387559 8.296913146972656 4958
1784393387561 9.151739120483398 4959
1784393387563 9.814375877380371 4960
1784393387565 9.481552124023438 4961
1784393387569 11.592122077941895 4962
1784393387574 10.231103897094727 4963
1784393387578 10.202064514160156 4964
1784393387582 10.197019577026367 4965
1784393387586 10.5007905960083 4966
1784393387593 8.549823760986328 4967
1784393387599 9.581558227539062 4968
1784393387606 10.980836868286133 4969
1784393387615 7.784389495849609 4970
1784393387619 9.770959854125977 4971
1784393387623 10.778495788574219 4972
1784393387626 11.164416313171387 4973
1784393387629 10.546772956848145 4974
1784393387632 9.180447578430176 4975
1784393387634 10.760869979858398 4976
1784393387637 11.109097480773926 4977
1784393387640 11.482144355773926 4978
1784393387642 9.100704193115234 4979
1784393387645 12.305461883544922 4980
1784393387648 11.587764739990234 4981
1784393387652 12.15556526184082 4982
1784393387654 10.902886390686035 4983
1784393387656 9.098702430725098 4984
1784393387660 10.577540397644043 4985
1784393387665 10.333544731140137 4986
1784393387668 9.233863830566406 4987
1784393387670 10.850834846496582 4988
1784393387673 10.506277084350586 4989
1784393387676 9.248636245727539 4990
1784393387679 10.74587631225586 4991
1784393387682 12.5228910446167 4992
1784393387684 11.689258575439453 4993
1784393387687 9.118697166442871 4994
1784393387690 10.814142227172852 4995
1784393387693 9.129985809326172 4996
1784393387696 9.829488754272461 4997
1784393387699 11.71320915222168 4998
1784393387702 10.86314582824707 4999
1784393387705 13.230688095092773 5000
1784393387708 12.270071029663086 5001
1784393387712 10.769569396972656 5002
1784393387715 9.462101936340332 5003
1784393387718 10.946342468261719 5004
1784393387721 9.206123352050781 5005
1784393387725 10.471426963806152 5006
1784393387728 8.219490051269531 5007
1784393387732 9.879647254943848 5008
1784393387736 8.276188850402832 5009
1784393387739 9.124863624572754 5010
1784393387742 10.137306213378906 5011
1784393387745 12.154808044433594 5012
1784393387747 9.696624755859375 5013
1784393387750 11.663814544677734 5014
1784393387752 8.740133285522461 5015
1784393387755 11.144538879394531 5016
1784393387758 9.963940620422363 5017
1784393387761 10.8890380859375 5018
1784393387765 11.353841781616211 5019
1784393387768 13.167937278747559 5020
1784393387771 10.339225769042969 5021
1784393387774 10.845050811767578 5022
1784393387776 13.882142066955566 5023
1784393387780 12.627260208129883 5024
1784393387782 12.469794273376465 5025
1784393387785 13.84411907196045 5026
1784393387788 13.253350257873535 5027
1784393387790 14.122289657592773 5028
1784393387793 9.95190143585205 5029
1784393387796 13.91750717163086 5030
1784393387799 12.179810523986816 5031
1784393387803 12.221196174621582 5032
1784393387807 11.058125495910645 5033
1784393387811 13.658618927001953 5034
1784393387814 11.745908737182617 5035
1784393387816 11.604098320007324 5036
1784393387819 13.220020294189453 5037
1784393387822 11.45791244506836 5038
1784393387824 12.613252639770508 5039
1784393387826 12.674779891967773 5040
1784393387829 10.81043529510498 5041
1784393387833 11.374486923217773 5042
1784393387836 10.487072944641113 5043
1784393387838 11.271682739257812 5044
1784393387841 9.797372817993164 5045
1784393387843 10.15758991241455 5046
1784393387846 9.051149368286133 5047
1784393387847 9.690156936645508 5048
1784393387850 10.224113464355469 5049
1784393387853 10.078898429870605 5050
1784393387856 13.055232048034668 5051
1784393387859 10.98315143585205 5052
1784393387862 11.02330493927002 5053
1784393387865 11.882170677185059 5054
1784393387867 11.591398239135742 5055
1784393387869 11.09677791595459 5056
1784393387871 11.304788589477539 5057
1784393387874 11.154865264892578 5058
1784393387877 10.164472579956055 5059
1784393387880 10.841089248657227 5060
1784393387882 9.605024337768555 5061
1784393387885 8.409582138061523 5062
1784393387887 8.952547073364258 5063
1784393387889 9.427938461303711 5064
1784393387893 8.115737915039062 5065
1784393387895 9.761449813842773 5066
1784393387898 8.559419631958008 5067
1784393387901 10.4202241897583 5068
1784393387903 9.849225997924805 5069
1784393387907 11.716217994689941 5070
1784393387909 10.99912166595459 5071
1784393387913 11.741969108581543 5072
1784393387915 10.55664348602295 5073
1784393387918 11.057072639465332 5074
1784393387920 11.406291961669922 5075
1784393387936 13.127799034118652 5076
1784393387938 11.490721702575684 5077
1784393387941 10.369982719421387 5078
1784393387944 12.481863975524902 5079
1784393387947 8.728468894958496 5080
1784393387949 12.06075668334961 5081
1784393387952 14.345476150512695 5082
1784393387955 11.021505355834961 5083
1784393387957 9.113851547241211 5084
1784393387960 12.62102222442627 5085
1784393387963 9.437264442443848 5086
1784393387966 9.641496658325195 5087
1784393387969 11.235261917114258 5088
1784393387971 10.03254222869873 5089
1784393387974 11.46044635772705 5090
1784393387977 11.595673561096191 5091
1784393387979 13.29255485534668 5092
1784393387981 11.244054794311523 5093
1784393387984 10.615948677062988 5094
1784393387987 10.740555763244629 5095
1784393387989 12.682218551635742 5096
1784393387992 12.637735366821289 5097
1784393387995 11.61741828918457 5098
1784393387998 11.62678337097168 5099
1784393388000 10.073338508605957 5100
1784393388003 11.967060089111328 5101
1784393388007 14.168170928955078 5102
1784393388010 11.3738431930542 5103
1784393388012 11.11934757232666 5104
1784393388015 12.96891975402832 5105
1784393388017 11.169042587280273 5106
1784393388020 11.4315185546875 5107
1784393388022 13.8970308303833 5108
1784393388024 8.495424270629883 5109
1784393388027 15.009794235229492 5110
1784393388029 12.768916130065918 5111
1784393388032 10.986438751220703 5112
1784393388034 14.046174049377441 5113
1784393388037 12.727935791015625 5114
1784393388039 11.589040756225586 5115
1784393388042 11.3132905960083 5116
1784393388045 13.99604606628418 5117
1784393388048 13.62924575805664 5118
1784393388050 10.670967102050781 5119
1784393388053 12.54443645477295 5120
1784393388055 12.372617721557617 5121
1784393388058 13.736434936523438 5122
1784393388061 10.456453323364258 5123
1784393388063 13.792581558227539 5124
1784393388066 15.292470932006836 5125
1784393388068 11.628231048583984 5126
1784393388071 12.362106323242188 5127
1784393388074 13.469449996948242 5128
1784393388076 10.985526084899902 5129
1784393388079 14.216691017150879 5130
1784393388082 15.277050018310547 5131
1784393388085 13.726279258728027 5132
1784393388087 15.313016891479492 5133
1784393388090 13.61008071899414 5134
1784393388093 14.768508911132812 5135
1784393388096 12.216975212097168 5136
1784393388099 16.104185104370117 5137
1784393388102 15.821133613586426 5138
1784393388105 12.712696075439453 5139
1784393388108 11.712485313415527 5140
1784393388110 16.582515716552734 5141
1784393388113 13.455642700195312 5142
1784393388116 12.18806266784668 5143
1784393388118 12.748523712158203 5144
1784393388121 13.72860336303711 5145
1784393388123 11.592010498046875 5146
1784393388126 11.259967803955078 5147
1784393388128 11.936389923095703 5148
1784393388131 10.943387985229492 5149
1784393388133 9.610957145690918 5150
1784393388136 11.096894264221191 5151
1784393388139 9.73520565032959 5152
1784393388141 11.679892539978027 5153
1784393388144 13.450410842895508 5154
1784393388146 7.967360973358154 5155
1784393388149 12.932944297790527 5156
1784393388152 9.808486938476562 5157
1784393388154 9.330622673034668 5158
1784393388157 11.007783889770508 5159
1784393388160 9.798672676086426 5160
1784393388163 10.464057922363281 5161
1784393388165 9.919185638427734 5162
1784393388168 8.04373836517334 5163
1784393388171 9.382852554321289 5164
1784393388174 9.63215446472168 5165
1784393388176 10.086915016174316 5166
1784393388180 11.632935523986816 5167
1784393388182 9.625889778137207 5168
1784393388185 10.4959077835083 5169
1784393388188 9.872833251953125 5170
1784393388191 10.955345153808594 5171
1784393388194 12.35395622253418 5172
1784393388197 11.792437553405762 5173
1784393388200 11.58692741394043 5174
1784393388204 12.197412490844727 5175
1784393388207 10.438966751098633 5176
1784393388210 13.168190956115723 5177
1784393388215 14.400869369506836 5178
1784393388219 12.945638656616211 5179
1784393388222 11.152860641479492 5180
1784393388225 12.44005012512207 5181
1784393388228 15.137660026550293 5182
1784393388231 11.052387237548828 5183
1784393388234 14.046478271484375 5184
1784393388237 14.0565767288208 5185
1784393388239 12.213953971862793 5186
1784393388242 12.649361610412598 5187
1784393388245 15.264147758483887 5188
1784393388248 13.949106216430664 5189
1784393388251 12.258527755737305 5190
1784393388254 17.164634704589844 5191
1784393388256 11.956433296203613 5192
1784393388259 14.618040084838867 5193
1784393388262 17.928110122680664 5194
1784393388265 13.284238815307617 5195
1784393388267 14.347132682800293 5196
1784393388271 16.840805053710938 5197
1784393388273 15.434783935546875 5198
1784393388277 12.237494468688965 5199
1784393388279 13.979175567626953 5200
1784393388283 12.200836181640625 5201
1784393388285 13.772586822509766 5202
1784393388289 16.145164489746094 5203
1784393388291 12.615553855895996 5204
1784393388294 12.149428367614746 5205
1784393388297 13.476734161376953 5206
1784393388300 10.829182624816895 5207
1784393388303 12.93878173828125 5208
1784393388306 12.73509407043457 5209
1784393388308 9.229308128356934 5210
1784393388311 10.695344924926758 5211
1784393388314 11.349719047546387 5212
1784393388317 8.707040786743164 5213
1784393388320 11.593674659729004 5214
1784393388323 9.743319511413574 5215
1784393388326 11.969356536865234 5216
1784393388330 11.324602127075195 5217
1784393388332 11.43082332611084 5218
1784393388335 13.192075729370117 5219
1784393388339 8.401873588562012 5220
1784393388342 11.328035354614258 5221
1784393388345 10.866140365600586 5222
1784393388348 10.469536781311035 5223
1784393388351 11.698601722717285 5224
1784393388355 10.276731491088867 5225
1784393388358 10.608320236206055 5226
1784393388361 12.12844467163086 5227
1784393388363 12.6031494140625 5228
1784393388366 9.3128662109375 5229
1784393388369 12.968860626220703 5230
1784393388371 11.2667875289917 5231
1784393388375 12.407620429992676 5232
1784393388378 12.628201484680176 5233
1784393388380 10.433736801147461 5234
1784393388382 11.7437744140625 5235
1784393388385 12.169973373413086 5236
1784393388388 11.583831787109375 5237
1784393388391 12.964529037475586 5238
1784393388394 13.995107650756836 5239
1784393388397 9.781891822814941 5240
1784393388400 12.612397193908691 5241
1784393388404 10.192309379577637 5242
1784393388406 14.210029602050781 5243
1784393388409 11.171706199645996 5244
1784393388412 11.992072105407715 5245
1784393388415 13.51512336730957 5246
1784393388418 10.861614227294922 5247
1784393388422 13.029373168945312 5248
1784393388425 10.145855903625488 5249
1784393388428 9.711066246032715 5250
1784393388431 11.692928314208984 5251
1784393388433 10.376204490661621 5252
1784393388436 11.329355239868164 5253
1784393388439 11.618335723876953 5254
1784393388442 12.930459022521973 5255
1784393388445 12.943936347961426 5256
1784393388448 11.954212188720703 5257
1784393388451 10.932870864868164 5258
1784393388454 11.22590160369873 5259
1784393388456 13.83639144897461 5260
1784393388458 11.001469612121582 5261
1784393388461 11.84761905670166 5262
1784393388465 10.95199203491211 5263
1784393388467 12.045520782470703 5264
1784393388471 11.42373275756836 5265
1784393388473 11.655793190002441 5266
1784393388477 10.519661903381348 5267
1784393388480 14.453981399536133 5268
1784393388484 12.69588851928711 5269
1784393388487 12.628445625305176 5270
1784393388491 11.459165573120117 5271
1784393388494 11.250091552734375 5272
1784393388497 10.110921859741211 5273
1784393388501 11.45969009399414 5274
1784393388503 9.311409950256348 5275
1784393388506 9.909322738647461 5276
1784393388510 9.808414459228516 5277
1784393388513 10.57642936706543 5278
1784393388520 11.810699462890625 5279
1784393388524 10.932219505310059 5280
1784393388528 9.376797676086426 5281
1784393388531 10.616646766662598 5282
1784393388535 9.710619926452637 5283
1784393388538 10.975311279296875 5284
1784393388541 11.005573272705078 5285
1784393388544 10.778149604797363 5286
1784393388547 11.39498233795166 5287
1784393388549 12.896980285644531 5288
1784393388552 11.672931671142578 5289
1784393388556 12.081507682800293 5290
1784393388559 12.912463188171387 5291
1784393388561 10.587206840515137 5292
1784393388564 11.33574390411377 5293
1784393388566 10.00682544708252 5294
1784393388570 10.073564529418945 5295
1784393388573 10.926610946655273 5296
1784393388576 11.388449668884277 5297
1784393388578 11.614402770996094 5298
1784393388581 11.29844856262207 5299
1784393388583 12.220151901245117 5300
1784393388586 11.053268432617188 5301
1784393388589 11.993048667907715 5302
1784393388592 11.669026374816895 5303
1784393388594 12.8932466506958 5304
1784393388596 11.217436790466309 5305
1784393388599 12.650163650512695 5306
1784393388603 9.457204818725586 5307
1784393388606 11.446932792663574 5308
1784393388609 12.240592956542969 5309
1784393388612 11.114643096923828 5310
1784393388614 11.353171348571777 5311
1784393388618 13.213556289672852 5312
1784393388620 11.443809509277344 5313
1784393388623 12.552562713623047 5314
1784393388625 13.61030387878418 5315
1784393388627 10.859514236450195 5316
1784393388629 14.322297096252441 5317
1784393388631 14.240618705749512 5318
1784393388633 12.827863693237305 5319
1784393388635 12.948748588562012 5320
1784393388637 13.633548736572266 5321
1784393388639 12.54849910736084 5322
1784393388641 12.622084617614746 5323
1784393388644 12.697700500488281 5324
1784393388647 11.62904167175293 5325
1784393388651 12.947161674499512 5326
1784393388654 12.936418533325195 5327
1784393388656 12.947408676147461 5328
1784393388659 11.289277076721191 5329
1784393388662 12.634105682373047 5330
1784393388665 13.3427734375 5331
1784393388668 12.389694213867188 5332
1784393388671 14.95877456665039 5333
1784393388674 11.82651138305664 5334
1784393388677 14.165928840637207 5335
1784393388680 14.962590217590332 5336
1784393388683 17.391277313232422 5337
1784393388685 14.567303657531738 5338
1784393388689 11.250127792358398 5339
1784393388692 15.33796501159668 5340
1784393388695 13.698654174804688 5341
1784393388698 11.784706115722656 5342
1784393388700 12.176185607910156 5343
1784393388703 13.664606094360352 5344
1784393388707 11.211654663085938 5345
1784393388709 12.585329055786133 5346
1784393388711 9.70519733428955 5347
1784393388714 11.361165046691895 5348
1784393388717 10.24898624420166 5349
1784393388719 11.529060363769531 5350
1784393388721 11.140032768249512 5351
1784393388724 11.323606491088867 5352
1784393388726 12.546982765197754 5353
1784393388728 12.992425918579102 5354
1784393388731 11.228785514831543 5355
1784393388733 12.69401741027832 5356
1784393388735 10.493179321289062 5357
1784393388737 13.957807540893555 5358
1784393388739 11.663067817687988 5359
1784393388742 12.697874069213867 5360
1784393388744 14.382213592529297 5361
1784393388747 13.284823417663574 5362
1784393388751 14.352396965026855 5363
1784393388754 15.68303108215332 5364
1784393388758 11.802677154541016 5365
1784393388761 11.629179954528809 5366
1784393388764 11.928030014038086 5367
1784393388768 10.474518775939941 5368
1784393388770 11.960126876831055 5369
1784393388773 12.26894760131836 5370
1784393388776 11.118752479553223 5371
1784393388779 12.519224166870117 5372
1784393388781 13.22058391571045 5373
1784393388782 12.953404426574707 5374
1784393388785 12.5989990234375 5375
1784393388787 15.214256286621094 5376
1784393388789 10.25625228881836 5377
1784393388791 11.129764556884766 5378
1784393388793 13.156353950500488 5379
1784393388795 9.931081771850586 5380
1784393388798 10.775712966918945 5381
1784393388800 12.232892990112305 5382
1784393388803 9.558356285095215 5383
1784393388806 8.972825050354004 5384
1784393388808 10.095947265625 5385
1784393388811 10.975165367126465 5386
1784393388814 8.528566360473633 5387
1784393388816 7.732072353363037 5388
1784393388819 10.020276069641113 5389
1784393388822 9.968035697937012 5390
1784393388825 8.778756141662598 5391
1784393388828 11.009258270263672 5392
1784393388831 9.142928123474121 5393
1784393388834 11.627206802368164 5394
1784393388836 11.64840030670166 5395
1784393388839 12.400463104248047 5396
1784393388842 13.962060928344727 5397
1784393388845 12.352957725524902 5398
1784393388848 12.015142440795898 5399
1784393388851 11.499523162841797 5400
1784393388854 13.675577163696289 5401
1784393388856 10.377047538757324 5402
1784393388859 10.810434341430664 5403
1784393388861 12.056678771972656 5404
1784393388864 9.672329902648926 5405
1784393388866 13.75827693939209 5406
1784393388868 11.19207763671875 5407
1784393388870 11.750866889953613 5408
1784393388872 13.433940887451172 5409
1784393388875 12.852323532104492 5410
1784393388877 11.93059253692627 5411
1784393388879 12.964371681213379 5412
1784393388882 14.310724258422852 5413
1784393388884 12.0938720703125 5414
1784393388887 12.640227317810059 5415
1784393388890 11.22932243347168 5416
1784393388893 10.89821720123291 5417
1784393388896 10.477645874023438 5418
1784393388899 10.449457168579102 5419
1784393388902 9.591731071472168 5420
1784393388905 9.638782501220703 5421
1784393388908 7.521547317504883 5422
1784393388911 11.156747817993164 5423
1784393388914 8.776183128356934 5424
1784393388916 10.021583557128906 5425
1784393388919 10.41585922241211 5426
1784393388921 8.982036590576172 5427
1784393388923 12.241484642028809 5428
1784393388925 10.243280410766602 5429
1784393388927 13.564671516418457 5430
1784393388929 10.252376556396484 5431
1784393388931 9.508081436157227 5432
1784393388933 10.863898277282715 5433
1784393388935 9.635438919067383 5434
1784393388937 9.941824913024902 5435
1784393388940 11.422599792480469 5436
1784393388942 8.818318367004395 5437
1784393388945 12.221384048461914 5438
1784393388949 10.617331504821777 5439
1784393388952 11.020669937133789 5440
1784393388956 13.48065185546875 5441
1784393388959 13.697169303894043 5442
1784393388962 13.935761451721191 5443
1784393388965 12.181220054626465 5444
1784393388968 14.390315055847168 5445
1784393388970 12.374610900878906 5446
1784393388973 11.223715782165527 5447
1784393388975 14.339601516723633 5448
1784393388977 11.539302825927734 5449
1784393388979 13.261758804321289 5450
1784393388981 11.815265655517578 5451
1784393388983 12.52395248413086 5452
1784393388986 13.518410682678223 5453
1784393388988 12.992115020751953 5454
1784393388990 11.909856796264648 5455
1784393388994 11.53105354309082 5456
1784393388997 13.723981857299805 5457
1784393389001 13.023723602294922 5458
1784393389004 10.97072696685791 5459
1784393389007 14.253689765930176 5460
1784393389010 15.924022674560547 5461
1784393389013 16.17013168334961 5462
1784393389016 9.314249038696289 5463
1784393389019 14.314416885375977 5464
1784393389021 12.904847145080566 5465
1784393389024 10.051579475402832 5466
1784393389027 12.313070297241211 5467
1784393389030 9.866662979125977 5468
1784393389033 10.052291870117188 5469
1784393389035 11.701601028442383 5470
1784393389038 9.270132064819336 5471
1784393389041 12.276313781738281 5472
1784393389043 11.17989730834961 5473
1784393389046 10.524665832519531 5474
1784393389048 12.062673568725586 5475
1784393389051 10.089972496032715 5476
1784393389053 12.418965339660645 5477
1784393389056 9.62608528137207 5478
1784393389058 11.924213409423828 5479
1784393389061 10.20033073425293 5480
1784393389063 8.880431175231934 5481
1784393389066 8.931609153747559 5482
1784393389069 8.239334106445312 5483
1784393389072 10.473664283752441 5484
1784393389076 8.304954528808594 5485
1784393389079 8.856319427490234 5486
1784393389082 8.943449974060059 5487
1784393389084 9.741267204284668 5488
1784393389086 11.065160751342773 5489
1784393389089 10.309263229370117 5490
1784393389090 11.38217544555664 5491
1784393389092 11.565967559814453 5492
1784393389094 9.757734298706055 5493
1784393389096 11.443026542663574 5494
1784393389098 12.818771362304688 5495
1784393389100 9.646123886108398 5496
1784393389103 14.966656684875488 5497
1784393389106 11.421819686889648 5498
1784393389109 12.459548950195312 5499
1784393389112 10.827924728393555 5500
1784393389114 10.701852798461914 5501
1784393389117 10.78071403503418 5502
1784393389120 10.256634712219238 5503
1784393389123 11.770731925964355 5504
1784393389126 10.811075210571289 5505
1784393389129 10.586091041564941 5506
1784393389131 13.094925880432129 5507
1784393389134 8.099501609802246 5508
1784393389136 11.66808795928955 5509
1784393389139 10.338946342468262 5510
1784393389141 6.571967601776123 5511
1784393389143 10.29165267944336 5512
1784393389145 10.850640296936035 5513
1784393389148 10.498682022094727 5514
1784393389150 9.980798721313477 5515
1784393389152 12.234879493713379 5516
1784393389155 9.869098663330078 5517
1784393389158 10.286937713623047 5518
1784393389161 14.2762451171875 5519
1784393389164 9.029647827148438 5520
1784393389166 11.624689102172852 5521
1784393389169 11.48197078704834 5522
1784393389171 11.275245666503906 5523
1784393389174 11.852927207946777 5524
1784393389178 11.737883567810059 5525
1784393389182 9.168909072875977 5526
1784393389185 9.053460121154785 5527
1784393389188 8.259831428527832 5528
1784393389191 10.47683334350586 5529
1784393389193 7.7782979011535645 5530
1784393389196 9.822190284729004 5531
1784393389199 9.149145126342773 5532
1784393389202 9.46221923828125 5533
1784393389205 11.696533203125 5534
1784393389207 8.841361999511719 5535
1784393389210 10.162740707397461 5536
1784393389213 12.253357887268066 5537
1784393389215 8.90646743774414 5538
1784393389217 13.00228500366211 5539
1784393389219 11.98985481262207 5540
1784393389221 7.6717305183410645 5541
1784393389223 11.266697883605957 5542
1784393389225 6.956875801086426 5543
1784393389227 10.197991371154785 5544
1784393389229 10.336213111877441 5545
1784393389231 9.378958702087402 5546
1784393389234 9.907974243164062 5547
1784393389237 9.546741485595703 5548
1784393389239 9.562427520751953 5549
1784393389242 9.333755493164062 5550
1784393389245 10.263887405395508 5551
1784393389248 8.439931869506836 5552
1784393389250 10.013493537902832 5553
1784393389253 8.947901725769043 5554
1784393389256 10.394491195678711 5555
1784393389258 11.576665878295898 5556
1784393389261 8.972558975219727 5557
1784393389264 12.806782722473145 5558
1784393389267 10.59817886352539 5559
1784393389270 8.755897521972656 5560
1784393389273 11.105545043945312 5561
1784393389275 12.659092903137207 5562
1784393389278 10.431313514709473 5563
1784393389281 10.832202911376953 5564
1784393389283 14.272199630737305 5565
1784393389286 8.520355224609375 5566
1784393389288 11.58637523651123 5567
1784393389291 14.27816104888916 5568
1784393389293 12.202155113220215 5569
1784393389296 14.016674995422363 5570
1784393389299 15.15733528137207 5571
1784393389301 14.521671295166016 5572
1784393389304 16.236631393432617 5573
1784393389307 13.591826438903809 5574
1784393389310 13.58976936340332 5575
1784393389313 17.17955207824707 5576
1784393389315 11.271448135375977 5577
1784393389318 15.03577995300293 5578
1784393389321 14.220486640930176 5579
1784393389324 13.13414192199707 5580
1784393389327 12.063199996948242 5581
1784393389330 14.001626968383789 5582
1784393389333 12.630446434020996 5583
1784393389336 10.303689956665039 5584
1784393389338 13.088231086730957 5585
1784393389340 10.42250919342041 5586
1784393389343 11.584465980529785 5587
1784393389347 10.404923439025879 5588
1784393389351 10.964415550231934 5589
1784393389355 9.696085929870605 5590
1784393389358 9.725522994995117 5591
1784393389362 10.068923950195312 5592
1784393389364 10.393936157226562 5593
1784393389367 10.294127464294434 5594
1784393389370 12.513604164123535 5595
1784393389373 10.395343780517578 5596
1784393389375 13.022171974182129 5597
1784393389378 10.87271785736084 5598
1784393389380 10.595681190490723 5599
1784393389383 10.633036613464355 5600
1784393389386 9.704421043395996 5601
1784393389388 11.328439712524414 5602
1784393389391 14.581656455993652 5603
1784393389394 11.895893096923828 5604
1784393389396 10.994271278381348 5605
1784393389399 12.316061973571777 5606
1784393389402 10.590219497680664 5607
1784393389405 10.81004524230957 5608
1784393389407 9.431029319763184 5609
1784393389410 12.265410423278809 5610
1784393389412 10.878341674804688 5611
1784393389414 9.341605186462402 5612
1784393389417 11.52951717376709 5613
1784393389419 14.360522270202637 5614
1784393389421 9.668682098388672 5615
1784393389423 14.918817520141602 5616
1784393389425 15.214639663696289 5617
1784393389427 11.90983772277832 5618
1784393389430 15.185673713684082 5619
1784393389432 12.703038215637207 5620
1784393389435 16.721759796142578 5621
1784393389437 12.230342864990234 5622
1784393389440 17.92057991027832 5623
1784393389443 16.843460083007812 5624
